Modo,Hora_inicio,Origen,Destino,Ponderador,Origen_ageb,Destino_ageb,Periodo
Vehículo Privado,4,140440011,1404400010100,27,1031,1005,AP
Vehículo Privado,4,140440011,140970005034A,27,1031,5036,AP
Vehículo Privado,4,141011963,999990005,18,7230,10004,AP
Vehículo Privado,4,141011963,1410100010950,144,7230,7053,AP
Vehículo Privado,4,141240029,141240029,9,9042,9042,AP
Vehículo Privado,4,999990004,1412000010369,137,10001,8008,AP
Vehículo Privado,4,999990004,141200758080A,59,10001,8539,AP
Vehículo Privado,4,999990005,140440002012A,7,10004,1015,AP
Vehículo Privado,4,1403900010026,1412000013325,178,1,8173,AP
Vehículo Privado,4,1403900010204,1403900010223,226,11,12,AP
Vehículo Privado,4,1403900010346,99999000A,202,21,10002,AP
Vehículo Privado,4,1403900010825,1403900011397,3,63,115,AP
Vehículo Privado,4,1403900011109,141200001116A,88,89,8033,AP
Vehículo Privado,4,1403900011132,1412000012755,192,92,8124,AP
Vehículo Privado,4,1403900011170,1403900010774,111,96,58,AP
Vehículo Privado,4,1403900011359,1403900010115,202,111,6,AP
Vehículo Privado,4,1403900011359,1412000013077,137,111,8152,AP
Vehículo Privado,4,1403900011359,1412000015158,48,111,8297,AP
Vehículo Privado,4,1403900011359,1412002434713,13,111,8517,AP
Vehículo Privado,4,1403900011560,99999000A,75,128,10002,AP
Vehículo Privado,4,1403900011594,1412000013166,100,131,8160,AP
Vehículo Privado,4,1403900011683,140390001051A,498,139,36,AP
Vehículo Privado,4,1403900012357,1403900015366,119,195,412,AP
Vehículo Privado,4,1403900012554,1409800012131,91,209,6111,AP
Vehículo Privado,4,1403900012677,1403900012677,104,219,219,AP
Vehículo Privado,4,1403900012709,999990001,119,222,10006,AP
Vehículo Privado,4,1403900012709,1403900015366,119,222,412,AP
Vehículo Privado,4,1403900012713,1403900015366,96,223,412,AP
Vehículo Privado,4,1403900012785,141200001066A,100,225,8018,AP
Vehículo Privado,4,1403900013336,1403900015366,238,238,412,AP
Vehículo Privado,4,1403900013919,1403900011715,246,278,142,AP
Vehículo Privado,4,1403900014014,1403900015366,227,288,412,AP
Vehículo Privado,4,1403900014118,1412000014198,202,298,8228,AP
Vehículo Privado,4,1403900014616,1403900013374,227,342,240,AP
Vehículo Privado,4,1403900014870,1412000011009,202,364,8029,AP
Vehículo Privado,4,1403900014870,141200001326A,202,364,8167,AP
Vehículo Privado,4,1403900015366,1403900012501,119,412,204,AP
Vehículo Privado,4,1403900015366,1412000015158,48,412,8297,AP
Vehículo Privado,4,1403900015652,1409800011097,178,440,6040,AP
Vehículo Privado,4,1404400010100,99999000A,10,1005,10002,AP
Vehículo Privado,4,1405100020181,141240090,3,2015,9047,AP
Vehículo Privado,4,1405100020196,999990001,126,2016,10006,AP
Vehículo Privado,4,1405100020209,999990004,21,2017,10001,AP
Vehículo Privado,4,1407000010134,1410100010433,118,3007,7011,AP
Vehículo Privado,4,1407000011503,1403900015366,59,3026,412,AP
Vehículo Privado,4,1407000130435,1403900015366,126,3036,412,AP
Vehículo Privado,4,1407000131486,1407000131486,96,3043,3043,AP
Vehículo Privado,4,1407000210755,1403900015366,15,3084,412,AP
Vehículo Privado,4,1407000211005,1407001111378,15,3087,3125,AP
Vehículo Privado,4,1407000211151,1403900011448,63,3093,120,AP
Vehículo Privado,4,1407001211518,1403900015366,23,3127,412,AP
Vehículo Privado,4,1409700010918,1409700010922,15,5009,5010,AP
Vehículo Privado,4,1409700010922,1409708311653,96,5010,5297,AP
Vehículo Privado,4,1409700010922,1409800012714,91,5010,6157,AP
Vehículo Privado,4,1409700053151,14097059A,19,5044,5241,AP
Vehículo Privado,4,1409700053151,99999000A,19,5044,10002,AP
Vehículo Privado,4,1409700092810,99999000A,57,5051,10002,AP
Vehículo Privado,4,1409700250354,1403900010685,51,5087,50,AP
Vehículo Privado,4,1409700251418,1403900015366,102,5109,412,AP
Vehículo Privado,4,1409700252543,1409708362806,51,5120,5329,AP
Vehículo Privado,4,1409700321189,140970032027A,104,5149,5138,AP
Vehículo Privado,4,1409700340250,1409700432613,19,5156,5204,AP
Vehículo Privado,4,1409700432628,140970104,19,5205,5209,AP
Vehículo Privado,4,1409700463861,1403900011359,94,5206,111,AP
Vehículo Privado,4,1409704240443,1409704241761,38,5228,5232,AP
Vehículo Privado,4,1409704240975,1403900015366,76,5230,412,AP
Vehículo Privado,4,1409704241761,1403900014565,38,5232,337,AP
Vehículo Privado,4,1409704241761,1409800011928,38,5232,6099,AP
Vehículo Privado,4,1409708221530,140970023276A,242,5252,5084,AP
Vehículo Privado,4,1409708221973,1409708221973,242,5269,5269,AP
Vehículo Privado,4,1409708374200,141012552,242,5332,7231,AP
Vehículo Privado,4,1409708524179,1403900015366,54,5353,412,AP
Vehículo Privado,4,1409708614075,1409800012856,242,5361,6171,AP
Vehículo Privado,4,1409708823984,1403900015366,242,5377,412,AP
Vehículo Privado,4,1409800010347,1403900011448,178,6012,120,AP
Vehículo Privado,4,1409800010525,1403900013529,227,6018,245,AP
Vehículo Privado,4,1409800011203,1403900013529,454,6047,245,AP
Vehículo Privado,4,1409800011260,1412000017328,91,6053,8432,AP
Vehículo Privado,4,1409800012381,1409700201013,51,6129,5079,AP
Vehículo Privado,4,1409800012432,999990001,454,6132,10006,AP
Vehículo Privado,4,1409800012767,1403900015366,46,6162,412,AP
Vehículo Privado,4,1409800012837,1403900014654,23,6169,346,AP
Vehículo Privado,4,1409800012841,1403900015366,23,6170,412,AP
Vehículo Privado,4,1409800012930,999990001,23,6177,10006,AP
Vehículo Privado,4,1409800013055,999990001,41,6185,10006,AP
Vehículo Privado,4,1409800142019,140390001539A,104,6220,415,AP
Vehículo Privado,4,1409800142127,1403900015366,104,6223,412,AP
Vehículo Privado,4,1410100010397,1403900011467,327,7009,122,AP
Vehículo Privado,4,1410100010433,1409800010879,178,7011,6028,AP
Vehículo Privado,4,1410100010471,999990004,41,7014,10001,AP
Vehículo Privado,4,1410100010490,1403900015366,234,7016,412,AP
Vehículo Privado,4,1410100010537,1403900011113,18,7020,90,AP
Vehículo Privado,4,1410100010537,1410100010927,18,7020,7050,AP
Vehículo Privado,4,1410100010927,140700111133A,59,7050,3121,AP
Vehículo Privado,4,1410100010999,999990004,144,7057,10001,AP
Vehículo Privado,4,1410100011268,1410100011643,18,7078,7109,AP
Vehículo Privado,4,1410100011427,1403900011359,144,7092,111,AP
Vehículo Privado,4,1410100011592,1410100011573,41,7104,7102,AP
Vehículo Privado,4,1410100092105,1412000011297,109,7168,8041,AP
Vehículo Privado,4,1410100092105,14097059A,109,7168,5241,AP
Vehículo Privado,4,1410100260683,1410100011164,144,7197,7072,AP
Vehículo Privado,4,1410100272340,1403900015366,23,7208,412,AP
Vehículo Privado,4,1410100272340,1409800010879,23,7208,6028,AP
Vehículo Privado,4,1410101902374,1403900015366,46,7224,412,AP
Vehículo Privado,4,1412000010246,1412000011009,178,8004,8029,AP
Vehículo Privado,4,1412000010265,1412000011009,178,8005,8029,AP
Vehículo Privado,4,1412000010405,1412000013984,88,8011,8217,AP
Vehículo Privado,4,1412000010636,1409708234041,94,8015,5292,AP
Vehículo Privado,4,1412000010710,1409704240975,38,8021,5230,AP
Vehículo Privado,4,1412000011193,999990006,176,8035,10005,AP
Vehículo Privado,4,1412000011193,99999000A,88,8035,10002,AP
Vehículo Privado,4,1412000011206,1403900011471,19,8036,123,AP
Vehículo Privado,4,1412000011206,1412000011206,19,8036,8036,AP
Vehículo Privado,4,1412000011225,1412000014732,100,8038,8276,AP
Vehículo Privado,4,1412000011846,1412000012825,96,8058,8130,AP
Vehículo Privado,4,1412000012312,1403900011359,49,8084,111,AP
Vehículo Privado,4,1412000012327,1403900015366,49,8085,412,AP
Vehículo Privado,4,1412000012469,1403900015366,38,8099,412,AP
Vehículo Privado,4,1412000012473,999990001,29,8100,10006,AP
Vehículo Privado,4,1412000012628,999990001,1958,8113,10006,AP
Vehículo Privado,4,1412000013039,1410100092105,218,8148,7168,AP
Vehículo Privado,4,1412000013185,1412000010405,178,8162,8011,AP
Vehículo Privado,4,1412000013382,1412000015285,110,8175,8307,AP
Vehículo Privado,4,1412000013698,1412000013698,3,8200,8200,AP
Vehículo Privado,4,1412000013984,1412000010405,176,8217,8011,AP
Vehículo Privado,4,1412000014338,1403900013603,48,8242,252,AP
Vehículo Privado,4,1412000014501,1403900015366,38,8259,412,AP
Vehículo Privado,4,1412000014605,1412400010211,35,8269,9007,AP
Vehículo Privado,4,1412000014677,1403900015366,49,8274,412,AP
Vehículo Privado,4,1412000014836,1412000010227,178,8281,8002,AP
Vehículo Privado,4,1412000014836,1412000016300,45,8281,8360,AP
Vehículo Privado,4,1412000015336,1403900015366,49,8311,412,AP
Vehículo Privado,4,1412000016565,1403900015366,87,8373,412,AP
Vehículo Privado,4,1412000016724,1403900015366,31,8384,412,AP
Vehículo Privado,4,1412000016777,1412002434713,13,8389,8517,AP
Vehículo Privado,4,1412000017046,1412000013791,48,8409,8208,AP
Vehículo Privado,4,1412000017309,1412000013556,49,8430,8187,AP
Vehículo Privado,4,1412001395980,1412000013274,13,8457,8168,AP
Vehículo Privado,4,1412001395980,1412002314164,24,8457,8477,AP
Vehículo Privado,4,1412002065054,141200123,3,8462,8455,AP
Vehículo Privado,4,1412002314145,1412000011009,24,8475,8029,AP
Vehículo Privado,4,1412002314164,999990002,24,8477,10007,AP
Vehículo Privado,4,1412007580566,1412000016550,59,8534,8372,AP
Vehículo Privado,4,1412400010175,1412401760160,3,9005,9051,AP
Vehículo Privado,4,1412401760160,141240090,3,9051,9047,AP
Vehículo Privado,4,1412401760160,1403900011397,3,9051,115,AP
Vehículo Privado,4,1412401760160,1412401760160,3,9051,9051,AP
Vehículo Privado,4,1412401760160,140390001101A,3,9051,81,AP
Vehículo Privado,4,140390001005A,1403900010312,75,3,19,AP
Vehículo Privado,4,140390001418A,140390001418A,249,304,304,AP
Vehículo Privado,4,140440002012A,999990005,7,1015,10004,AP
Vehículo Privado,4,140440002012A,1403900015366,7,1015,412,AP
Vehículo Privado,4,140440002012A,14097059A,7,1015,5241,AP
Vehículo Privado,4,140510001004A,999990005,2,2001,10004,AP
Vehículo Privado,4,140510001004A,999990006,2,2001,10005,AP
Vehículo Privado,4,140700111133A,99999000A,59,3121,10002,AP
Vehículo Privado,4,14070140A,1409800011970,163,3131,6102,AP
Vehículo Privado,4,14070140A,1412000012488,29,3131,8101,AP
Vehículo Privado,4,140970005034A,1409700053518,19,5036,5048,AP
Vehículo Privado,4,140970009283A,99999000A,57,5053,10002,AP
Vehículo Privado,4,140970424098A,1412000011225,38,5231,8038,AP
Vehículo Privado,4,140980001053A,1403900011448,96,6019,120,AP
Vehículo Privado,4,140980001053A,1409800011203,227,6019,6047,AP
Vehículo Privado,4,140980001053A,1412000011193,13,6019,8035,AP
Vehículo Privado,4,141200001116A,99999000A,176,8033,10002,AP
Vehículo Privado,4,141200206504A,1403900015366,3,8461,412,AP
Vehículo Privado,4,141240001018A,1403900015366,35,9006,412,AP
Vehículo Privado,4,99999000A,1409708221530,242,10002,5252,AP
Vehículo Privado,4,99999000A,1409800012786,178,10002,6164,AP
Vehículo Privado,4,1407000210736,1412000012505,15,3082,8103,AP
Vehículo Privado,4,1409705601032,1403900015366,104,5236,412,AP
Vehículo Privado,4,1409705603467,1403900015366,104,5239,412,AP
Vehículo Privado,4,140440011,1412000013185,27,1031,8162,AP
Vehículo Privado,4,140972416,1409704240443,30,5387,5228,AP
Vehículo Privado,4,140980243,1409800011398,30,6237,6061,AP
Vehículo Privado,4,1403900012304,1412000016758,246,192,8387,AP
Vehículo Privado,4,1403900013482,1412000016758,226,242,8387,AP
Vehículo Privado,4,1403900013726,1403900015366,48,262,412,AP
Vehículo Privado,4,1403900013891,999990003,452,276,10003,AP
Vehículo Privado,4,1403900014870,1412000012613,202,364,8112,AP
Vehículo Privado,4,1403900015277,141010027236A,249,403,7210,AP
Vehículo Privado,4,1404400100238,1404400010098,27,1028,1004,AP
Vehículo Privado,4,1404400100238,14097059A,27,1028,5241,AP
Vehículo Privado,4,1404400100238,99999000A,27,1028,10002,AP
Vehículo Privado,4,1404401700399,14097059A,54,1039,5241,AP
Vehículo Privado,4,1405100020196,999990005,21,2016,10004,AP
Vehículo Privado,4,1407000010045,140700021101A,59,3002,3088,AP
Vehículo Privado,4,1409700053518,1403900012605,19,5048,214,AP
Vehículo Privado,4,1409700053518,1409704241761,19,5048,5232,AP
Vehículo Privado,4,1409700053518,99999000A,19,5048,10002,AP
Vehículo Privado,4,1409708221935,1407000010045,484,5265,3002,AP
Vehículo Privado,4,1409708333753,1412000010405,242,5321,8011,AP
Vehículo Privado,4,1409708374200,1412000016758,242,5332,8387,AP
Vehículo Privado,4,1409708614075,1409700012115,242,5361,5023,AP
Vehículo Privado,4,1409708623414,1412000010636,94,5366,8015,AP
Vehículo Privado,4,1410100092143,1412002434709,109,7172,8516,AP
Vehículo Privado,4,1410100092410,1409800010718,109,7187,6023,AP
Vehículo Privado,4,1410100261709,14070140A,23,7203,3131,AP
Vehículo Privado,4,1412000011206,999990006,19,8036,10005,AP
Vehículo Privado,4,1412000012280,999990006,137,8081,10005,AP
Vehículo Privado,4,1412000012774,1403900013088,96,8125,232,AP
Vehículo Privado,4,1412000013397,1409700010212,178,8176,5003,AP
Vehículo Privado,4,1412002315779,1412000011846,24,8487,8058,AP
Vehículo Privado,4,1412007580566,1412000011846,59,8534,8058,AP
Vehículo Privado,4,1412401760160,999990004,3,9051,10001,AP
Vehículo Privado,4,140440002012A,1409700010918,7,1015,5009,AP
Vehículo Privado,4,140700014044A,99999000A,63,3049,10002,AP
Vehículo Privado,4,140700014083A,140970104,63,3060,5209,AP
Vehículo Privado,4,140700043090A,1412000016758,63,3107,8387,AP
Vehículo Privado,4,1403900012130,140980001270A,91,178,6156,AP
Vehículo Privado,4,1407000130350,1403900015366,96,3031,412,AP
Vehículo Privado,4,1409800012837,1409800012752,23,6169,6161,AP
Vehículo Privado,4,1410100011427,999990001,144,7092,10006,AP
Vehículo Privado,4,1412000011193,1412000012914,88,8035,8137,AP
Vehículo Privado,4,1412000012435,1403900011325,274,8096,108,AP
Vehículo Privado,4,1412000016565,99999000A,29,8373,10002,AP
Vehículo Privado,4,140970009283A,99999000A,57,5053,10002,AP
Vehículo Privado,4,140980001135A,140980001135A,227,6057,6057,AP
Vehículo Privado,5,140440011,140440011,81,1031,1031,AP
Vehículo Privado,5,140440011,999990005,37,1031,10004,AP
Vehículo Privado,5,140440011,999990006,60,1031,10005,AP
Vehículo Privado,5,140440011,1403900014724,27,1031,351,AP
Vehículo Privado,5,140440011,1404400020134,7,1031,1016,AP
Vehículo Privado,5,140440011,1407000140558,10,1031,3055,AP
Vehículo Privado,5,140440011,140440002012A,27,1031,1015,AP
Vehículo Privado,5,140440011,14097059A,27,1031,5241,AP
Vehículo Privado,5,140440011,99999000A,47,1031,10002,AP
Vehículo Privado,5,140440026,140440026,10,1032,1032,AP
Vehículo Privado,5,140440026,1409800012273,10,1032,6123,AP
Vehículo Privado,5,140701467,1407000010115,23,3133,3005,AP
Vehículo Privado,5,140701467,1410100011605,23,3133,7105,AP
Vehículo Privado,5,140701467,1412400010175,23,3133,9005,AP
Vehículo Privado,5,140970015,1409800012381,19,5060,6129,AP
Vehículo Privado,5,140970104,140970104,38,5209,5209,AP
Vehículo Privado,5,140970104,999990001,19,5209,10006,AP
Vehículo Privado,5,140970104,1412000013293,38,5209,8170,AP
Vehículo Privado,5,140970123,999990005,10,5222,10004,AP
Vehículo Privado,5,140970123,1409700010212,10,5222,5003,AP
Vehículo Privado,5,140970123,1409700012115,30,5222,5023,AP
Vehículo Privado,5,140970123,14097059A,10,5222,5241,AP
Vehículo Privado,5,140970602,1403900012145,104,5242,179,AP
Vehículo Privado,5,140972416,1409700010212,15,5387,5003,AP
Vehículo Privado,5,140972416,1409700010532,15,5387,5006,AP
Vehículo Privado,5,140972416,1409700012115,15,5387,5023,AP
Vehículo Privado,5,140972416,1409700152064,15,5387,5074,AP
Vehículo Privado,5,140972416,1412000010636,282,5387,8015,AP
Vehículo Privado,5,140980012,1403900015366,23,6216,412,AP
Vehículo Privado,5,140980012,1409704240443,38,6216,5228,AP
Vehículo Privado,5,140980243,1407000140276,15,6237,3046,AP
Vehículo Privado,5,140980243,140700021101A,15,6237,3088,AP
Vehículo Privado,5,140980243,140980001007A,15,6237,6004,AP
Vehículo Privado,5,140980243,99999000A,15,6237,10002,AP
Vehículo Privado,5,141012552,141012552,41,7231,7231,AP
Vehículo Privado,5,141200068,1412000016743,59,8451,8386,AP
Vehículo Privado,5,141200123,999990001,3,8455,10006,AP
Vehículo Privado,5,141200123,1412000010617,3,8455,8014,AP
Vehículo Privado,5,141200123,1412000012609,132,8455,8111,AP
Vehículo Privado,5,141200142,141200142,26,8459,8459,AP
Vehículo Privado,5,141200142,141205567,26,8459,8546,AP
Vehículo Privado,5,141200142,1403900015366,13,8459,412,AP
Vehículo Privado,5,141200142,1412000016743,13,8459,8386,AP
Vehículo Privado,5,141200142,1412002315887,13,8459,8489,AP
Vehículo Privado,5,141200142,99999000A,13,8459,10002,AP
Vehículo Privado,5,141200157,999990006,19,8460,10005,AP
Vehículo Privado,5,141240014,141240029,3,9041,9042,AP
Vehículo Privado,5,141240029,141240029,21,9042,9042,AP
Vehículo Privado,5,141240029,1403900011359,3,9042,111,AP
Vehículo Privado,5,141240029,1403900015366,3,9042,412,AP
Vehículo Privado,5,141240029,141240001018A,3,9042,9006,AP
Vehículo Privado,5,141240033,140701467,3,9043,3133,AP
Vehículo Privado,5,141240033,141240033,9,9043,9043,AP
Vehículo Privado,5,141240033,1412400010495,6,9043,9031,AP
Vehículo Privado,5,141240071,141240090,35,9045,9047,AP
Vehículo Privado,5,141240090,141240090,3,9047,9047,AP
Vehículo Privado,5,141240090,141240103,3,9047,9050,AP
Vehículo Privado,5,141240090,1404400020115,3,9047,1014,AP
Vehículo Privado,5,141240090,1409800010879,3,9047,6028,AP
Vehículo Privado,5,141240090,1409800010991,3,9047,6033,AP
Vehículo Privado,5,141240090,1412400010175,21,9047,9005,AP
Vehículo Privado,5,999990004,999990004,6,10001,10001,AP
Vehículo Privado,5,999990006,1412000011189,200,10005,8034,AP
Vehículo Privado,5,999990006,140510001004A,2,10005,2001,AP
Vehículo Privado,5,1403900010030,141200001066A,75,2,8018,AP
Vehículo Privado,5,1403900010276,141200001066A,226,15,8018,AP
Vehículo Privado,5,1403900010312,1412000010918,137,19,8024,AP
Vehículo Privado,5,1403900010399,1412000012628,202,26,8113,AP
Vehículo Privado,5,1403900010399,1412000014198,202,26,8228,AP
Vehículo Privado,5,1403900010435,1412000012914,444,29,8137,AP
Vehículo Privado,5,1403900010736,1409800011928,202,55,6099,AP
Vehículo Privado,5,1403900010774,1403900011170,111,58,96,AP
Vehículo Privado,5,1403900010825,1412000010405,249,63,8011,AP
Vehículo Privado,5,1403900011043,1409708432647,188,84,5334,AP
Vehículo Privado,5,1403900011109,141200001116A,88,89,8033,AP
Vehículo Privado,5,1403900011113,1403900011170,404,90,96,AP
Vehículo Privado,5,1403900011147,1412000010373,137,93,8009,AP
Vehículo Privado,5,1403900011166,1403900011325,111,95,108,AP
Vehículo Privado,5,1403900011170,1403900011096,111,96,88,AP
Vehículo Privado,5,1403900011217,1403900015366,249,100,412,AP
Vehículo Privado,5,1403900011359,1412000011225,100,111,8038,AP
Vehículo Privado,5,1403900011363,1409800011631,91,112,6075,AP
Vehículo Privado,5,1403900011429,1412000015266,249,118,8305,AP
Vehículo Privado,5,1403900011537,1403900011448,234,126,120,AP
Vehículo Privado,5,1403900011556,1412002314164,24,127,8477,AP
Vehículo Privado,5,1403900011560,1412000012365,75,128,8089,AP
Vehículo Privado,5,1403900011645,1409800010879,111,135,6028,AP
Vehículo Privado,5,1403900011753,1410100011554,23,145,7100,AP
Vehículo Privado,5,1403900011999,1409800012485,246,168,6137,AP
Vehículo Privado,5,1403900011999,99999000A,246,168,10002,AP
Vehículo Privado,5,1403900012268,1403900011359,246,188,111,AP
Vehículo Privado,5,1403900012268,1409800011078,246,188,6038,AP
Vehículo Privado,5,1403900012357,1403900015366,238,195,412,AP
Vehículo Privado,5,1403900012376,1403900011359,119,197,111,AP
Vehículo Privado,5,1403900012376,1403900012427,119,197,201,AP
Vehículo Privado,5,1403900012376,140390001457A,119,197,338,AP
Vehículo Privado,5,1403900012446,1403900012802,96,203,227,AP
Vehículo Privado,5,1403900012446,1403900015440,48,203,420,AP
Vehículo Privado,5,1403900012569,1403900015671,234,210,442,AP
Vehículo Privado,5,1403900012592,1403900012179,48,213,182,AP
Vehículo Privado,5,1403900012592,1403900013726,48,213,262,AP
Vehículo Privado,5,1403900012624,14097059A,246,216,5241,AP
Vehículo Privado,5,1403900013088,1403900013088,226,232,232,AP
Vehículo Privado,5,1403900013336,1403900015366,119,238,412,AP
Vehículo Privado,5,1403900013618,1403900014546,226,253,335,AP
Vehículo Privado,5,1403900013694,1403900015366,48,259,412,AP
Vehículo Privado,5,1403900013711,1403900015366,48,261,412,AP
Vehículo Privado,5,1403900013798,1412002313842,226,267,8471,AP
Vehículo Privado,5,1403900013942,1403900013586,226,281,250,AP
Vehículo Privado,5,1403900013961,1412000014431,119,283,8252,AP
Vehículo Privado,5,1403900013976,1412002434713,13,284,8517,AP
Vehículo Privado,5,1403900014033,140440002012A,7,290,1015,AP
Vehículo Privado,5,1403900014048,1403900013976,227,291,284,AP
Vehículo Privado,5,1403900014052,1403900015366,238,292,412,AP
Vehículo Privado,5,1403900014245,1407000010045,498,310,3002,AP
Vehículo Privado,5,1403900014353,1403900014885,246,318,365,AP
Vehículo Privado,5,1403900014353,1403900015366,492,318,412,AP
Vehículo Privado,5,1403900014423,1409800012381,226,323,6129,AP
Vehículo Privado,5,1403900014527,1403900014480,234,333,329,AP
Vehículo Privado,5,1403900014654,141010001097A,163,346,7055,AP
Vehículo Privado,5,1403900014762,1403900011359,75,353,111,AP
Vehículo Privado,5,1403900014777,1412000010392,75,354,8010,AP
Vehículo Privado,5,1403900014777,1412000012609,75,354,8111,AP
Vehículo Privado,5,1403900015366,1407000210967,15,412,3086,AP
Vehículo Privado,5,1403900015366,1412000012295,98,412,8082,AP
Vehículo Privado,5,1403900015436,999990005,163,419,10004,AP
Vehículo Privado,5,1403900015578,1412000012242,163,432,8077,AP
Vehículo Privado,5,1403900015597,1403900011170,226,434,96,AP
Vehículo Privado,5,1404400010098,140440011,10,1004,1031,AP
Vehículo Privado,5,1404400010098,1404400010100,10,1004,1005,AP
Vehículo Privado,5,1404400010100,140440011,20,1005,1031,AP
Vehículo Privado,5,1404400010100,140440026,20,1005,1032,AP
Vehículo Privado,5,1404400010100,999990005,10,1005,10004,AP
Vehículo Privado,5,1404400010100,14097059A,20,1005,5241,AP
Vehículo Privado,5,1404400010280,1403900013529,10,1006,245,AP
Vehículo Privado,5,1404400020115,140440011,7,1014,1031,AP
Vehículo Privado,5,1404400020115,999990005,7,1014,10004,AP
Vehículo Privado,5,1404400020115,1404400010100,7,1014,1005,AP
Vehículo Privado,5,1404400020115,1407000010045,7,1014,3002,AP
Vehículo Privado,5,1404400020115,1407000140276,7,1014,3046,AP
Vehículo Privado,5,1404400020115,140440002012A,7,1014,1015,AP
Vehículo Privado,5,1404400020115,140700001012A,7,1014,3006,AP
Vehículo Privado,5,1404400020115,14097059A,7,1014,5241,AP
Vehículo Privado,5,1404400020134,140440026,7,1016,1032,AP
Vehículo Privado,5,1404400020134,1404400010098,14,1016,1004,AP
Vehículo Privado,5,1404400020134,1404400010100,7,1016,1005,AP
Vehículo Privado,5,1404400020134,14097059A,7,1016,5241,AP
Vehículo Privado,5,1404400020153,999990004,7,1018,10001,AP
Vehículo Privado,5,1404400100238,1403900011359,27,1028,111,AP
Vehículo Privado,5,1404400100242,99999000A,27,1029,10002,AP
Vehículo Privado,5,1404400540401,140440011,54,1033,1031,AP
Vehículo Privado,5,1404400540420,1404400540420,27,1035,1035,AP
Vehículo Privado,5,1404400540420,1407000010115,27,1035,3005,AP
Vehículo Privado,5,1405100010054,1412000015317,59,2002,8310,AP
Vehículo Privado,5,1405100010139,1407000200242,2,2010,3068,AP
Vehículo Privado,5,1405100010139,1409700411263,2,2010,5193,AP
Vehículo Privado,5,1405100010139,1409701152007,2,2010,5216,AP
Vehículo Privado,5,1405100020181,141240090,3,2015,9047,AP
Vehículo Privado,5,1405100020181,1412000010405,21,2015,8011,AP
Vehículo Privado,5,1405100020196,999990001,21,2016,10006,AP
Vehículo Privado,5,1405100020196,1403900012427,21,2016,201,AP
Vehículo Privado,5,1405100020196,1403900012592,21,2016,213,AP
Vehículo Privado,5,1405100020196,1409800012428,21,2016,6131,AP
Vehículo Privado,5,1405100020196,1412400010175,21,2016,9005,AP
Vehículo Privado,5,1405100020196,1412400010495,21,2016,9031,AP
Vehículo Privado,5,1405100020196,140980001007A,21,2016,6004,AP
Vehículo Privado,5,1405100020196,140980001053A,21,2016,6019,AP
Vehículo Privado,5,1405100020213,1405100020213,21,2018,2018,AP
Vehículo Privado,5,1405100020213,1410100010931,21,2018,7051,AP
Vehículo Privado,5,1407000010098,14070140A,59,3003,3131,AP
Vehículo Privado,5,1407000010115,1403900011378,59,3005,113,AP
Vehículo Privado,5,1407000010134,14070140A,59,3007,3131,AP
Vehículo Privado,5,1407000010702,141011959,59,3015,7229,AP
Vehículo Privado,5,1407000011058,1403900011861,59,3020,155,AP
Vehículo Privado,5,1407000011058,99999000A,59,3020,10002,AP
Vehículo Privado,5,1407000131448,1403900013529,96,3040,245,AP
Vehículo Privado,5,1407000131486,1407000131486,96,3043,3043,AP
Vehículo Privado,5,1407000140219,1412000016550,63,3044,8372,AP
Vehículo Privado,5,1407000140223,140980001053A,63,3045,6019,AP
Vehículo Privado,5,1407000140276,1403900014565,23,3046,337,AP
Vehículo Privado,5,1407000140276,1407000010045,23,3046,3002,AP
Vehículo Privado,5,1407000140276,1409800012220,23,3046,6118,AP
Vehículo Privado,5,1407000140276,99999000A,23,3046,10002,AP
Vehículo Privado,5,1407000140346,1403900011359,63,3048,111,AP
Vehículo Privado,5,1407000200079,1409800013110,59,3065,6191,AP
Vehículo Privado,5,1407000200079,14070140A,59,3065,3131,AP
Vehículo Privado,5,1407000200191,999990001,59,3066,10006,AP
Vehículo Privado,5,1407000200191,140700021076A,15,3066,3085,AP
Vehículo Privado,5,1407000200191,14070140A,59,3066,3131,AP
Vehículo Privado,5,1407000200204,1403900015366,59,3067,412,AP
Vehículo Privado,5,1407000200789,1403900015366,118,3072,412,AP
Vehículo Privado,5,1407000200789,14097059A,59,3072,5241,AP
Vehículo Privado,5,1407000201236,1407000010115,59,3076,3005,AP
Vehículo Privado,5,1407000201236,1412000013166,59,3076,8160,AP
Vehículo Privado,5,1407000201255,1403900014565,59,3077,337,AP
Vehículo Privado,5,1407000201397,999990005,59,3080,10004,AP
Vehículo Privado,5,1407000201397,1407000140844,118,3080,3061,AP
Vehículo Privado,5,1407000201397,1407000210736,59,3080,3082,AP
Vehículo Privado,5,1407000201397,1409800010262,59,3080,6009,AP
Vehículo Privado,5,1407000210736,1403900013976,30,3082,284,AP
Vehículo Privado,5,1407000210736,99999000A,15,3082,10002,AP
Vehículo Privado,5,1407000211151,1409701152007,63,3093,5216,AP
Vehículo Privado,5,1407000430295,1403900013529,63,3096,245,AP
Vehículo Privado,5,1407000430308,1407000430295,63,3097,3096,AP
Vehículo Privado,5,1407000430492,1407000140543,63,3098,3054,AP
Vehículo Privado,5,1407000430492,1407000200204,63,3098,3067,AP
Vehículo Privado,5,1407000431024,140970015,15,3111,5060,AP
Vehículo Privado,5,1407001111310,14097059A,59,3119,5241,AP
Vehículo Privado,5,1407001111325,14097059A,59,3120,5241,AP
Vehículo Privado,5,1407001111325,99999000A,118,3120,10002,AP
Vehículo Privado,5,1407001111359,999990006,59,3123,10005,AP
Vehículo Privado,5,1407001211518,1407001211518,23,3127,3127,AP
Vehículo Privado,5,1409700010195,1409700012115,15,5001,5023,AP
Vehículo Privado,5,1409700010208,1409700250797,15,5002,5097,AP
Vehículo Privado,5,1409700010918,1409700010918,122,5009,5009,AP
Vehículo Privado,5,1409700010918,1409700010922,15,5009,5010,AP
Vehículo Privado,5,1409700010918,1409800011256,15,5009,6052,AP
Vehículo Privado,5,1409700010918,1409800011928,15,5009,6099,AP
Vehículo Privado,5,1409700010922,1409708312971,15,5010,5304,AP
Vehículo Privado,5,1409700010922,1409800012714,91,5010,6157,AP
Vehículo Privado,5,1409700010937,1409700010918,15,5011,5009,AP
Vehículo Privado,5,1409700010937,140970001109A,15,5011,5014,AP
Vehículo Privado,5,1409700010941,1409700012115,15,5012,5023,AP
Vehículo Privado,5,1409700010941,1409708312187,15,5012,5303,AP
Vehículo Privado,5,1409700012098,1412000013289,54,5021,8169,AP
Vehículo Privado,5,1409700012100,1409700012100,54,5022,5022,AP
Vehículo Privado,5,1409700012100,1409700250462,54,5022,5090,AP
Vehículo Privado,5,1409700012100,1409800012856,54,5022,6171,AP
Vehículo Privado,5,1409700012100,1412000011297,54,5022,8041,AP
Vehículo Privado,5,1409700012115,1412000014376,54,5023,8246,AP
Vehículo Privado,5,1409700012134,1409708221530,54,5025,5252,AP
Vehículo Privado,5,1409700012134,1412000012473,54,5025,8100,AP
Vehículo Privado,5,1409700012331,1409708432952,54,5026,5342,AP
Vehículo Privado,5,1409700013113,1409700250354,15,5031,5087,AP
Vehículo Privado,5,1409700053147,140440026,19,5043,1032,AP
Vehículo Privado,5,1409700053151,1412400010175,19,5044,9005,AP
Vehículo Privado,5,1409700053166,999990005,19,5045,10004,AP
Vehículo Privado,5,1409700053166,1409700012115,38,5045,5023,AP
Vehículo Privado,5,1409700053503,999990005,19,5047,10004,AP
Vehículo Privado,5,1409700053503,1409700010918,19,5047,5009,AP
Vehículo Privado,5,1409700053503,140980001053A,19,5047,6019,AP
Vehículo Privado,5,1409700053518,1407000130401,19,5048,3033,AP
Vehículo Privado,5,1409700053518,1409708221530,19,5048,5252,AP
Vehículo Privado,5,1409700053768,1407000200204,19,5050,3067,AP
Vehículo Privado,5,1409700092810,1407001111325,57,5051,3120,AP
Vehículo Privado,5,1409700092810,141200001301A,57,5051,8147,AP
Vehículo Privado,5,1409700092844,1403900013976,57,5054,284,AP
Vehículo Privado,5,1409700092844,99999000A,57,5054,10002,AP
Vehículo Privado,5,1409700092859,1409700092810,57,5055,5051,AP
Vehículo Privado,5,1409700150227,1409700150227,10,5061,5061,AP
Vehículo Privado,5,1409700150956,1409700010918,10,5068,5009,AP
Vehículo Privado,5,1409700150956,1409708744037,20,5068,5376,AP
Vehículo Privado,5,1409700150956,1409800141129,10,5068,6219,AP
Vehículo Privado,5,1409700150960,1403900015366,10,5069,412,AP
Vehículo Privado,5,1409700201013,1409700201013,51,5079,5079,AP
Vehículo Privado,5,1409700250354,1409700013113,15,5087,5031,AP
Vehículo Privado,5,1409700250354,1409700250299,51,5087,5086,AP
Vehículo Privado,5,1409700250354,1409700250354,51,5087,5087,AP
Vehículo Privado,5,1409700250354,1409800012381,51,5087,6129,AP
Vehículo Privado,5,1409700250354,1412000016550,51,5087,8372,AP
Vehículo Privado,5,1409700250369,999990001,51,5088,10006,AP
Vehículo Privado,5,1409700250369,1409700320053,51,5088,5135,AP
Vehículo Privado,5,1409700250369,1409704241761,51,5088,5232,AP
Vehículo Privado,5,1409700250369,1409800010879,51,5088,6028,AP
Vehículo Privado,5,1409700250369,141200001340A,102,5088,8177,AP
Vehículo Privado,5,1409700250369,99999000A,51,5088,10002,AP
Vehículo Privado,5,1409700250477,1403900013586,51,5091,250,AP
Vehículo Privado,5,1409700250763,1409700201013,51,5094,5079,AP
Vehículo Privado,5,1409700250763,1412000011297,51,5094,8041,AP
Vehículo Privado,5,1409700312774,1409700010918,10,5132,5009,AP
Vehículo Privado,5,1409700312774,1409700201013,10,5132,5079,AP
Vehículo Privado,5,1409700312774,1409700320180,20,5132,5136,AP
Vehículo Privado,5,1409700312774,1409700340388,10,5132,5158,AP
Vehículo Privado,5,1409700312789,1409700010918,20,5133,5009,AP
Vehículo Privado,5,1409700312789,140970001109A,10,5133,5014,AP
Vehículo Privado,5,1409700320053,1403900011359,104,5135,111,AP
Vehículo Privado,5,1409700320284,999990006,104,5139,10005,AP
Vehículo Privado,5,1409700320284,14097059A,208,5139,5241,AP
Vehículo Privado,5,1409700321189,1409708714056,104,5149,5371,AP
Vehículo Privado,5,1409700340250,1403900015366,38,5156,412,AP
Vehículo Privado,5,1409700340250,140390001101A,57,5156,81,AP
Vehículo Privado,5,1409700340373,1409700340250,19,5157,5156,AP
Vehículo Privado,5,1409700340373,141200001066A,19,5157,8018,AP
Vehículo Privado,5,1409700340388,140971066,19,5158,5383,AP
Vehículo Privado,5,1409700340388,999990006,19,5158,10005,AP
Vehículo Privado,5,1409700340388,1409700340388,19,5158,5158,AP
Vehículo Privado,5,1409700341352,1412000014836,19,5161,8281,AP
Vehículo Privado,5,1409700350138,1409800010281,96,5169,6010,AP
Vehículo Privado,5,1409700350551,1409800012381,96,5172,6129,AP
Vehículo Privado,5,1409700350551,140390001457A,192,5172,338,AP
Vehículo Privado,5,1409700381827,1403900011043,242,5184,84,AP
Vehículo Privado,5,1409700411263,1407000010030,57,5193,3001,AP
Vehículo Privado,5,1409700432613,1409700340250,19,5204,5156,AP
Vehículo Privado,5,1409700432613,1409700432613,19,5204,5204,AP
Vehículo Privado,5,1409701151992,99999000A,59,5215,10002,AP
Vehículo Privado,5,1409701800301,99999000A,29,5223,10002,AP
Vehículo Privado,5,1409704240443,140970180123A,29,5228,5225,AP
Vehículo Privado,5,1409704240975,1412000012488,38,5230,8101,AP
Vehículo Privado,5,1409704241761,1409704240443,38,5232,5228,AP
Vehículo Privado,5,1409704241761,1412000013414,114,5232,8178,AP
Vehículo Privado,5,1409704393880,1409700350231,54,5234,5170,AP
Vehículo Privado,5,1409704393880,1412000010706,54,5234,8020,AP
Vehículo Privado,5,1409705601032,999990006,104,5236,10005,AP
Vehículo Privado,5,1409706663950,1412000011225,104,5246,8038,AP
Vehículo Privado,5,1409707771780,999990003,57,5247,10003,AP
Vehículo Privado,5,1409707771780,14097059A,57,5247,5241,AP
Vehículo Privado,5,1409707772365,1405100010054,57,5248,2002,AP
Vehículo Privado,5,1409708223058,999990005,242,5277,10004,AP
Vehículo Privado,5,1409708223058,1412000011189,242,5277,8034,AP
Vehículo Privado,5,1409708223700,1412000013293,242,5287,8170,AP
Vehículo Privado,5,1409708223749,1412000013664,242,5290,8197,AP
Vehículo Privado,5,1409708234003,1412000010636,188,5291,8015,AP
Vehículo Privado,5,1409708311653,141205567,96,5297,8546,AP
Vehículo Privado,5,1409708311653,1409700010922,96,5297,5010,AP
Vehículo Privado,5,1409708312011,1403900011397,96,5298,115,AP
Vehículo Privado,5,1409708312026,14097059A,192,5299,5241,AP
Vehículo Privado,5,1409708312045,1412000012609,242,5301,8111,AP
Vehículo Privado,5,1409708332933,141200001098A,242,5316,8027,AP
Vehículo Privado,5,1409708352736,1409700010918,54,5323,5009,AP
Vehículo Privado,5,1409708352740,1403900015366,108,5324,412,AP
Vehículo Privado,5,1409708353378,1403900014565,54,5325,337,AP
Vehículo Privado,5,1409708353378,1409700320053,54,5325,5135,AP
Vehículo Privado,5,1409708353378,140980001053A,54,5325,6019,AP
Vehículo Privado,5,1409708362793,1409800010879,94,5328,6028,AP
Vehículo Privado,5,1409708362793,99999000A,94,5328,10002,AP
Vehículo Privado,5,1409708362806,140701467,94,5329,3133,AP
Vehículo Privado,5,1409708362806,140980001053A,94,5329,6019,AP
Vehículo Privado,5,1409708432632,140971066,94,5333,5383,AP
Vehículo Privado,5,1409708432632,999990005,94,5333,10004,AP
Vehículo Privado,5,1409708432632,1409800011928,94,5333,6099,AP
Vehículo Privado,5,1409708432632,1412000012242,94,5333,8077,AP
Vehículo Privado,5,1409708432647,1403900011043,94,5334,84,AP
Vehículo Privado,5,1409708432666,1409800010879,94,5336,6028,AP
Vehículo Privado,5,1409708432666,1412000010636,94,5336,8015,AP
Vehículo Privado,5,1409708432702,1412000010636,94,5340,8015,AP
Vehículo Privado,5,1409708432717,1403900015366,94,5341,412,AP
Vehículo Privado,5,1409708432717,1412000010636,94,5341,8015,AP
Vehículo Privado,5,1409708524183,1409700012115,54,5354,5023,AP
Vehículo Privado,5,1409708531884,1409800012095,242,5358,6108,AP
Vehículo Privado,5,1409708622914,1409800010671,94,5363,6021,AP
Vehículo Privado,5,1409708634111,1409701152007,57,5367,5216,AP
Vehículo Privado,5,1409708634126,1409701152007,57,5368,5216,AP
Vehículo Privado,5,1409800010262,1409708312187,356,6009,5303,AP
Vehículo Privado,5,1409800010262,1409800010262,178,6009,6009,AP
Vehículo Privado,5,1409800010347,1409800012428,178,6012,6131,AP
Vehículo Privado,5,1409800010370,1403900011359,23,6014,111,AP
Vehículo Privado,5,1409800010370,1409800010370,23,6014,6014,AP
Vehículo Privado,5,1409800010525,1409800010525,96,6018,6018,AP
Vehículo Privado,5,1409800010718,1403900014724,227,6023,351,AP
Vehículo Privado,5,1409800010794,1409700010212,454,6025,5003,AP
Vehículo Privado,5,1409800010953,1412000014215,178,6029,8230,AP
Vehículo Privado,5,1409800011097,1412000011206,178,6040,8036,AP
Vehículo Privado,5,1409800011398,1403900015366,23,6061,412,AP
Vehículo Privado,5,1409800011542,1409800011063,492,6071,6037,AP
Vehículo Privado,5,1409800011716,1403900015366,91,6082,412,AP
Vehículo Privado,5,1409800011839,1403900014033,454,6092,290,AP
Vehículo Privado,5,1409800011909,140972416,163,6097,5387,AP
Vehículo Privado,5,1409800011951,1403900011170,326,6100,96,AP
Vehículo Privado,5,1409800011966,1409800011928,163,6101,6099,AP
Vehículo Privado,5,1409800012150,1403900014743,23,6112,352,AP
Vehículo Privado,5,1409800012254,99999000A,178,6121,10002,AP
Vehículo Privado,5,1409800012358,1412000011225,163,6126,8038,AP
Vehículo Privado,5,1409800012555,1409800011928,163,6144,6099,AP
Vehículo Privado,5,1409800012574,1403900013641,163,6146,255,AP
Vehículo Privado,5,1409800012574,1403900013961,163,6146,283,AP
Vehículo Privado,5,1409800012659,1403900015563,163,6153,431,AP
Vehículo Privado,5,1409800012714,1409800011260,182,6157,6053,AP
Vehículo Privado,5,1409800012729,1409800012381,91,6158,6129,AP
Vehículo Privado,5,1409800012733,1403900011170,91,6159,96,AP
Vehículo Privado,5,1409800012803,140980001007A,178,6166,6004,AP
Vehículo Privado,5,1409800012822,140700013005A,178,6168,3027,AP
Vehículo Privado,5,1409800012837,1412000012562,23,6169,8109,AP
Vehículo Privado,5,1409800012841,1410100011643,23,6170,7109,AP
Vehículo Privado,5,1409800012930,14097059A,23,6177,5241,AP
Vehículo Privado,5,1409800013040,1407000130401,82,6184,3033,AP
Vehículo Privado,5,1409800013055,1409800011345,41,6185,6056,AP
Vehículo Privado,5,1409800013182,99999000A,178,6196,10002,AP
Vehículo Privado,5,1409800013214,1409800011237,96,6199,6050,AP
Vehículo Privado,5,1409800141114,1409700320284,104,6218,5139,AP
Vehículo Privado,5,1409800141114,140390001539A,104,6218,415,AP
Vehículo Privado,5,1409800142127,1409800010281,104,6223,6010,AP
Vehículo Privado,5,1409800143229,1412000012562,104,6230,8109,AP
Vehículo Privado,5,1409800143229,1412000013147,104,6230,8158,AP
Vehículo Privado,5,1410100010151,1409800011928,18,7002,6099,AP
Vehículo Privado,5,1410100010202,1403900012639,234,7004,217,AP
Vehículo Privado,5,1410100010378,1410100091662,234,7007,7154,AP
Vehículo Privado,5,1410100010433,1403900012111,178,7011,176,AP
Vehículo Privado,5,1410100010452,1403900014565,41,7013,337,AP
Vehículo Privado,5,1410100010452,1410100010433,41,7013,7011,AP
Vehículo Privado,5,1410100010452,1410100010946,41,7013,7052,AP
Vehículo Privado,5,1410100010471,1410100011094,41,7014,7066,AP
Vehículo Privado,5,1410100010471,1412000012280,123,7014,8081,AP
Vehículo Privado,5,1410100010611,140390001140A,109,7026,116,AP
Vehículo Privado,5,1410100010630,1403900015084,109,7028,385,AP
Vehículo Privado,5,1410100010630,1410100011094,109,7028,7066,AP
Vehículo Privado,5,1410100010679,1409800010879,41,7031,6028,AP
Vehículo Privado,5,1410100010679,1410100272336,41,7031,7207,AP
Vehículo Privado,5,1410100010700,14070140A,234,7032,3131,AP
Vehículo Privado,5,1410100010823,1412000011691,144,7043,8051,AP
Vehículo Privado,5,1410100010950,1412400010480,144,7053,9030,AP
Vehículo Privado,5,1410100010965,1409800012428,144,7054,6131,AP
Vehículo Privado,5,1410100010999,1403900012569,144,7057,210,AP
Vehículo Privado,5,1410100011094,1403900010651,218,7066,47,AP
Vehículo Privado,5,1410100011094,1403900011359,109,7066,111,AP
Vehículo Privado,5,1410100011094,1403900015366,109,7066,412,AP
Vehículo Privado,5,1410100011126,140390001101A,41,7068,81,AP
Vehículo Privado,5,1410100011130,1409800010879,41,7069,6028,AP
Vehículo Privado,5,1410100011164,1410100260683,144,7072,7197,AP
Vehículo Privado,5,1410100011323,1403900013726,144,7084,262,AP
Vehículo Privado,5,1410100011357,1410100012016,246,7086,7127,AP
Vehículo Privado,5,1410100011446,1410100011446,246,7094,7094,AP
Vehículo Privado,5,1410100011554,999990001,23,7100,10006,AP
Vehículo Privado,5,1410100011554,1403900011378,23,7100,113,AP
Vehículo Privado,5,1410100011554,1409800010120,23,7100,6008,AP
Vehículo Privado,5,1410100011554,1409800011345,23,7100,6056,AP
Vehículo Privado,5,1410100011554,1409800012822,23,7100,6168,AP
Vehículo Privado,5,1410100011554,1410100010448,23,7100,7012,AP
Vehículo Privado,5,1410100011554,1410100010946,23,7100,7052,AP
Vehículo Privado,5,1410100011554,14097059A,23,7100,5241,AP
Vehículo Privado,5,1410100011573,1410100010946,23,7102,7052,AP
Vehículo Privado,5,1410100011573,1410100260698,23,7102,7198,AP
Vehículo Privado,5,1410100011573,140390001507A,23,7102,384,AP
Vehículo Privado,5,1410100011766,1409800010879,144,7115,6028,AP
Vehículo Privado,5,1410100012603,141010001097A,144,7149,7055,AP
Vehículo Privado,5,1410100091910,1403900015366,109,7163,412,AP
Vehículo Privado,5,1410100092105,1403900010863,109,7168,67,AP
Vehículo Privado,5,1410100092105,1403900011397,109,7168,115,AP
Vehículo Privado,5,1410100092586,1403900010030,109,7190,2,AP
Vehículo Privado,5,1410100220024,141012567,144,7193,7232,AP
Vehículo Privado,5,1410100220024,1403900015366,288,7193,412,AP
Vehículo Privado,5,1410100260683,140510016,23,7197,2019,AP
Vehículo Privado,5,1410100260683,1410100010927,23,7197,7050,AP
Vehículo Privado,5,1410100260683,1410100011516,23,7197,7099,AP
Vehículo Privado,5,1410100260683,140980001053A,23,7197,6019,AP
Vehículo Privado,5,1410100260698,141240090,46,7198,9047,AP
Vehículo Privado,5,1410100272336,140701467,23,7207,3133,AP
Vehículo Privado,5,1410100272340,1403900012605,23,7208,214,AP
Vehículo Privado,5,1410100312317,1403900015012,23,7211,378,AP
Vehículo Privado,5,1410100312317,1409700320833,23,7211,5144,AP
Vehículo Privado,5,1410100312317,1409800011928,23,7211,6099,AP
Vehículo Privado,5,1410100312317,99999000A,23,7211,10002,AP
Vehículo Privado,5,1410100342641,1410100342463,144,7217,7215,AP
Vehículo Privado,5,1410101902374,1412000016423,23,7224,8364,AP
Vehículo Privado,5,1412000010212,1412000012064,220,8001,8068,AP
Vehículo Privado,5,1412000010212,141200001550A,110,8001,8322,AP
Vehículo Privado,5,1412000010227,1412000013397,178,8002,8176,AP
Vehículo Privado,5,1412000010231,1412000010265,178,8003,8005,AP
Vehículo Privado,5,1412000010246,1403900011467,178,8004,122,AP
Vehículo Privado,5,1412000010369,999990004,137,8008,10001,AP
Vehículo Privado,5,1412000010369,1409800012358,137,8008,6126,AP
Vehículo Privado,5,1412000010369,1409800012381,137,8008,6129,AP
Vehículo Privado,5,1412000010373,1409700010941,137,8009,5012,AP
Vehículo Privado,5,1412000010602,1409800012381,45,8013,6129,AP
Vehículo Privado,5,1412000010617,1412000010617,110,8014,8014,AP
Vehículo Privado,5,1412000010617,1412002434713,110,8014,8517,AP
Vehículo Privado,5,1412000010617,14097059A,110,8014,5241,AP
Vehículo Privado,5,1412000010636,1409708234041,94,8015,5292,AP
Vehículo Privado,5,1412000010814,1412000010231,110,8022,8003,AP
Vehículo Privado,5,1412000010890,1412002065054,3,8023,8462,AP
Vehículo Privado,5,1412000010994,1412000012929,137,8028,8138,AP
Vehículo Privado,5,1412000011032,1403900015027,137,8030,379,AP
Vehículo Privado,5,1412000011155,141200001301A,88,8032,8147,AP
Vehículo Privado,5,1412000011193,999990005,88,8035,10004,AP
Vehículo Privado,5,1412000011193,1403900011448,88,8035,120,AP
Vehículo Privado,5,1412000011193,1403900013321,88,8035,237,AP
Vehículo Privado,5,1412000011193,1412000016743,88,8035,8386,AP
Vehículo Privado,5,1412000011206,1412000016423,19,8036,8364,AP
Vehículo Privado,5,1412000011206,1412002434713,19,8036,8517,AP
Vehículo Privado,5,1412000011225,1412000014732,100,8038,8276,AP
Vehículo Privado,5,1412000011278,1412000013306,200,8039,8171,AP
Vehículo Privado,5,1412000011297,141200001066A,100,8041,8018,AP
Vehículo Privado,5,1412000011526,1409700201013,38,8045,5079,AP
Vehículo Privado,5,1412000011653,1412000012346,137,8049,8087,AP
Vehículo Privado,5,1412000011723,1403900015366,534,8052,412,AP
Vehículo Privado,5,1412000011865,1403900010651,202,8060,47,AP
Vehículo Privado,5,1412000012064,1412000010212,110,8068,8001,AP
Vehículo Privado,5,1412000012172,1403900012427,96,8072,201,AP
Vehículo Privado,5,1412000012172,1412000014198,96,8072,8228,AP
Vehículo Privado,5,1412000012172,1412007580759,96,8072,8537,AP
Vehículo Privado,5,1412000012219,1412400010527,96,8074,9034,AP
Vehículo Privado,5,1412000012295,1412000014427,49,8082,8251,AP
Vehículo Privado,5,1412000012295,1412000015266,49,8082,8305,AP
Vehículo Privado,5,1412000012308,1403900011556,49,8083,127,AP
Vehículo Privado,5,1412000012308,1409708312187,49,8083,5303,AP
Vehículo Privado,5,1412000012312,1412000012312,49,8084,8084,AP
Vehículo Privado,5,1412000012312,140390001101A,49,8084,81,AP
Vehículo Privado,5,1412000012327,1403900015366,98,8085,412,AP
Vehículo Privado,5,1412000012327,1412000012242,49,8085,8077,AP
Vehículo Privado,5,1412000012435,1403900011448,137,8096,120,AP
Vehículo Privado,5,1412000012435,1403900013961,137,8096,283,AP
Vehículo Privado,5,1412000012473,999990005,145,8100,10004,AP
Vehículo Privado,5,1412000012473,1412000010706,29,8100,8020,AP
Vehículo Privado,5,1412000012473,1412000011009,29,8100,8029,AP
Vehículo Privado,5,1412000012473,1412000012914,29,8100,8137,AP
Vehículo Privado,5,1412000012473,1412000013306,29,8100,8171,AP
Vehículo Privado,5,1412000012488,99999000A,29,8101,10002,AP
Vehículo Privado,5,1412000012562,99999000A,267,8109,10002,AP
Vehículo Privado,5,1412000012628,999990006,178,8113,10005,AP
Vehículo Privado,5,1412000012628,1409704240443,178,8113,5228,AP
Vehículo Privado,5,1412000012666,1403900015366,178,8117,412,AP
Vehículo Privado,5,1412000012670,1412000011009,178,8118,8029,AP
Vehículo Privado,5,1412000012755,1403900015366,192,8124,412,AP
Vehículo Privado,5,1412000012774,1412000015482,96,8125,8320,AP
Vehículo Privado,5,1412000012825,1412000011846,96,8130,8058,AP
Vehículo Privado,5,1412000012863,1412000011687,23,8133,8050,AP
Vehículo Privado,5,1412000012863,1412000012863,38,8133,8133,AP
Vehículo Privado,5,1412000012914,1403900014565,88,8137,337,AP
Vehículo Privado,5,1412000012914,1412000012914,88,8137,8137,AP
Vehículo Privado,5,1412000012914,1412000013306,88,8137,8171,AP
Vehículo Privado,5,1412000012952,1412000011297,100,8141,8041,AP
Vehículo Privado,5,1412000013077,1403900014071,137,8152,294,AP
Vehículo Privado,5,1412000013081,1412000010227,137,8153,8002,AP
Vehículo Privado,5,1412000013166,1403900011594,100,8160,131,AP
Vehículo Privado,5,1412000013166,1409708441704,104,8160,5347,AP
Vehículo Privado,5,1412000013397,1412000013325,178,8176,8173,AP
Vehículo Privado,5,1412000013556,999990005,534,8187,10004,AP
Vehículo Privado,5,1412000013575,1403900014565,19,8189,337,AP
Vehículo Privado,5,1412000013575,1403900015366,19,8189,412,AP
Vehículo Privado,5,1412000013575,1412000013518,19,8189,8186,AP
Vehículo Privado,5,1412000013575,1412000013575,19,8189,8189,AP
Vehículo Privado,5,1412000013575,1412000014431,19,8189,8252,AP
Vehículo Privado,5,1412000013575,140390001101A,19,8189,81,AP
Vehículo Privado,5,1412000013630,1403900014565,45,8194,337,AP
Vehículo Privado,5,1412000013630,1412000012562,45,8194,8109,AP
Vehículo Privado,5,1412000013734,999990004,96,8204,10001,AP
Vehículo Privado,5,1412000013734,140390001133A,192,8204,109,AP
Vehículo Privado,5,1412000013787,1403900011594,48,8207,131,AP
Vehículo Privado,5,1412000013791,1412000013664,48,8208,8197,AP
Vehículo Privado,5,1412000013791,141200001098A,96,8208,8027,AP
Vehículo Privado,5,1412000014075,1412000013185,95,8220,8162,AP
Vehículo Privado,5,1412000014075,1412000016828,174,8220,8394,AP
Vehículo Privado,5,1412000014094,141200001098A,95,8222,8027,AP
Vehículo Privado,5,1412000014268,1403900014565,96,8235,337,AP
Vehículo Privado,5,1412000014272,141200001664A,96,8236,8381,AP
Vehículo Privado,5,1412000014376,1403900015366,100,8246,412,AP
Vehículo Privado,5,1412000014408,1403900010929,100,8249,72,AP
Vehículo Privado,5,1412000014408,1403900012588,100,8249,212,AP
Vehículo Privado,5,1412000014501,1409800012574,38,8259,6146,AP
Vehículo Privado,5,1412000014535,1412000014516,267,8262,8260,AP
Vehículo Privado,5,1412000014573,1412000010405,267,8266,8011,AP
Vehículo Privado,5,1412000014605,1412000012543,267,8269,8107,AP
Vehículo Privado,5,1412000014662,1403900010454,49,8273,31,AP
Vehículo Privado,5,1412000014836,140970602,91,8281,5242,AP
Vehículo Privado,5,1412000014836,1409704240975,38,8281,5230,AP
Vehículo Privado,5,1412000014836,1412000016300,45,8281,8360,AP
Vehículo Privado,5,1412000014889,1412000012990,95,8286,8145,AP
Vehículo Privado,5,1412000015143,1403900013976,48,8296,284,AP
Vehículo Privado,5,1412000015143,1412000010617,48,8296,8014,AP
Vehículo Privado,5,1412000015162,1403900010562,48,8298,40,AP
Vehículo Privado,5,1412000015162,1412000013664,96,8298,8197,AP
Vehículo Privado,5,1412000015177,1403900013209,48,8299,235,AP
Vehículo Privado,5,1412000015181,141205567,29,8300,8546,AP
Vehículo Privado,5,1412000015209,1403900014565,45,8302,337,AP
Vehículo Privado,5,1412000015209,1403900015366,45,8302,412,AP
Vehículo Privado,5,1412000015209,1409700350138,90,8302,5169,AP
Vehículo Privado,5,1412000015209,1412000011691,45,8302,8051,AP
Vehículo Privado,5,1412000015251,1412000010405,100,8304,8011,AP
Vehículo Privado,5,1412000015266,1412000013005,100,8305,8146,AP
Vehículo Privado,5,1412000015266,1412002434713,13,8305,8517,AP
Vehículo Privado,5,1412000015285,1409700411263,220,8307,5193,AP
Vehículo Privado,5,1412000015317,1403900011363,96,8310,112,AP
Vehículo Privado,5,1412000015340,1403900013641,45,8312,255,AP
Vehículo Privado,5,1412000015340,1412000012990,45,8312,8145,AP
Vehículo Privado,5,1412000015340,1412002434713,45,8312,8517,AP
Vehículo Privado,5,1412000015374,1409800012856,95,8315,6171,AP
Vehículo Privado,5,1412000015459,1412000016550,267,8317,8372,AP
Vehículo Privado,5,1412000015478,1403900015366,178,8319,412,AP
Vehículo Privado,5,1412000015482,1412000016508,31,8320,8367,AP
Vehículo Privado,5,1412000015849,1403900014122,95,8340,299,AP
Vehículo Privado,5,1412000016048,140390001101A,95,8347,81,AP
Vehículo Privado,5,1412000016103,1403900011556,49,8353,127,AP
Vehículo Privado,5,1412000016141,1412000011206,90,8356,8036,AP
Vehículo Privado,5,1412000016300,1403900012573,45,8360,211,AP
Vehículo Privado,5,1412000016300,99999000A,45,8360,10002,AP
Vehículo Privado,5,1412000016423,141200123,3,8364,8455,AP
Vehículo Privado,5,1412000016512,1403900011359,31,8368,111,AP
Vehículo Privado,5,1412000016512,1412000010405,31,8368,8011,AP
Vehículo Privado,5,1412000016512,1412000016635,31,8368,8380,AP
Vehículo Privado,5,1412000016550,1412000014183,95,8372,8227,AP
Vehículo Privado,5,1412000016584,1412000011009,31,8375,8029,AP
Vehículo Privado,5,1412000016584,1412000016550,31,8375,8372,AP
Vehículo Privado,5,1412000016599,1412007580797,59,8376,8538,AP
Vehículo Privado,5,1412000016635,1410100010984,132,8380,7056,AP
Vehículo Privado,5,1412000016724,1412000012238,31,8384,8076,AP
Vehículo Privado,5,1412000016724,1412000013772,31,8384,8206,AP
Vehículo Privado,5,1412000016743,1412000010617,110,8386,8014,AP
Vehículo Privado,5,1412000016743,1412000016743,59,8386,8386,AP
Vehículo Privado,5,1412000016809,141200091,110,8392,8453,AP
Vehículo Privado,5,1412000016832,1403900013143,110,8395,233,AP
Vehículo Privado,5,1412000016832,1412000016599,220,8395,8376,AP
Vehículo Privado,5,1412000016847,1403900014565,31,8396,337,AP
Vehículo Privado,5,1412000016847,1404400010100,31,8396,1005,AP
Vehículo Privado,5,1412000016866,1403900012554,31,8398,209,AP
Vehículo Privado,5,1412000016866,1412000016512,31,8398,8368,AP
Vehículo Privado,5,1412000016921,1412000013397,31,8404,8176,AP
Vehículo Privado,5,1412000017008,1412000013062,31,8405,8151,AP
Vehículo Privado,5,1412000017008,1412000016599,31,8405,8376,AP
Vehículo Privado,5,1412000017046,1412000013791,48,8409,8208,AP
Vehículo Privado,5,1412000017120,1412000010392,31,8417,8010,AP
Vehículo Privado,5,1412000017120,1412000010405,31,8417,8011,AP
Vehículo Privado,5,1412000017120,1412000012670,62,8417,8118,AP
Vehículo Privado,5,1412000017120,1412000017120,31,8417,8417,AP
Vehículo Privado,5,1412000620176,1412000010231,132,8446,8003,AP
Vehículo Privado,5,1412000620176,99999000A,132,8446,10002,AP
Vehículo Privado,5,1412000620180,1412000016743,132,8447,8386,AP
Vehículo Privado,5,1412001395980,1412000016599,13,8457,8376,AP
Vehículo Privado,5,1412001395980,1412002314164,24,8457,8477,AP
Vehículo Privado,5,1412001395980,1412002434713,13,8457,8517,AP
Vehículo Privado,5,1412001395995,141205567,26,8458,8546,AP
Vehículo Privado,5,1412002065054,141200123,3,8462,8455,AP
Vehículo Privado,5,1412002065054,1403900011359,3,8462,111,AP
Vehículo Privado,5,1412002065054,1412002065054,6,8462,8462,AP
Vehículo Privado,5,1412002065054,1412004306940,3,8462,8519,AP
Vehículo Privado,5,1412002312079,141200104,24,8468,8454,AP
Vehículo Privado,5,1412002312079,1403900014118,24,8468,298,AP
Vehículo Privado,5,1412002314145,1412000016512,24,8475,8368,AP
Vehículo Privado,5,1412002314164,141200231625A,24,8477,8495,AP
Vehículo Privado,5,1412002314179,999990004,24,8478,10001,AP
Vehículo Privado,5,1412002314179,1412000010975,24,8478,8026,AP
Vehículo Privado,5,1412002314179,1412000011009,24,8478,8029,AP
Vehículo Privado,5,1412002314179,141200001319A,24,8478,8163,AP
Vehículo Privado,5,1412002315726,1412000011009,132,8485,8029,AP
Vehículo Privado,5,1412002315779,1412001395980,24,8487,8457,AP
Vehículo Privado,5,1412002316230,1412000015849,132,8493,8340,AP
Vehículo Privado,5,1412002316669,1412000011278,132,8501,8039,AP
Vehículo Privado,5,1412002316989,1409800011928,132,8507,6099,AP
Vehículo Privado,5,1412002316989,1412002316404,132,8507,8497,AP
Vehículo Privado,5,1412002434713,1403900013317,13,8517,236,AP
Vehículo Privado,5,1412004306940,1409800011928,59,8519,6099,AP
Vehículo Privado,5,1412004306940,1412000010405,59,8519,8011,AP
Vehículo Privado,5,1412004307421,1412000016512,177,8521,8368,AP
Vehículo Privado,5,1412007500301,1412000012242,264,8524,8077,AP
Vehículo Privado,5,1412007580509,1412000014431,59,8532,8252,AP
Vehículo Privado,5,1412007580509,1412007580509,59,8532,8532,AP
Vehículo Privado,5,1412007580551,1412000016531,59,8533,8370,AP
Vehículo Privado,5,1412007580744,1412000010405,59,8536,8011,AP
Vehículo Privado,5,1412007580744,1412000011723,59,8536,8052,AP
Vehículo Privado,5,1412007580797,1412000016599,59,8538,8376,AP
Vehículo Privado,5,1412007580829,1412000011723,59,8540,8052,AP
Vehículo Privado,5,1412400010137,1409700411009,35,9002,5191,AP
Vehículo Privado,5,1412400010137,1410100010927,35,9002,7050,AP
Vehículo Privado,5,1412400010141,141240001018A,35,9003,9006,AP
Vehículo Privado,5,1412400010156,1409800010879,35,9004,6028,AP
Vehículo Privado,5,1412400010156,1409800011345,35,9004,6056,AP
Vehículo Privado,5,1412400010156,1412400010264,35,9004,9012,AP
Vehículo Privado,5,1412400010175,1403900015366,35,9005,412,AP
Vehículo Privado,5,1412400010175,1409800011928,35,9005,6099,AP
Vehículo Privado,5,1412400010211,141240001018A,35,9007,9006,AP
Vehículo Privado,5,1412400010480,1412400010226,70,9030,9008,AP
Vehículo Privado,5,1412400010495,141240048,35,9031,9044,AP
Vehículo Privado,5,1412400010495,1412400010438,35,9031,9025,AP
Vehículo Privado,5,1412400010495,1412400010495,35,9031,9031,AP
Vehículo Privado,5,1412400010512,141240071,35,9033,9045,AP
Vehículo Privado,5,1412400010512,999990004,35,9033,10001,AP
Vehículo Privado,5,1412400940387,1410100260698,23,9048,7198,AP
Vehículo Privado,5,1412401760160,141240090,3,9051,9047,AP
Vehículo Privado,5,1412401760160,1403900011448,3,9051,120,AP
Vehículo Privado,5,1412401760160,1403900015084,3,9051,385,AP
Vehículo Privado,5,1412401760160,1409708221530,3,9051,5252,AP
Vehículo Privado,5,1412401760160,1409800010879,3,9051,6028,AP
Vehículo Privado,5,1412401760160,1412400010156,3,9051,9004,AP
Vehículo Privado,5,1412401760160,1412401760160,6,9051,9051,AP
Vehículo Privado,5,140390001101A,140510001004A,2,81,2001,AP
Vehículo Privado,5,140390001165A,1410100010645,111,136,7029,AP
Vehículo Privado,5,140390001418A,140390001140A,249,304,116,AP
Vehículo Privado,5,140390001464A,1412000010373,163,345,8009,AP
Vehículo Privado,5,140390001521A,99999000A,234,398,10002,AP
Vehículo Privado,5,140440002012A,140440026,7,1015,1032,AP
Vehículo Privado,5,140440002012A,999990005,21,1015,10004,AP
Vehículo Privado,5,140440002012A,1403900014033,7,1015,290,AP
Vehículo Privado,5,140440002012A,1404400020115,14,1015,1014,AP
Vehículo Privado,5,140440002012A,1407000130238,7,1015,3029,AP
Vehículo Privado,5,140440002012A,1407000200257,7,1015,3069,AP
Vehículo Privado,5,140440002012A,1409701152007,7,1015,5216,AP
Vehículo Privado,5,140510001004A,140510016,2,2001,2019,AP
Vehículo Privado,5,140510001004A,141240071,4,2001,9045,AP
Vehículo Privado,5,140510001004A,1403900011876,2,2001,156,AP
Vehículo Privado,5,140510001004A,1409800011928,4,2001,6099,AP
Vehículo Privado,5,140510001004A,99999000A,2,2001,10002,AP
Vehículo Privado,5,140700001012A,1403900015366,118,3006,412,AP
Vehículo Privado,5,140700014083A,1412000011225,63,3060,8038,AP
Vehículo Privado,5,140700020126A,1409800012095,59,3078,6108,AP
Vehículo Privado,5,140700021101A,1412002315779,63,3088,8487,AP
Vehículo Privado,5,140700111133A,1403900012605,59,3121,214,AP
Vehículo Privado,5,140700111133A,1403900013641,59,3121,255,AP
Vehículo Privado,5,140700111133A,1404400010098,59,3121,1004,AP
Vehículo Privado,5,140700111133A,1407000140276,59,3121,3046,AP
Vehículo Privado,5,140700111133A,1409800011928,59,3121,6099,AP
Vehículo Privado,5,140700111133A,1410100260683,59,3121,7197,AP
Vehículo Privado,5,14070140A,1407000430492,63,3131,3098,AP
Vehículo Privado,5,14070140A,1409800011970,163,3131,6102,AP
Vehículo Privado,5,14070140A,14097059A,59,3131,5241,AP
Vehículo Privado,5,140970005034A,1409700010918,15,5036,5009,AP
Vehículo Privado,5,140970005034A,1409708623414,19,5036,5366,AP
Vehículo Privado,5,140970005034A,140970005034A,19,5036,5036,AP
Vehículo Privado,5,140970023276A,1409800010807,54,5084,6026,AP
Vehículo Privado,5,140970180123A,1409704240443,58,5225,5228,AP
Vehículo Privado,5,140970180123A,99999000A,58,5225,10002,AP
Vehículo Privado,5,14097059A,140440011,27,5241,1031,AP
Vehículo Privado,5,14097059A,1412000016599,96,5241,8376,AP
Vehículo Privado,5,14097059A,14097059A,57,5241,5241,AP
Vehículo Privado,5,140970777244A,1409800011097,57,5250,6040,AP
Vehículo Privado,5,140970777244A,14097059A,57,5250,5241,AP
Vehículo Privado,5,140970822358A,1403900012554,242,5285,209,AP
Vehículo Privado,5,140970831205A,1409708623414,96,5302,5366,AP
Vehículo Privado,5,140980001007A,140390001158A,246,6004,130,AP
Vehículo Privado,5,140980001053A,140980001053A,29,6019,6019,AP
Vehículo Privado,5,140980001110A,1412000011920,356,6041,8065,AP
Vehículo Privado,5,140980001135A,1409800010690,454,6057,6022,AP
Vehículo Privado,5,140980001181A,14097059A,23,6090,5241,AP
Vehículo Privado,5,140980001181A,99999000A,23,6090,10002,AP
Vehículo Privado,5,140980128288A,1412000011460,182,6235,8044,AP
Vehículo Privado,5,141010001072A,1410100010490,234,7034,7016,AP
Vehículo Privado,5,141010001179A,1410100010927,144,7117,7050,AP
Vehículo Privado,5,141010001250A,141010027236A,41,7143,7210,AP
Vehículo Privado,5,141010009211A,1403900014936,109,7169,370,AP
Vehículo Privado,5,141200001187A,1403900011043,178,8061,84,AP
Vehículo Privado,5,141200001187A,1403900011202,178,8061,99,AP
Vehículo Privado,5,141200001194A,1403900011359,267,8067,111,AP
Vehículo Privado,5,141200001212A,999990001,48,8070,10006,AP
Vehículo Privado,5,141200001290A,1403900012713,88,8136,223,AP
Vehículo Privado,5,141200001290A,1412002434713,88,8136,8517,AP
Vehículo Privado,5,141200001319A,1412000016512,178,8163,8368,AP
Vehículo Privado,5,141200001319A,141200001319A,48,8163,8163,AP
Vehículo Privado,5,141200001326A,1412000010373,110,8167,8009,AP
Vehículo Privado,5,141200001372A,141200087,48,8203,8452,AP
Vehículo Privado,5,141200001372A,1403900013923,48,8203,279,AP
Vehículo Privado,5,141200001536A,1412000010975,95,8314,8026,AP
Vehículo Privado,5,141200001707A,1409704240443,45,8412,5228,AP
Vehículo Privado,5,141200001739A,1412000014836,31,8437,8281,AP
Vehículo Privado,5,141200206504A,1403900010115,3,8461,6,AP
Vehículo Privado,5,141200206504A,1403900015366,3,8461,412,AP
Vehículo Privado,5,141200206504A,1409700340388,3,8461,5158,AP
Vehículo Privado,5,141200206504A,1412000014291,12,8461,8238,AP
Vehículo Privado,5,141200206504A,141200206504A,3,8461,8461,AP
Vehículo Privado,5,141200231415A,1407000010045,24,8476,3002,AP
Vehículo Privado,5,141200231415A,1412000013382,24,8476,8175,AP
Vehículo Privado,5,141200231415A,1412002315887,24,8476,8489,AP
Vehículo Privado,5,141200758080A,999990004,59,8539,10001,AP
Vehículo Privado,5,99999000A,1403900010346,202,10002,21,AP
Vehículo Privado,5,99999000A,1412000012365,75,10002,8089,AP
Vehículo Privado,5,1407000140276,1407000140276,23,3046,3046,AP
Vehículo Privado,5,1409700010941,1412000014484,15,5012,8257,AP
Vehículo Privado,5,1409700233202,1409700010212,54,5085,5003,AP
Vehículo Privado,5,1409700321189,1409700320284,208,5149,5139,AP
Vehículo Privado,5,1409700340373,1409700340250,19,5157,5156,AP
Vehículo Privado,5,1409704241761,1412000013414,38,5232,8178,AP
Vehículo Privado,5,1409706663950,1409708623414,104,5246,5366,AP
Vehículo Privado,5,1412000015158,1412000012261,48,8297,8079,AP
Vehículo Privado,5,1412002065054,1412002065054,6,8462,8462,AP
Vehículo Privado,5,140440010037A,1404401700219,27,1030,1037,AP
Vehículo Privado,5,14097059A,1409708234041,96,5241,5292,AP
Vehículo Privado,5,140440011,1404401700384,20,1031,1038,AP
Vehículo Privado,5,140440011,1407000200191,54,1031,3066,AP
Vehículo Privado,5,140440011,1407000200242,27,1031,3068,AP
Vehículo Privado,5,140440011,1407000200257,10,1031,3069,AP
Vehículo Privado,5,140440011,14070140A,27,1031,3131,AP
Vehículo Privado,5,140440011,14097059A,54,1031,5241,AP
Vehículo Privado,5,140440026,1407000130401,10,1032,3033,AP
Vehículo Privado,5,140510016,1409701152007,59,2019,5216,AP
Vehículo Privado,5,140510016,14097059A,59,2019,5241,AP
Vehículo Privado,5,140970015,14097059A,19,5060,5241,AP
Vehículo Privado,5,140970104,1409704240975,19,5209,5230,AP
Vehículo Privado,5,140970123,140973679,10,5222,5390,AP
Vehículo Privado,5,140972416,1409700012115,15,5387,5023,AP
Vehículo Privado,5,140972416,99999000A,94,5387,10002,AP
Vehículo Privado,5,140973679,140973679,10,5390,5390,AP
Vehículo Privado,5,140980012,1409700432613,104,6216,5204,AP
Vehículo Privado,5,140980012,1409704241761,104,6216,5232,AP
Vehículo Privado,5,140980243,1407000140276,15,6237,3046,AP
Vehículo Privado,5,141011963,1410100091465,109,7230,7151,AP
Vehículo Privado,5,141200034,1412000016758,59,8442,8387,AP
Vehículo Privado,5,141200068,1412000016758,59,8451,8387,AP
Vehículo Privado,5,141200123,1409700340388,3,8455,5158,AP
Vehículo Privado,5,141200142,999990001,26,8459,10006,AP
Vehículo Privado,5,1403900010204,1412000011846,226,11,8058,AP
Vehículo Privado,5,1403900010276,1403900011132,226,15,92,AP
Vehículo Privado,5,1403900010435,1403900013088,333,29,232,AP
Vehículo Privado,5,1403900010702,141205567,202,52,8546,AP
Vehículo Privado,5,1403900010702,1407000140276,202,52,3046,AP
Vehículo Privado,5,1403900012501,99999000A,119,204,10002,AP
Vehículo Privado,5,1403900012639,1407000140276,246,217,3046,AP
Vehículo Privado,5,1403900013016,1412000011846,226,230,8058,AP
Vehículo Privado,5,1403900013482,141205567,226,242,8546,AP
Vehículo Privado,5,1403900013482,1409704241761,226,242,5232,AP
Vehículo Privado,5,1403900013482,1412000016758,678,242,8387,AP
Vehículo Privado,5,1403900013514,1403900014033,227,244,290,AP
Vehículo Privado,5,1403900013834,141205567,222,271,8546,AP
Vehículo Privado,5,1403900013834,1412000016599,444,271,8376,AP
Vehículo Privado,5,1403900013942,1412000011846,226,281,8058,AP
Vehículo Privado,5,1403900013961,1409704240443,119,283,5228,AP
Vehículo Privado,5,1403900013961,1412000011297,119,283,8041,AP
Vehículo Privado,5,1403900014194,1412000011009,249,305,8029,AP
Vehículo Privado,5,1403900014194,141200001319A,249,305,8163,AP
Vehículo Privado,5,1403900014283,1407000130401,249,314,3033,AP
Vehículo Privado,5,1403900014387,1407000130401,226,320,3033,AP
Vehículo Privado,5,1403900014527,1412000016758,234,333,8387,AP
Vehículo Privado,5,1403900014724,99999000A,246,351,10002,AP
Vehículo Privado,5,1403900015188,1412000011297,234,395,8041,AP
Vehículo Privado,5,1403900015277,1412000012609,249,403,8111,AP
Vehículo Privado,5,1403900015578,1412000016758,163,432,8387,AP
Vehículo Privado,5,1404400010100,1404400050261,10,1005,1025,AP
Vehículo Privado,5,1404400010100,1409700411263,10,1005,5193,AP
Vehículo Privado,5,1404400010280,1404400100238,10,1006,1028,AP
Vehículo Privado,5,1404400010295,1407000200191,10,1007,3066,AP
Vehículo Privado,5,1404400020115,1407000140276,7,1014,3046,AP
Vehículo Privado,5,1404400020134,1407000010702,7,1016,3015,AP
Vehículo Privado,5,1404400020134,1407000130350,14,1016,3031,AP
Vehículo Privado,5,1404400020134,1407000200257,7,1016,3069,AP
Vehículo Privado,5,1404400020134,99999000A,7,1016,10002,AP
Vehículo Privado,5,1404400050257,1407000140276,27,1024,3046,AP
Vehículo Privado,5,1404400100238,1407000130401,27,1028,3033,AP
Vehículo Privado,5,1404400100242,140440011,27,1029,1031,AP
Vehículo Privado,5,1404400540401,140440011,81,1033,1031,AP
Vehículo Privado,5,1404400540401,14097059A,27,1033,5241,AP
Vehículo Privado,5,1404400540416,14097059A,27,1034,5241,AP
Vehículo Privado,5,1404400540435,1409704241761,27,1036,5232,AP
Vehículo Privado,5,1404401700399,140440011,54,1039,1031,AP
Vehículo Privado,5,1405100010054,1407000140276,59,2002,3046,AP
Vehículo Privado,5,1405100010054,1409800012095,59,2002,6108,AP
Vehículo Privado,5,1405100010054,1412000011846,59,2002,8058,AP
Vehículo Privado,5,1405100020181,1407000140558,21,2015,3055,AP
Vehículo Privado,5,1405100020209,1407000200191,21,2017,3066,AP
Vehículo Privado,5,1405100020213,999990005,21,2018,10004,AP
Vehículo Privado,5,1405100020213,1410100260683,21,2018,7197,AP
Vehículo Privado,5,1405100020213,140980001053A,21,2018,6019,AP
Vehículo Privado,5,1407000010098,1407000200257,118,3003,3069,AP
Vehículo Privado,5,1407000010100,14070140A,59,3004,3131,AP
Vehículo Privado,5,1407000010134,1407000200191,59,3007,3066,AP
Vehículo Privado,5,1407000010134,14097059A,59,3007,5241,AP
Vehículo Privado,5,1407000010702,1407000140276,59,3015,3046,AP
Vehículo Privado,5,1407000011503,14070140A,59,3026,3131,AP
Vehículo Privado,5,1407000130327,14097059A,63,3030,5241,AP
Vehículo Privado,5,1407000130401,1407000140276,23,3033,3046,AP
Vehículo Privado,5,1407000130420,1407000130238,63,3035,3029,AP
Vehículo Privado,5,1407000131452,140700021101A,96,3041,3088,AP
Vehículo Privado,5,1407000140223,1412000016758,63,3045,8387,AP
Vehículo Privado,5,1407000140488,1403900012554,63,3053,209,AP
Vehículo Privado,5,1407000140810,14070140A,126,3058,3131,AP
Vehículo Privado,5,1407000140825,140440011,63,3059,1031,AP
Vehículo Privado,5,1407000140825,140700021101A,63,3059,3088,AP
Vehículo Privado,5,1407000200079,140973679,118,3065,5390,AP
Vehículo Privado,5,1407000200191,14070140A,59,3066,3131,AP
Vehículo Privado,5,1407000200613,14070140A,118,3071,3131,AP
Vehículo Privado,5,1407000201236,1407000130401,118,3076,3033,AP
Vehículo Privado,5,1407000201236,1407000140276,59,3076,3046,AP
Vehículo Privado,5,1407000201236,14097059A,59,3076,5241,AP
Vehículo Privado,5,1407000201397,1407000200257,59,3080,3069,AP
Vehículo Privado,5,1407000201397,14097059A,59,3080,5241,AP
Vehículo Privado,5,1407000210967,140700021101A,15,3086,3088,AP
Vehículo Privado,5,1407000211109,1403900011537,63,3090,126,AP
Vehículo Privado,5,1407000211113,1403900015489,63,3091,423,AP
Vehículo Privado,5,1407000211113,1407000200191,126,3091,3066,AP
Vehículo Privado,5,1407000211151,1407000200257,63,3093,3069,AP
Vehículo Privado,5,1407001111325,1409704241761,59,3120,5232,AP
Vehículo Privado,5,1409700010195,140970104,45,5001,5209,AP
Vehículo Privado,5,1409700010212,140970015,54,5003,5060,AP
Vehículo Privado,5,1409700010212,1409704241761,54,5003,5232,AP
Vehículo Privado,5,1409700012098,14097059A,108,5021,5241,AP
Vehículo Privado,5,1409700012115,1409704241761,54,5023,5232,AP
Vehículo Privado,5,1409700012331,1409700342505,54,5026,5165,AP
Vehículo Privado,5,1409700012331,1409704241761,54,5026,5232,AP
Vehículo Privado,5,1409700053147,999990005,19,5043,10004,AP
Vehículo Privado,5,1409700053147,14097059A,19,5043,5241,AP
Vehículo Privado,5,1409700053147,99999000A,19,5043,10002,AP
Vehículo Privado,5,1409700053151,1407000200257,19,5044,3069,AP
Vehículo Privado,5,1409700053166,140973679,38,5045,5390,AP
Vehículo Privado,5,1409700053166,1404400540416,19,5045,1034,AP
Vehículo Privado,5,1409700053166,1407000200257,19,5045,3069,AP
Vehículo Privado,5,1409700053166,1409700010212,19,5045,5003,AP
Vehículo Privado,5,1409700053503,1407000211005,19,5047,3087,AP
Vehículo Privado,5,1409700053518,1409704241761,38,5048,5232,AP
Vehículo Privado,5,1409700053768,1412000016758,38,5050,8387,AP
Vehículo Privado,5,1409700053768,99999000A,19,5050,10002,AP
Vehículo Privado,5,1409700092825,1404400010079,114,5052,1002,AP
Vehículo Privado,5,1409700092825,1407000130401,57,5052,3033,AP
Vehículo Privado,5,1409700092825,1407000200242,57,5052,3068,AP
Vehículo Privado,5,1409700092825,14097059A,114,5052,5241,AP
Vehículo Privado,5,1409700092878,1404400050261,57,5057,1025,AP
Vehículo Privado,5,1409700092878,14097059A,57,5057,5241,AP
Vehículo Privado,5,1409700150956,140973679,10,5068,5390,AP
Vehículo Privado,5,1409700150960,1409700340388,10,5069,5158,AP
Vehículo Privado,5,1409700213838,1409700053575,19,5080,5049,AP
Vehículo Privado,5,1409700233202,1409700012115,54,5085,5023,AP
Vehículo Privado,5,1409700250354,1409700340250,51,5087,5156,AP
Vehículo Privado,5,1409700250354,1409704241761,102,5087,5232,AP
Vehículo Privado,5,1409700250369,1409700340250,102,5088,5156,AP
Vehículo Privado,5,1409700250369,1409704240443,255,5088,5228,AP
Vehículo Privado,5,1409700250369,1409704241761,102,5088,5232,AP
Vehículo Privado,5,1409700312774,140973679,30,5132,5390,AP
Vehículo Privado,5,1409700312774,1409800011928,10,5132,6099,AP
Vehículo Privado,5,1409700312789,1409700250477,10,5133,5091,AP
Vehículo Privado,5,1409700312789,1409700340388,10,5133,5158,AP
Vehículo Privado,5,1409700340250,140970104,19,5156,5209,AP
Vehículo Privado,5,1409700340250,999990006,19,5156,10005,AP
Vehículo Privado,5,1409700340373,1409800011928,19,5157,6099,AP
Vehículo Privado,5,1409700340388,999990006,19,5158,10005,AP
Vehículo Privado,5,1409700340388,1409700320053,38,5158,5135,AP
Vehículo Privado,5,1409700340388,140980001053A,19,5158,6019,AP
Vehículo Privado,5,1409700342505,1409700342505,54,5165,5165,AP
Vehículo Privado,5,1409700350231,140700001037A,96,5170,3008,AP
Vehículo Privado,5,1409700432613,1409704240443,19,5204,5228,AP
Vehículo Privado,5,1409701152596,1407000200191,59,5217,3066,AP
Vehículo Privado,5,1409705601032,1409700152064,104,5236,5074,AP
Vehículo Privado,5,1409706133927,1409700010212,188,5243,5003,AP
Vehículo Privado,5,1409706133927,1412000010636,94,5243,8015,AP
Vehículo Privado,5,1409706133931,1409704241761,94,5244,5232,AP
Vehículo Privado,5,1409707771780,1409800012428,57,5247,6131,AP
Vehículo Privado,5,1409707771780,14097059A,114,5247,5241,AP
Vehículo Privado,5,1409707772365,1407000200242,57,5248,3068,AP
Vehículo Privado,5,1409707772365,1407000200257,114,5248,3069,AP
Vehículo Privado,5,1409707772365,14097059A,57,5248,5241,AP
Vehículo Privado,5,1409708221530,1407000200242,242,5252,3068,AP
Vehículo Privado,5,1409708221564,1409700411263,242,5255,5193,AP
Vehículo Privado,5,1409708221583,1403900012605,242,5257,214,AP
Vehículo Privado,5,1409708221583,1403900015489,242,5257,423,AP
Vehículo Privado,5,1409708221600,140970104,242,5259,5209,AP
Vehículo Privado,5,1409708223749,1409700340250,484,5290,5156,AP
Vehículo Privado,5,1409708234003,1412000010636,94,5291,8015,AP
Vehículo Privado,5,1409708331865,1412000016758,242,5312,8387,AP
Vehículo Privado,5,1409708332933,140973679,242,5316,5390,AP
Vehículo Privado,5,1409708332933,1412000016758,242,5316,8387,AP
Vehículo Privado,5,1409708353378,1407000200257,54,5325,3069,AP
Vehículo Privado,5,1409708362793,99999000A,188,5328,10002,AP
Vehículo Privado,5,1409708441687,1403900015370,104,5345,413,AP
Vehículo Privado,5,1409708441687,1409800010370,104,5345,6014,AP
Vehículo Privado,5,1409708441691,1409700342505,104,5346,5165,AP
Vehículo Privado,5,1409708614075,1412000016758,484,5361,8387,AP
Vehículo Privado,5,1409708622914,1412000010636,94,5363,8015,AP
Vehículo Privado,5,1409708623414,1409700152064,104,5366,5074,AP
Vehículo Privado,5,1409708623414,1409700340250,188,5366,5156,AP
Vehículo Privado,5,1409708623414,1412000010636,94,5366,8015,AP
Vehículo Privado,5,1409708634111,99999000A,57,5367,10002,AP
Vehículo Privado,5,1409708634145,14097059A,57,5369,5241,AP
Vehículo Privado,5,1409708843965,1409704240443,208,5379,5228,AP
Vehículo Privado,5,1409708843965,1409704241761,104,5379,5232,AP
Vehículo Privado,5,1409800010968,1409700012115,356,6030,5023,AP
Vehículo Privado,5,1409800011063,1412000016758,178,6037,8387,AP
Vehículo Privado,5,1409800011237,14070140A,192,6050,3131,AP
Vehículo Privado,5,1409800011951,1409704241761,163,6100,5232,AP
Vehículo Privado,5,1409800011970,1409704240443,163,6102,5228,AP
Vehículo Privado,5,1409800011970,1409800011928,163,6102,6099,AP
Vehículo Privado,5,1409800012112,1409704241761,23,6110,5232,AP
Vehículo Privado,5,1409800012150,1403900015366,23,6112,412,AP
Vehículo Privado,5,1409800012150,1409800011928,23,6112,6099,AP
Vehículo Privado,5,1409800012362,1409800011951,163,6127,6100,AP
Vehículo Privado,5,1409800012432,1412000011297,227,6132,8041,AP
Vehículo Privado,5,1409800012625,14070140A,178,6150,3131,AP
Vehículo Privado,5,1409800012663,1412000010640,23,6154,8016,AP
Vehículo Privado,5,1409800012767,1407000140276,23,6162,3046,AP
Vehículo Privado,5,1409800012767,14070140A,23,6162,3131,AP
Vehículo Privado,5,1409800012786,1407000130238,178,6164,3029,AP
Vehículo Privado,5,1409800012803,99999000A,178,6166,10002,AP
Vehículo Privado,5,1409800012837,1403900012696,23,6169,221,AP
Vehículo Privado,5,1409800012837,99999000A,24,6169,10002,AP
Vehículo Privado,5,1409800012911,1409800011260,91,6175,6053,AP
Vehículo Privado,5,1409800013214,99999000A,96,6199,10002,AP
Vehículo Privado,5,1410100010147,1412000012204,18,7001,8073,AP
Vehículo Privado,5,1410100010151,1412000011846,18,7002,8058,AP
Vehículo Privado,5,1410100010151,1412000016758,18,7002,8387,AP
Vehículo Privado,5,1410100010378,1403900012573,234,7007,211,AP
Vehículo Privado,5,1410100010378,1412000011009,234,7007,8029,AP
Vehículo Privado,5,1410100010433,1409800012856,356,7011,6171,AP
Vehículo Privado,5,1410100010433,141200001575A,178,7011,8334,AP
Vehículo Privado,5,1410100010471,140700021101A,41,7014,3088,AP
Vehículo Privado,5,1410100010490,1412000016758,234,7016,8387,AP
Vehículo Privado,5,1410100010522,141205567,109,7019,8546,AP
Vehículo Privado,5,1410100011130,1409704241761,41,7069,5232,AP
Vehículo Privado,5,1410100011164,1412000011846,144,7072,8058,AP
Vehículo Privado,5,1410100011357,1412000011846,492,7086,8058,AP
Vehículo Privado,5,1410100011554,140980001053A,46,7100,6019,AP
Vehículo Privado,5,1410100011639,1412000016758,356,7108,8387,AP
Vehículo Privado,5,1410100011766,1412000016758,144,7115,8387,AP
Vehículo Privado,5,1410100012016,1407000130401,234,7127,3033,AP
Vehículo Privado,5,1410100091677,99999000A,109,7155,10002,AP
Vehículo Privado,5,1410100092143,141200001098A,109,7172,8027,AP
Vehículo Privado,5,1410100220024,141012567,144,7193,7232,AP
Vehículo Privado,5,1410100261709,1409700411263,46,7203,5193,AP
Vehículo Privado,5,1410100272340,14070140A,23,7208,3131,AP
Vehículo Privado,5,1410100312317,1407000200191,23,7211,3066,AP
Vehículo Privado,5,1410100312317,14070140A,69,7211,3131,AP
Vehículo Privado,5,1410100380132,141012567,288,7219,7232,AP
Vehículo Privado,5,1412000010246,1412000016550,178,8004,8372,AP
Vehículo Privado,5,1412000010265,1412000016601,178,8005,8377,AP
Vehículo Privado,5,1412000010602,1412000011297,45,8013,8041,AP
Vehículo Privado,5,1412000010617,141205567,110,8014,8546,AP
Vehículo Privado,5,1412000010617,1412000010617,110,8014,8014,AP
Vehículo Privado,5,1412000010617,1412000016758,220,8014,8387,AP
Vehículo Privado,5,1412000010617,1412002434713,110,8014,8517,AP
Vehículo Privado,5,1412000010636,1412000010636,94,8015,8015,AP
Vehículo Privado,5,1412000011193,1412000016758,88,8035,8387,AP
Vehículo Privado,5,1412000011206,1412000013664,19,8036,8197,AP
Vehículo Privado,5,1412000011210,1412000016599,264,8037,8376,AP
Vehículo Privado,5,1412000011460,1409704240975,267,8044,5230,AP
Vehículo Privado,5,1412000011579,1412000010617,178,8046,8014,AP
Vehículo Privado,5,1412000012134,1403900013088,96,8071,232,AP
Vehículo Privado,5,1412000012257,1412000011206,96,8078,8036,AP
Vehículo Privado,5,1412000012280,1412000010689,137,8081,8019,AP
Vehículo Privado,5,1412000012295,1412000014427,49,8082,8251,AP
Vehículo Privado,5,1412000012295,1412000015497,49,8082,8321,AP
Vehículo Privado,5,1412000012308,1412000010640,98,8083,8016,AP
Vehículo Privado,5,1412000012789,1412000016758,96,8126,8387,AP
Vehículo Privado,5,1412000012793,1403900013088,48,8127,232,AP
Vehículo Privado,5,1412000012948,141205567,88,8140,8546,AP
Vehículo Privado,5,1412000013043,1412000011846,137,8149,8058,AP
Vehículo Privado,5,1412000013113,1412000016758,144,8155,8387,AP
Vehículo Privado,5,1412000013236,1412000016758,137,8166,8387,AP
Vehículo Privado,5,1412000013397,1412000011846,178,8176,8058,AP
Vehículo Privado,5,1412000013734,1412000016550,96,8204,8372,AP
Vehículo Privado,5,1412000013791,1403900013088,48,8208,232,AP
Vehículo Privado,5,1412000014094,1412000011846,95,8222,8058,AP
Vehículo Privado,5,1412000014272,1412002315887,96,8236,8489,AP
Vehículo Privado,5,1412000014535,141205567,267,8262,8546,AP
Vehículo Privado,5,1412000014605,1412000016758,267,8269,8387,AP
Vehículo Privado,5,1412000014658,1412000016758,49,8272,8387,AP
Vehículo Privado,5,1412000015177,999990001,48,8299,10006,AP
Vehículo Privado,5,1412000015209,1412000015209,45,8302,8302,AP
Vehículo Privado,5,1412000015533,1412000016758,96,8323,8387,AP
Vehículo Privado,5,1412000015552,1409704241761,38,8325,5232,AP
Vehículo Privado,5,1412000016103,1409800012381,49,8353,6129,AP
Vehículo Privado,5,1412000016508,1403900012179,31,8367,182,AP
Vehículo Privado,5,1412000016512,1412000011846,31,8368,8058,AP
Vehículo Privado,5,1412000016531,1412000016550,132,8370,8372,AP
Vehículo Privado,5,1412000016584,1412000016902,31,8375,8402,AP
Vehículo Privado,5,1412000016620,1412000016758,124,8379,8387,AP
Vehículo Privado,5,1412000016885,1412000011846,132,8400,8058,AP
Vehículo Privado,5,1412000016902,1412002434713,110,8402,8517,AP
Vehículo Privado,5,1412000016921,1412000016758,62,8404,8387,AP
Vehículo Privado,5,1412000620176,1412002434709,264,8446,8516,AP
Vehículo Privado,5,1412002065054,1403900012554,3,8462,209,AP
Vehículo Privado,5,1412002313823,1412000016758,132,8469,8387,AP
Vehículo Privado,5,1412002313838,141205567,132,8470,8546,AP
Vehículo Privado,5,1412002314145,1412000016550,48,8475,8372,AP
Vehículo Privado,5,1412002314145,141200231625A,24,8475,8495,AP
Vehículo Privado,5,1412002314164,1412002434713,24,8477,8517,AP
Vehículo Privado,5,1412002314179,1412000011846,24,8478,8058,AP
Vehículo Privado,5,1412002314179,1412000016758,48,8478,8387,AP
Vehículo Privado,5,1412002315618,1412000011278,132,8484,8039,AP
Vehículo Privado,5,1412002315779,1412000011846,24,8487,8058,AP
Vehículo Privado,5,1412002315779,1412000016550,24,8487,8372,AP
Vehículo Privado,5,1412002434709,1412000011846,26,8516,8058,AP
Vehículo Privado,5,1412002434709,1412002434709,267,8516,8516,AP
Vehículo Privado,5,1412002434713,1412000011009,13,8517,8029,AP
Vehículo Privado,5,1412004307421,1412000011846,118,8521,8058,AP
Vehículo Privado,5,1412004307421,1412000016550,59,8521,8372,AP
Vehículo Privado,5,1412004307421,1412000016758,59,8521,8387,AP
Vehículo Privado,5,1412007570462,1412000011846,59,8530,8058,AP
Vehículo Privado,5,1412007570462,1412000016758,59,8530,8387,AP
Vehículo Privado,5,1412007580566,141200231625A,59,8534,8495,AP
Vehículo Privado,5,1412007580744,1403900011414,59,8536,117,AP
Vehículo Privado,5,1412007580744,1412000010617,59,8536,8014,AP
Vehículo Privado,5,1412007580744,1412000011009,59,8536,8029,AP
Vehículo Privado,5,1412007580744,1412000016550,59,8536,8372,AP
Vehículo Privado,5,1412401760160,999990005,6,9051,10004,AP
Vehículo Privado,5,140390001418A,1403900013088,498,304,232,AP
Vehículo Privado,5,140440002012A,140440011,14,1015,1031,AP
Vehículo Privado,5,140440002012A,1407000130401,14,1015,3033,AP
Vehículo Privado,5,140440002012A,1407000140276,7,1015,3046,AP
Vehículo Privado,5,140510001004A,1407000200191,2,2001,3066,AP
Vehículo Privado,5,140510001004A,1407000200257,6,2001,3069,AP
Vehículo Privado,5,140510001004A,1409700411263,2,2001,5193,AP
Vehículo Privado,5,140510001004A,1409701150890,2,2001,5212,AP
Vehículo Privado,5,140510001004A,1412000016758,8,2001,8387,AP
Vehículo Privado,5,140510001004A,14070140A,2,2001,3131,AP
Vehículo Privado,5,140510001004A,99999000A,2,2001,10002,AP
Vehículo Privado,5,140700001012A,1405100010054,59,3006,2002,AP
Vehículo Privado,5,140700020126A,1407000200191,59,3078,3066,AP
Vehículo Privado,5,140700111133A,1407000130401,59,3121,3033,AP
Vehículo Privado,5,140700111133A,14070140A,118,3121,3131,AP
Vehículo Privado,5,140700111133A,14097059A,59,3121,5241,AP
Vehículo Privado,5,140700111133A,141200001664A,59,3121,8381,AP
Vehículo Privado,5,14070140A,1407000200242,177,3131,3068,AP
Vehículo Privado,5,140970005034A,1409800011716,19,5036,6082,AP
Vehículo Privado,5,140970009283A,1407000200257,171,5053,3069,AP
Vehículo Privado,5,140970009283A,1409700411263,57,5053,5193,AP
Vehículo Privado,5,140970023276A,1409700342505,54,5084,5165,AP
Vehículo Privado,5,140970032027A,1409700340848,104,5138,5160,AP
Vehículo Privado,5,140970424098A,999990006,38,5231,10005,AP
Vehículo Privado,5,14097059A,14097059A,27,5241,5241,AP
Vehículo Privado,5,140970777244A,14097059A,57,5250,5241,AP
Vehículo Privado,5,140970822358A,1412000014501,242,5285,8259,AP
Vehículo Privado,5,140970843269A,1412000010636,94,5339,8015,AP
Vehículo Privado,5,140970862290A,1412000010636,94,5362,8015,AP
Vehículo Privado,5,140980001320A,1407000140558,96,6198,3055,AP
Vehículo Privado,5,141010009211A,1412000016758,109,7169,8387,AP
Vehículo Privado,5,141200001027A,1412000016758,178,8006,8387,AP
Vehículo Privado,5,141200001290A,1412000010617,88,8136,8014,AP
Vehículo Privado,5,141200001689A,1412000011846,132,8401,8058,AP
Vehículo Privado,5,141200231696A,1412002434713,132,8505,8517,AP
Vehículo Privado,5,141200758080A,1412000016550,59,8539,8372,AP
Vehículo Privado,5,141240029,140390001101A,6,9042,81,AP
Vehículo Privado,5,1403900010454,1412000010405,226,31,8011,AP
Vehículo Privado,5,1403900010755,140390001083A,111,57,64,AP
Vehículo Privado,5,1403900011289,1403900011043,75,104,84,AP
Vehículo Privado,5,1403900011908,140390001101A,111,159,81,AP
Vehículo Privado,5,1403900013336,1403900015366,119,238,412,AP
Vehículo Privado,5,1403900014014,1403900012569,454,288,210,AP
Vehículo Privado,5,1403900014300,140390001083A,234,316,64,AP
Vehículo Privado,5,1407000140488,1403900012319,63,3053,193,AP
Vehículo Privado,5,1407000430492,99999000A,63,3098,10002,AP
Vehículo Privado,5,1407001211518,1409800010031,23,3127,6001,AP
Vehículo Privado,5,1409700010918,1409708432647,15,5009,5334,AP
Vehículo Privado,5,1409700012115,141200001447A,54,5023,8256,AP
Vehículo Privado,5,1409700150227,1409700010212,20,5061,5003,AP
Vehículo Privado,5,1409700381827,1409708623414,242,5184,5366,AP
Vehículo Privado,5,1409800010120,1403900011170,246,6008,96,AP
Vehículo Privado,5,1409800011260,14097059A,91,6053,5241,AP
Vehículo Privado,5,1409800011379,1409800010879,178,6059,6028,AP
Vehículo Privado,5,1409800011576,1409800011383,23,6072,6060,AP
Vehículo Privado,5,1409800012803,1403900011005,178,6166,80,AP
Vehículo Privado,5,1409800012822,1409800010031,178,6168,6001,AP
Vehículo Privado,5,1409800012841,14097059A,23,6170,5241,AP
Vehículo Privado,5,1409800012841,99999000A,23,6170,10002,AP
Vehículo Privado,5,1410100010151,1410100010927,18,7002,7050,AP
Vehículo Privado,5,1410100010912,1409800010879,144,7049,6028,AP
Vehículo Privado,5,1412000011206,1412000012242,38,8036,8077,AP
Vehículo Privado,5,1412000011206,99999000A,19,8036,10002,AP
Vehículo Privado,5,1412000012863,1403900011753,19,8133,145,AP
Vehículo Privado,5,1412000012863,1412000011282,19,8133,8040,AP
Vehículo Privado,5,1412000013700,1412000014107,95,8201,8223,AP
Vehículo Privado,5,1412000015158,1403900014071,96,8297,294,AP
Vehículo Privado,5,1412000017120,1412000017120,31,8417,8417,AP
Vehículo Privado,5,1412002314164,140390001101A,48,8477,81,AP
Vehículo Privado,5,1412400010480,141240001018A,70,9030,9006,AP
Vehículo Privado,5,140390001350A,1412000014198,48,243,8228,AP
Vehículo Privado,5,140510001004A,1407000200257,2,2001,3069,AP
Vehículo Privado,5,140700014083A,99999000A,63,3060,10002,AP
Vehículo Privado,5,14097059A,99999000A,96,5241,10002,AP
Vehículo Privado,5,140980001270A,1409800011434,91,6156,6063,AP
Vehículo Privado,5,141010009211A,99999000A,109,7169,10002,AP
Vehículo Privado,5,141200001290A,1403900011170,88,8136,96,AP
Vehículo Privado,5,141200001422A,1412000010994,137,8231,8028,AP
Vehículo Privado,6,140440011,140440011,145,1031,1031,AP
Vehículo Privado,6,140440011,999990005,10,1031,10004,AP
Vehículo Privado,6,140440011,999990006,10,1031,10005,AP
Vehículo Privado,6,140440011,1403900014122,27,1031,299,AP
Vehículo Privado,6,140440011,1404400010098,54,1031,1004,AP
Vehículo Privado,6,140440011,1404400010100,10,1031,1005,AP
Vehículo Privado,6,140440011,1404401700219,27,1031,1037,AP
Vehículo Privado,6,140440011,1407000130401,10,1031,3033,AP
Vehículo Privado,6,140440011,1407000210736,27,1031,3082,AP
Vehículo Privado,6,140440011,1409700010922,27,1031,5010,AP
Vehículo Privado,6,140440011,1409700092810,10,1031,5051,AP
Vehículo Privado,6,140440011,14070140A,27,1031,3131,AP
Vehículo Privado,6,140440011,14097059A,30,1031,5241,AP
Vehículo Privado,6,140440011,99999000A,47,1031,10002,AP
Vehículo Privado,6,140440026,999990005,40,1032,10004,AP
Vehículo Privado,6,140440026,1412002315887,20,1032,8489,AP
Vehículo Privado,6,140701467,1403900011024,23,3133,82,AP
Vehículo Privado,6,140701467,1409800010506,23,3133,6017,AP
Vehículo Privado,6,140701467,1409800012216,23,3133,6117,AP
Vehículo Privado,6,140701467,1412400010300,23,3133,9016,AP
Vehículo Privado,6,140701467,141240001018A,23,3133,9006,AP
Vehículo Privado,6,140970015,140970015,19,5060,5060,AP
Vehículo Privado,6,140970015,1409700340250,19,5060,5156,AP
Vehículo Privado,6,140970015,1412000011206,19,5060,8036,AP
Vehículo Privado,6,140970104,140970015,19,5209,5060,AP
Vehículo Privado,6,140970104,140970104,38,5209,5209,AP
Vehículo Privado,6,140970104,140973679,19,5209,5390,AP
Vehículo Privado,6,140970104,999990006,57,5209,10005,AP
Vehículo Privado,6,140970104,1403900011170,19,5209,96,AP
Vehículo Privado,6,140970104,1409700010918,19,5209,5009,AP
Vehículo Privado,6,140970104,1409700340250,19,5209,5156,AP
Vehículo Privado,6,140970104,1409700432628,19,5209,5205,AP
Vehículo Privado,6,140970104,1409704240443,19,5209,5228,AP
Vehículo Privado,6,140970104,1409708441687,19,5209,5345,AP
Vehículo Privado,6,140970104,1409800140027,38,5209,6217,AP
Vehículo Privado,6,140970104,1409800143159,76,5209,6228,AP
Vehículo Privado,6,140970123,140440011,10,5222,1031,AP
Vehículo Privado,6,140970123,140970123,20,5222,5222,AP
Vehículo Privado,6,140970123,1404400540416,20,5222,1034,AP
Vehículo Privado,6,140970123,1409700012115,10,5222,5023,AP
Vehículo Privado,6,140970123,1409700150960,10,5222,5069,AP
Vehículo Privado,6,140970602,1403900013745,91,5242,264,AP
Vehículo Privado,6,140970602,1409701801244,104,5242,5226,AP
Vehículo Privado,6,140970602,1409800011928,104,5242,6099,AP
Vehículo Privado,6,140970602,1412000010706,91,5242,8020,AP
Vehículo Privado,6,140970602,141200001447A,273,5242,8256,AP
Vehículo Privado,6,140972416,1403900012573,15,5387,211,AP
Vehículo Privado,6,140972416,1409800011716,15,5387,6082,AP
Vehículo Privado,6,140973679,1409700010212,54,5390,5003,AP
Vehículo Privado,6,140973679,1409704240443,10,5390,5228,AP
Vehículo Privado,6,140973679,1409708352736,54,5390,5323,AP
Vehículo Privado,6,140980012,1403900011170,38,6216,96,AP
Vehículo Privado,6,140980012,1409704241761,76,6216,5232,AP
Vehículo Privado,6,140980012,1409800143248,38,6216,6232,AP
Vehículo Privado,6,140980012,1412000012331,104,6216,8086,AP
Vehículo Privado,6,140980243,1403900011359,15,6237,111,AP
Vehículo Privado,6,140980243,1410100011003,15,6237,7058,AP
Vehículo Privado,6,140980243,99999000A,15,6237,10002,AP
Vehículo Privado,6,141011963,1403900011467,18,7230,122,AP
Vehículo Privado,6,141011963,1403900011861,144,7230,155,AP
Vehículo Privado,6,141011963,1410100010927,18,7230,7050,AP
Vehículo Privado,6,141011963,140390001083A,18,7230,64,AP
Vehículo Privado,6,141011963,140390001457A,144,7230,338,AP
Vehículo Privado,6,141200068,1412000010231,132,8451,8003,AP
Vehículo Privado,6,141200068,1412000014836,132,8451,8281,AP
Vehículo Privado,6,141200068,1412002314179,132,8451,8478,AP
Vehículo Privado,6,141200087,1412000012793,48,8452,8127,AP
Vehículo Privado,6,141200123,141200123,15,8455,8455,AP
Vehículo Privado,6,141200123,1403900011293,59,8455,105,AP
Vehículo Privado,6,141200123,1403900011359,3,8455,111,AP
Vehículo Privado,6,141200123,1412000010617,132,8455,8014,AP
Vehículo Privado,6,141200123,1412000012242,6,8455,8077,AP
Vehículo Privado,6,141200123,1412000016512,138,8455,8368,AP
Vehículo Privado,6,141200123,1412000016550,3,8455,8372,AP
Vehículo Privado,6,141200123,1412002316673,15,8455,8502,AP
Vehículo Privado,6,141200123,1412007580744,59,8455,8536,AP
Vehículo Privado,6,141200123,141200001098A,3,8455,8027,AP
Vehículo Privado,6,141200123,141200001319A,3,8455,8163,AP
Vehículo Privado,6,141200142,141200142,13,8459,8459,AP
Vehículo Privado,6,141200142,1409700340250,13,8459,5156,AP
Vehículo Privado,6,141200142,1409800011928,26,8459,6099,AP
Vehículo Privado,6,141200142,1412000010405,13,8459,8011,AP
Vehículo Privado,6,141200142,1412000010617,26,8459,8014,AP
Vehículo Privado,6,141200142,1412000012952,13,8459,8141,AP
Vehículo Privado,6,141200142,1412000013664,13,8459,8197,AP
Vehículo Privado,6,141200142,1412000016512,26,8459,8368,AP
Vehículo Privado,6,141200142,1412001395980,13,8459,8457,AP
Vehículo Privado,6,141200142,1412002314145,26,8459,8475,AP
Vehículo Privado,6,141200142,1412002315887,13,8459,8489,AP
Vehículo Privado,6,141200142,1412002434713,13,8459,8517,AP
Vehículo Privado,6,141200157,1412000011278,19,8460,8039,AP
Vehículo Privado,6,141205567,141205567,59,8546,8546,AP
Vehículo Privado,6,141240029,141240029,30,9042,9042,AP
Vehículo Privado,6,141240029,141240103,3,9042,9050,AP
Vehículo Privado,6,141240029,999990004,3,9042,10001,AP
Vehículo Privado,6,141240029,999990006,6,9042,10005,AP
Vehículo Privado,6,141240029,1410100010912,3,9042,7049,AP
Vehículo Privado,6,141240029,1412400010175,6,9042,9005,AP
Vehículo Privado,6,141240029,141240001018A,3,9042,9006,AP
Vehículo Privado,6,141240033,141240014,6,9043,9041,AP
Vehículo Privado,6,141240033,141240029,3,9043,9042,AP
Vehículo Privado,6,141240033,141240033,18,9043,9043,AP
Vehículo Privado,6,141240033,999990004,9,9043,10001,AP
Vehículo Privado,6,141240033,1403900010863,3,9043,67,AP
Vehículo Privado,6,141240033,1410100010931,3,9043,7051,AP
Vehículo Privado,6,141240033,1412400010175,6,9043,9005,AP
Vehículo Privado,6,141240033,1412400010495,6,9043,9031,AP
Vehículo Privado,6,141240048,1403900011005,35,9044,80,AP
Vehículo Privado,6,141240071,141240086,35,9045,9046,AP
Vehículo Privado,6,141240071,141240090,35,9045,9047,AP
Vehículo Privado,6,141240071,141240103,35,9045,9050,AP
Vehículo Privado,6,141240071,1412400010141,70,9045,9003,AP
Vehículo Privado,6,141240090,141240033,3,9047,9043,AP
Vehículo Privado,6,141240090,141240090,45,9047,9047,AP
Vehículo Privado,6,141240090,999990004,21,9047,10001,AP
Vehículo Privado,6,141240090,1405100020181,3,9047,2015,AP
Vehículo Privado,6,141240090,1409800010879,3,9047,6028,AP
Vehículo Privado,6,141240090,1409800010953,3,9047,6029,AP
Vehículo Privado,6,141240090,1410100010452,3,9047,7013,AP
Vehículo Privado,6,141240090,1410100260683,6,9047,7197,AP
Vehículo Privado,6,141240090,1412000012929,21,9047,8138,AP
Vehículo Privado,6,141240090,1412400010175,9,9047,9005,AP
Vehículo Privado,6,141240090,1412400010226,21,9047,9008,AP
Vehículo Privado,6,141240090,1412400010438,21,9047,9025,AP
Vehículo Privado,6,141240090,1412400010512,21,9047,9033,AP
Vehículo Privado,6,141240090,1412400940387,3,9047,9048,AP
Vehículo Privado,6,999990001,999990001,38,10006,10006,AP
Vehículo Privado,6,999990001,1409800012930,23,10006,6177,AP
Vehículo Privado,6,999990004,141200157,19,10001,8460,AP
Vehículo Privado,6,999990004,999990004,19,10001,10001,AP
Vehículo Privado,6,999990004,141200758080A,59,10001,8539,AP
Vehículo Privado,6,999990005,141011963,18,10004,7230,AP
Vehículo Privado,6,999990006,141200001340A,38,10005,8177,AP
Vehículo Privado,6,1403900010030,1403900011062,75,2,85,AP
Vehículo Privado,6,1403900010030,1403900011170,75,2,96,AP
Vehículo Privado,6,1403900010030,1403900011787,150,2,147,AP
Vehículo Privado,6,1403900010030,1403900012605,75,2,214,AP
Vehículo Privado,6,1403900010030,1412000012914,150,2,8137,AP
Vehículo Privado,6,1403900010030,1412000013293,75,2,8170,AP
Vehículo Privado,6,1403900010030,1412000016828,150,2,8394,AP
Vehículo Privado,6,1403900010064,1403900010929,404,4,72,AP
Vehículo Privado,6,1403900010064,1412000010405,202,4,8011,AP
Vehículo Privado,6,1403900010115,999990001,404,6,10006,AP
Vehículo Privado,6,1403900010115,1403900015366,202,6,412,AP
Vehículo Privado,6,1403900010149,999990001,202,8,10006,AP
Vehículo Privado,6,1403900010149,141200001422A,202,8,8231,AP
Vehículo Privado,6,1403900010153,1403900010670,202,9,49,AP
Vehículo Privado,6,1403900010153,141200001486A,48,9,8284,AP
Vehículo Privado,6,1403900010238,1403900012183,226,13,183,AP
Vehículo Privado,6,1403900010238,1403900012605,452,13,214,AP
Vehículo Privado,6,1403900010280,1403900011170,150,16,96,AP
Vehículo Privado,6,1403900010365,1403900010505,226,23,35,AP
Vehículo Privado,6,1403900010454,1403900013834,226,31,271,AP
Vehículo Privado,6,1403900010469,1403900013976,226,32,284,AP
Vehículo Privado,6,1403900010473,1403900011556,226,33,127,AP
Vehículo Privado,6,1403900010473,1403900012179,226,33,182,AP
Vehículo Privado,6,1403900010473,140390001382A,226,33,270,AP
Vehículo Privado,6,1403900010505,1412000011009,226,35,8029,AP
Vehículo Privado,6,1403900010539,1403900011382,498,38,114,AP
Vehículo Privado,6,1403900010562,1403900013143,75,40,233,AP
Vehículo Privado,6,1403900010562,1409800011928,150,40,6099,AP
Vehículo Privado,6,1403900010562,141200001116A,150,40,8033,AP
Vehículo Privado,6,1403900010577,1403900011170,75,41,96,AP
Vehículo Privado,6,1403900010577,1412000010814,75,41,8022,AP
Vehículo Privado,6,1403900010577,1412000013306,75,41,8171,AP
Vehículo Privado,6,1403900010596,1412000016550,75,42,8372,AP
Vehículo Privado,6,1403900010609,1403900011804,75,43,149,AP
Vehículo Privado,6,1403900010613,1403900010929,75,44,72,AP
Vehículo Privado,6,1403900010613,1412000010890,137,44,8023,AP
Vehículo Privado,6,1403900010651,1403900010312,202,47,19,AP
Vehículo Privado,6,1403900010651,1412000011225,202,47,8038,AP
Vehículo Privado,6,1403900010651,1412002434709,202,47,8516,AP
Vehículo Privado,6,1403900010666,1403900011804,202,48,149,AP
Vehículo Privado,6,1403900010666,1412000011009,202,48,8029,AP
Vehículo Privado,6,1403900010702,1403900010365,606,52,23,AP
Vehículo Privado,6,1403900010702,1403900011170,202,52,96,AP
Vehículo Privado,6,1403900010736,1403900010755,202,55,57,AP
Vehículo Privado,6,1403900010755,1403900011626,111,57,133,AP
Vehículo Privado,6,1403900010774,1403900010454,333,58,31,AP
Vehículo Privado,6,1403900010774,1403900011170,111,58,96,AP
Vehículo Privado,6,1403900010806,1410100260698,249,61,7198,AP
Vehículo Privado,6,1403900010897,1403900011429,249,70,118,AP
Vehículo Privado,6,1403900010897,1403900011467,249,70,122,AP
Vehículo Privado,6,1403900010929,1403900011062,150,72,85,AP
Vehículo Privado,6,1403900010929,1403900013143,300,72,233,AP
Vehículo Privado,6,1403900010929,1409700092844,75,72,5054,AP
Vehículo Privado,6,1403900010929,1412000011278,75,72,8039,AP
Vehículo Privado,6,1403900010929,1412000012914,225,72,8137,AP
Vehículo Privado,6,1403900010967,1403900015366,202,76,412,AP
Vehículo Privado,6,1403900010986,1403900011170,202,78,96,AP
Vehículo Privado,6,1403900010986,1403900011378,202,78,113,AP
Vehículo Privado,6,1403900011043,1403900011043,225,84,84,AP
Vehículo Privado,6,1403900011077,1403900010948,75,86,74,AP
Vehículo Privado,6,1403900011081,1403900011081,192,87,87,AP
Vehículo Privado,6,1403900011151,1403900011151,404,94,94,AP
Vehículo Privado,6,1403900011166,1403900011170,111,95,96,AP
Vehículo Privado,6,1403900011166,1403900014832,111,95,360,AP
Vehículo Privado,6,1403900011170,1403900011170,226,96,96,AP
Vehículo Privado,6,1403900011185,141200001098A,222,97,8027,AP
Vehículo Privado,6,1403900011217,1403900012554,249,100,209,AP
Vehículo Privado,6,1403900011289,1412000010710,75,104,8021,AP
Vehículo Privado,6,1403900011289,1412000012242,75,104,8077,AP
Vehículo Privado,6,1403900011325,1403900011325,128,108,108,AP
Vehículo Privado,6,1403900011325,1403900013853,111,108,273,AP
Vehículo Privado,6,1403900011359,1412002434713,13,111,8517,AP
Vehículo Privado,6,1403900011363,1409800011631,91,112,6075,AP
Vehículo Privado,6,1403900011429,1412000010405,249,118,8011,AP
Vehículo Privado,6,1403900011448,1410100010452,41,120,7013,AP
Vehículo Privado,6,1403900011452,1403900011132,249,121,92,AP
Vehículo Privado,6,1403900011452,1403900011452,249,121,121,AP
Vehículo Privado,6,1403900011556,1409700250369,51,127,5088,AP
Vehículo Privado,6,1403900011556,1412000011278,200,127,8039,AP
Vehículo Privado,6,1403900011556,1412002314164,24,127,8477,AP
Vehículo Privado,6,1403900011560,1403900012249,150,128,186,AP
Vehículo Privado,6,1403900011683,1412000012990,249,139,8145,AP
Vehículo Privado,6,1403900011715,1410100011338,246,142,7085,AP
Vehículo Privado,6,1403900011753,1412000016438,45,145,8365,AP
Vehículo Privado,6,1403900011768,1403900015309,119,146,406,AP
Vehículo Privado,6,1403900011768,1412000010636,119,146,8015,AP
Vehículo Privado,6,1403900011804,1403900011804,225,149,149,AP
Vehículo Privado,6,1403900011876,1403900011876,178,156,156,AP
Vehículo Privado,6,1403900011908,1412000011297,333,159,8041,AP
Vehículo Privado,6,1403900011912,141200091,222,160,8453,AP
Vehículo Privado,6,1403900011912,1412000011808,111,160,8056,AP
Vehículo Privado,6,1403900011946,1403900011664,111,163,137,AP
Vehículo Privado,6,1403900011999,1403900012569,246,168,210,AP
Vehículo Privado,6,1403900011999,1412000017402,246,168,8438,AP
Vehículo Privado,6,1403900012111,1403900012111,45,176,176,AP
Vehículo Privado,6,1403900012126,1403900011310,119,177,107,AP
Vehículo Privado,6,1403900012126,1412000012543,119,177,8107,AP
Vehículo Privado,6,1403900012249,1412000012986,75,186,8144,AP
Vehículo Privado,6,1403900012304,1403900012569,246,192,210,AP
Vehículo Privado,6,1403900012395,1403900012395,119,199,199,AP
Vehículo Privado,6,1403900012395,1410100011554,119,199,7100,AP
Vehículo Privado,6,1403900012446,1403900012569,48,203,210,AP
Vehículo Privado,6,1403900012501,1403900015366,119,204,412,AP
Vehículo Privado,6,1403900012501,1412000010405,119,204,8011,AP
Vehículo Privado,6,1403900012501,140390001457A,48,204,338,AP
Vehículo Privado,6,1403900012535,1403900012569,119,207,210,AP
Vehículo Privado,6,1403900012554,1409708432647,188,209,5334,AP
Vehículo Privado,6,1403900012569,1403900012569,139,210,210,AP
Vehículo Privado,6,1403900012569,1403900012592,96,210,213,AP
Vehículo Privado,6,1403900012588,141200142,13,212,8459,AP
Vehículo Privado,6,1403900012588,1403900012588,48,212,212,AP
Vehículo Privado,6,1403900012592,1409700411263,48,213,5193,AP
Vehículo Privado,6,1403900012624,1403900014584,246,216,339,AP
Vehículo Privado,6,1403900012639,1412000011206,246,217,8036,AP
Vehículo Privado,6,1403900012681,999990001,119,220,10006,AP
Vehículo Privado,6,1403900012696,1403900012554,119,221,209,AP
Vehículo Privado,6,1403900012696,1403900014048,227,221,291,AP
Vehículo Privado,6,1403900012696,140980001053A,119,221,6019,AP
Vehículo Privado,6,1403900012709,141205567,119,222,8546,AP
Vehículo Privado,6,1403900012709,1403900012554,119,222,209,AP
Vehículo Privado,6,1403900012709,1403900012681,238,222,220,AP
Vehículo Privado,6,1403900012709,99999000A,119,222,10002,AP
Vehículo Privado,6,1403900012713,1409800012663,23,223,6154,AP
Vehículo Privado,6,1403900012713,141200001447A,48,223,8256,AP
Vehículo Privado,6,1403900013088,1409700340373,226,232,5157,AP
Vehículo Privado,6,1403900013143,1412000013306,176,233,8171,AP
Vehículo Privado,6,1403900013209,1412000011225,249,235,8038,AP
Vehículo Privado,6,1403900013321,1403900010632,119,237,45,AP
Vehículo Privado,6,1403900013321,1410100260683,119,237,7197,AP
Vehículo Privado,6,1403900013340,1403900013783,119,239,266,AP
Vehículo Privado,6,1403900013374,1403900013529,227,240,245,AP
Vehículo Privado,6,1403900013603,1412000014338,48,252,8242,AP
Vehículo Privado,6,1403900013618,140390001083A,226,253,64,AP
Vehículo Privado,6,1403900013656,1403900014809,202,256,357,AP
Vehículo Privado,6,1403900013694,1403900015309,48,259,406,AP
Vehículo Privado,6,1403900013707,1403900015366,48,260,412,AP
Vehículo Privado,6,1403900013707,1409800011928,48,260,6099,AP
Vehículo Privado,6,1403900013711,1403900012554,48,261,209,AP
Vehículo Privado,6,1403900013711,1403900013529,48,261,245,AP
Vehículo Privado,6,1403900013711,1403900014743,144,261,352,AP
Vehículo Privado,6,1403900013726,1403900015366,48,262,412,AP
Vehículo Privado,6,1403900013730,1403900013726,48,263,262,AP
Vehículo Privado,6,1403900013853,1403900011325,222,273,108,AP
Vehículo Privado,6,1403900013923,1403900011043,226,279,84,AP
Vehículo Privado,6,1403900014033,1403900014033,227,290,290,AP
Vehículo Privado,6,1403900014048,1403900012696,227,291,221,AP
Vehículo Privado,6,1403900014048,1403900012713,227,291,223,AP
Vehículo Privado,6,1403900014048,1403900015614,227,291,436,AP
Vehículo Privado,6,1403900014052,1412000012454,119,292,8098,AP
Vehículo Privado,6,1403900014090,1403900015366,202,296,412,AP
Vehículo Privado,6,1403900014118,1403900013656,202,298,256,AP
Vehículo Privado,6,1403900014118,1403900014832,202,298,360,AP
Vehículo Privado,6,1403900014118,1409800012381,202,298,6129,AP
Vehículo Privado,6,1403900014118,1412000010369,404,298,8008,AP
Vehículo Privado,6,1403900014118,1412000011278,202,298,8039,AP
Vehículo Privado,6,1403900014368,1403900015205,234,319,397,AP
Vehículo Privado,6,1403900014387,1403900010350,226,320,22,AP
Vehículo Privado,6,1403900014404,1403900013938,226,322,280,AP
Vehículo Privado,6,1403900014404,1412000011846,226,322,8058,AP
Vehículo Privado,6,1403900014423,1403900010863,226,323,67,AP
Vehículo Privado,6,1403900014423,1412000014836,226,323,8281,AP
Vehículo Privado,6,1403900014442,141200001422A,226,325,8231,AP
Vehículo Privado,6,1403900014476,1409700340250,234,328,5156,AP
Vehículo Privado,6,1403900014527,1403900010844,234,333,65,AP
Vehículo Privado,6,1403900014527,1403900011378,234,333,113,AP
Vehículo Privado,6,1403900014527,1412000011278,234,333,8039,AP
Vehículo Privado,6,1403900014550,1403900014550,48,336,336,AP
Vehículo Privado,6,1403900014584,1412000011278,119,339,8039,AP
Vehículo Privado,6,1403900014584,141200001550A,119,339,8322,AP
Vehículo Privado,6,1403900014599,1403900013321,119,340,237,AP
Vehículo Privado,6,1403900014599,1403900015309,119,340,406,AP
Vehículo Privado,6,1403900014599,1403900015366,119,340,412,AP
Vehículo Privado,6,1403900014599,1409800141114,119,340,6218,AP
Vehículo Privado,6,1403900014599,1412000010706,119,340,8020,AP
Vehículo Privado,6,1403900014599,141200001550A,119,340,8322,AP
Vehículo Privado,6,1403900014616,1403900014033,454,342,290,AP
Vehículo Privado,6,1403900014616,140390001350A,454,342,243,AP
Vehículo Privado,6,1403900014654,1409800012358,163,346,6126,AP
Vehículo Privado,6,1403900014762,1403900011838,75,353,152,AP
Vehículo Privado,6,1403900014762,1403900014762,75,353,353,AP
Vehículo Privado,6,1403900014762,1412000010710,75,353,8021,AP
Vehículo Privado,6,1403900014777,1403900011170,75,354,96,AP
Vehículo Privado,6,1403900014828,1403900011467,226,359,122,AP
Vehículo Privado,6,1403900014828,1403900014832,226,359,360,AP
Vehículo Privado,6,1403900014847,1403900010454,226,361,31,AP
Vehículo Privado,6,1403900014847,1403900013923,226,361,279,AP
Vehículo Privado,6,1403900014870,1412000011009,404,364,8029,AP
Vehículo Privado,6,1403900014902,1412000015266,150,367,8305,AP
Vehículo Privado,6,1403900014902,1412004306940,75,367,8519,AP
Vehículo Privado,6,1403900015008,1403900013209,498,377,235,AP
Vehículo Privado,6,1403900015027,1409800010879,234,379,6028,AP
Vehículo Privado,6,1403900015099,1403900011734,234,386,144,AP
Vehículo Privado,6,1403900015099,1403900014476,234,386,328,AP
Vehículo Privado,6,1403900015120,1403900011363,468,389,112,AP
Vehículo Privado,6,1403900015296,1403900013694,249,405,259,AP
Vehículo Privado,6,1403900015332,1403900011147,48,409,93,AP
Vehículo Privado,6,1403900015332,1403900012501,96,409,204,AP
Vehículo Privado,6,1403900015366,1403900010967,202,412,76,AP
Vehículo Privado,6,1403900015366,1403900015366,226,412,412,AP
Vehículo Privado,6,1403900015366,1407000210755,15,412,3084,AP
Vehículo Privado,6,1403900015366,1409700931028,104,412,5208,AP
Vehículo Privado,6,1403900015366,1409704240975,76,412,5230,AP
Vehículo Privado,6,1403900015366,1410100010490,468,412,7016,AP
Vehículo Privado,6,1403900015366,1412000010373,202,412,8009,AP
Vehículo Privado,6,1403900015366,1412000012327,49,412,8085,AP
Vehículo Privado,6,1403900015366,1412002065054,3,412,8462,AP
Vehículo Privado,6,1403900015489,141012552,48,423,7231,AP
Vehículo Privado,6,1403900015489,1403900011467,48,423,122,AP
Vehículo Privado,6,1403900015506,1403900013374,163,425,240,AP
Vehículo Privado,6,1403900015506,1403900014442,163,425,325,AP
Vehículo Privado,6,1403900015597,140390001560A,452,434,435,AP
Vehículo Privado,6,1403900015648,1403900011753,357,439,145,AP
Vehículo Privado,6,1403900015648,1403900014546,119,439,335,AP
Vehículo Privado,6,1403900015652,1403900010929,75,440,72,AP
Vehículo Privado,6,1403900015652,1409800011097,178,440,6040,AP
Vehículo Privado,6,1403900015671,1403900012569,234,442,210,AP
Vehículo Privado,6,1404400010083,1403900010365,20,1003,23,AP
Vehículo Privado,6,1404400010098,999990005,20,1004,10004,AP
Vehículo Privado,6,1404400010098,1404400010280,10,1004,1006,AP
Vehículo Privado,6,1404400010098,1407000010030,10,1004,3001,AP
Vehículo Privado,6,1404400010098,14097059A,10,1004,5241,AP
Vehículo Privado,6,1404400010100,1404400010280,20,1005,1006,AP
Vehículo Privado,6,1404400010100,1409700411263,10,1005,5193,AP
Vehículo Privado,6,1404400010280,999990005,20,1006,10004,AP
Vehículo Privado,6,1404400010280,1403900013641,10,1006,255,AP
Vehículo Privado,6,1404400010280,1404400010098,10,1006,1004,AP
Vehículo Privado,6,1404400010280,140980001249A,10,1006,6138,AP
Vehículo Privado,6,1404400010280,99999000A,10,1006,10002,AP
Vehículo Privado,6,1404400010295,999990006,10,1007,10005,AP
Vehículo Privado,6,1404400010295,14097059A,10,1007,5241,AP
Vehículo Privado,6,1404400020115,140440011,7,1014,1031,AP
Vehículo Privado,6,1404400020115,140440026,7,1014,1032,AP
Vehículo Privado,6,1404400020115,140972308,7,1014,5384,AP
Vehículo Privado,6,1404400020115,999990005,21,1014,10004,AP
Vehículo Privado,6,1404400020115,999990006,14,1014,10005,AP
Vehículo Privado,6,1404400020115,1403900014565,7,1014,337,AP
Vehículo Privado,6,1404400020115,1404400010098,7,1014,1004,AP
Vehículo Privado,6,1404400020115,1409700050655,14,1014,5038,AP
Vehículo Privado,6,1404400020115,1409700432628,7,1014,5205,AP
Vehículo Privado,6,1404400020115,1409800012663,7,1014,6154,AP
Vehículo Privado,6,1404400020115,140440002005A,7,1014,1013,AP
Vehículo Privado,6,1404400020115,140440002012A,14,1014,1015,AP
Vehículo Privado,6,1404400020115,140970822194A,7,1014,5266,AP
Vehículo Privado,6,1404400020134,140440026,7,1016,1032,AP
Vehículo Privado,6,1404400020134,141240103,7,1016,9050,AP
Vehículo Privado,6,1404400020134,999990006,7,1016,10005,AP
Vehículo Privado,6,1404400020134,1404400020115,14,1016,1014,AP
Vehículo Privado,6,1404400020134,1405100010054,14,1016,2002,AP
Vehículo Privado,6,1404400020134,1407000010045,7,1016,3002,AP
Vehículo Privado,6,1404400020134,1407000200204,7,1016,3067,AP
Vehículo Privado,6,1404400020134,140440002012A,21,1016,1015,AP
Vehículo Privado,6,1404400020134,140970005034A,7,1016,5036,AP
Vehículo Privado,6,1404400020134,99999000A,7,1016,10002,AP
Vehículo Privado,6,1404400020153,999990005,7,1018,10004,AP
Vehículo Privado,6,1404400020153,1412000012064,7,1018,8068,AP
Vehículo Privado,6,1404400020346,999990005,14,1022,10004,AP
Vehículo Privado,6,1404400020346,1407000010100,7,1022,3004,AP
Vehículo Privado,6,1404400100223,1407000130401,57,1027,3033,AP
Vehículo Privado,6,1404400100223,1409708623414,114,1027,5366,AP
Vehículo Privado,6,1404400100223,14097059A,57,1027,5241,AP
Vehículo Privado,6,1404400100238,1403900014565,27,1028,337,AP
Vehículo Privado,6,1404400100238,1403900015366,27,1028,412,AP
Vehículo Privado,6,1404400100242,14097059A,54,1029,5241,AP
Vehículo Privado,6,1404400100242,99999000A,27,1029,10002,AP
Vehículo Privado,6,1404400540401,14097059A,27,1033,5241,AP
Vehículo Privado,6,1404400540401,99999000A,27,1033,10002,AP
Vehículo Privado,6,1404400540416,99999000A,27,1034,10002,AP
Vehículo Privado,6,1404400540420,140440026,162,1035,1032,AP
Vehículo Privado,6,1404400540420,1404400010280,27,1035,1006,AP
Vehículo Privado,6,1404400540420,1404400540416,81,1035,1034,AP
Vehículo Privado,6,1404400540435,1404400540416,27,1036,1034,AP
Vehículo Privado,6,1404401700399,14097059A,27,1039,5241,AP
Vehículo Privado,6,1405100010054,1412000011297,59,2002,8041,AP
Vehículo Privado,6,1405100010069,1403900011857,59,2003,154,AP
Vehículo Privado,6,1405100020181,1409800010597,21,2015,6020,AP
Vehículo Privado,6,1405100020181,1412000012948,21,2015,8140,AP
Vehículo Privado,6,1405100020196,1403900013317,21,2016,236,AP
Vehículo Privado,6,1405100020196,1412000010405,21,2016,8011,AP
Vehículo Privado,6,1405100020196,1412002434709,42,2016,8516,AP
Vehículo Privado,6,1405100020209,141240090,21,2017,9047,AP
Vehículo Privado,6,1405100020209,1407000010115,21,2017,3005,AP
Vehículo Privado,6,1405100020209,1407000200257,21,2017,3069,AP
Vehículo Privado,6,1405100020209,1410100260683,21,2017,7197,AP
Vehículo Privado,6,1405100020209,140510001004A,21,2017,2001,AP
Vehículo Privado,6,1405100020213,141012567,42,2018,7232,AP
Vehículo Privado,6,1405100020213,141240033,21,2018,9043,AP
Vehículo Privado,6,1405100020213,141240071,21,2018,9045,AP
Vehículo Privado,6,1405100020213,1403900011683,21,2018,139,AP
Vehículo Privado,6,1405100020213,1403900013764,21,2018,265,AP
Vehículo Privado,6,1405100020213,1409800010879,42,2018,6028,AP
Vehículo Privado,6,1405100020213,1409800011538,21,2018,6070,AP
Vehículo Privado,6,1405100020213,1410100260683,42,2018,7197,AP
Vehículo Privado,6,1405100020213,1412002065054,21,2018,8462,AP
Vehículo Privado,6,1405100020213,1412400940387,21,2018,9048,AP
Vehículo Privado,6,1405100020213,140980001053A,21,2018,6019,AP
Vehículo Privado,6,1407000010100,1407000200257,59,3004,3069,AP
Vehículo Privado,6,1407000010100,1409800010084,118,3004,6005,AP
Vehículo Privado,6,1407000010115,1407000010399,118,3005,3010,AP
Vehículo Privado,6,1407000010702,1403900012183,59,3015,183,AP
Vehículo Privado,6,1407000010702,1407000010100,177,3015,3004,AP
Vehículo Privado,6,1407000010702,140980001053A,59,3015,6019,AP
Vehículo Privado,6,1407000011058,1407000010115,59,3020,3005,AP
Vehículo Privado,6,1407000011058,1409800010506,59,3020,6017,AP
Vehículo Privado,6,1407000011058,14070140A,295,3020,3131,AP
Vehículo Privado,6,1407000011503,1407000200191,59,3026,3066,AP
Vehículo Privado,6,1407000011503,14070140A,59,3026,3131,AP
Vehículo Privado,6,1407000130327,1409800012428,189,3030,6131,AP
Vehículo Privado,6,1407000130350,99999000A,96,3031,10002,AP
Vehículo Privado,6,1407000130365,1409704241761,96,3032,5232,AP
Vehículo Privado,6,1407000130365,140980001320A,63,3032,6198,AP
Vehículo Privado,6,1407000130401,1410100010931,23,3033,7051,AP
Vehículo Privado,6,1407000130416,1412400010175,63,3034,9005,AP
Vehículo Privado,6,1407000131429,1409700340848,96,3038,5160,AP
Vehículo Privado,6,1407000131429,1409800012714,96,3038,6157,AP
Vehículo Privado,6,1407000140276,1403900014565,23,3046,337,AP
Vehículo Privado,6,1407000140276,1407000200191,23,3046,3066,AP
Vehículo Privado,6,1407000140276,99999000A,23,3046,10002,AP
Vehículo Privado,6,1407000140469,1403900012554,63,3051,209,AP
Vehículo Privado,6,1407000140558,999990001,23,3055,10006,AP
Vehículo Privado,6,1407000140558,1407000430308,23,3055,3097,AP
Vehículo Privado,6,1407000140810,1403900015366,63,3058,412,AP
Vehículo Privado,6,1407000140844,1409800010031,315,3061,6001,AP
Vehículo Privado,6,1407000200789,1403900014033,59,3072,290,AP
Vehículo Privado,6,1407000200789,1407000200257,59,3072,3069,AP
Vehículo Privado,6,1407000200789,1407000200789,177,3072,3072,AP
Vehículo Privado,6,1407000200789,1410100010452,118,3072,7013,AP
Vehículo Privado,6,1407000200789,14070140A,177,3072,3131,AP
Vehículo Privado,6,1407000200789,14097059A,59,3072,5241,AP
Vehículo Privado,6,1407000200789,99999000A,59,3072,10002,AP
Vehículo Privado,6,1407000210736,1403900011359,15,3082,111,AP
Vehículo Privado,6,1407000210736,1403900012319,15,3082,193,AP
Vehículo Privado,6,1407000210736,1407001111378,15,3082,3125,AP
Vehículo Privado,6,1407000210736,1409800012790,15,3082,6165,AP
Vehículo Privado,6,1407000210736,140700021101A,15,3082,3088,AP
Vehículo Privado,6,1407000210736,14070140A,30,3082,3131,AP
Vehículo Privado,6,1407000210736,14097059A,15,3082,5241,AP
Vehículo Privado,6,1407000210755,999990005,15,3084,10004,AP
Vehículo Privado,6,1407000210755,1410100260683,15,3084,7197,AP
Vehículo Privado,6,1407000211005,1403900013529,15,3087,245,AP
Vehículo Privado,6,1407000211005,1409800010031,15,3087,6001,AP
Vehículo Privado,6,1407000211005,1412000012628,15,3087,8113,AP
Vehículo Privado,6,1407000211005,14070140A,15,3087,3131,AP
Vehículo Privado,6,1407000430295,1409800010879,126,3096,6028,AP
Vehículo Privado,6,1407000430295,140980001053A,63,3096,6019,AP
Vehículo Privado,6,1407000430308,1407000010702,188,3097,3015,AP
Vehículo Privado,6,1407000430492,99999000A,63,3098,10002,AP
Vehículo Privado,6,1407000430897,1409800012767,63,3106,6162,AP
Vehículo Privado,6,1407000431039,999990005,15,3112,10004,AP
Vehículo Privado,6,1407000431039,140980001053A,15,3112,6019,AP
Vehículo Privado,6,1407000431147,1407000130327,15,3115,3030,AP
Vehículo Privado,6,1407000641306,1407000140276,59,3118,3046,AP
Vehículo Privado,6,1407000641306,1407000200204,59,3118,3067,AP
Vehículo Privado,6,1407000641306,1409700411263,59,3118,5193,AP
Vehículo Privado,6,1407001111310,1407000010134,59,3119,3007,AP
Vehículo Privado,6,1407001111310,14070140A,59,3119,3131,AP
Vehículo Privado,6,1407001111310,99999000A,59,3119,10002,AP
Vehículo Privado,6,1407001111325,1407000010098,59,3120,3003,AP
Vehículo Privado,6,1407001111325,1407000200257,177,3120,3069,AP
Vehículo Privado,6,1407001211518,140701467,23,3127,3133,AP
Vehículo Privado,6,1407001211518,1403900015652,23,3127,440,AP
Vehículo Privado,6,1409700010195,1409700010918,30,5001,5009,AP
Vehículo Privado,6,1409700010195,1409700342079,15,5001,5163,AP
Vehículo Privado,6,1409700010212,1409700012115,54,5003,5023,AP
Vehículo Privado,6,1409700010212,1409700053166,19,5003,5045,AP
Vehículo Privado,6,1409700010528,1409700150960,54,5005,5069,AP
Vehículo Privado,6,1409700010918,140970015,15,5009,5060,AP
Vehículo Privado,6,1409700010918,140970123,15,5009,5222,AP
Vehículo Privado,6,1409700010918,999990001,15,5009,10006,AP
Vehículo Privado,6,1409700010918,1409700010918,15,5009,5009,AP
Vehículo Privado,6,1409700010918,1409700152064,15,5009,5074,AP
Vehículo Privado,6,1409700010918,1412000012539,15,5009,8106,AP
Vehículo Privado,6,1409700010918,140970005034A,15,5009,5036,AP
Vehículo Privado,6,1409700010922,1409700010212,15,5010,5003,AP
Vehículo Privado,6,1409700010922,1409700010918,15,5010,5009,AP
Vehículo Privado,6,1409700010922,1409800012381,15,5010,6129,AP
Vehículo Privado,6,1409700010937,1409700010918,242,5011,5009,AP
Vehículo Privado,6,1409700010937,1409708441704,15,5011,5347,AP
Vehículo Privado,6,1409700010941,1403900011359,15,5012,111,AP
Vehículo Privado,6,1409700010941,1409700012115,15,5012,5023,AP
Vehículo Privado,6,1409700010941,1409700353772,96,5012,5179,AP
Vehículo Privado,6,1409700010941,1409708623414,30,5012,5366,AP
Vehículo Privado,6,1409700010941,1412000014836,15,5012,8281,AP
Vehículo Privado,6,1409700012098,140973679,54,5021,5390,AP
Vehículo Privado,6,1409700012098,1409700012115,54,5021,5023,AP
Vehículo Privado,6,1409700012098,1409700150674,54,5021,5062,AP
Vehículo Privado,6,1409700012098,1409700340250,54,5021,5156,AP
Vehículo Privado,6,1409700012100,140970104,54,5022,5209,AP
Vehículo Privado,6,1409700012115,140970123,10,5023,5222,AP
Vehículo Privado,6,1409700012115,1409700010922,54,5023,5010,AP
Vehículo Privado,6,1409700012115,1409700340250,54,5023,5156,AP
Vehículo Privado,6,1409700012115,1409800140027,54,5023,6217,AP
Vehículo Privado,6,1409700012134,1409700010212,162,5025,5003,AP
Vehículo Privado,6,1409700012134,140970001212A,54,5025,5024,AP
Vehículo Privado,6,1409700012331,1403900012696,54,5026,221,AP
Vehículo Privado,6,1409700013113,1403900011005,15,5031,80,AP
Vehículo Privado,6,1409700013113,1409700010922,15,5031,5010,AP
Vehículo Privado,6,1409700050335,999990006,19,5035,10005,AP
Vehículo Privado,6,1409700050335,1403900011170,19,5035,96,AP
Vehículo Privado,6,1409700050335,1409700053166,38,5035,5045,AP
Vehículo Privado,6,1409700053147,140440011,19,5043,1031,AP
Vehículo Privado,6,1409700053147,140972308,19,5043,5384,AP
Vehículo Privado,6,1409700053147,1407000201382,19,5043,3079,AP
Vehículo Privado,6,1409700053147,1409700010918,38,5043,5009,AP
Vehículo Privado,6,1409700053147,1409700012115,19,5043,5023,AP
Vehículo Privado,6,1409700053147,1409700092810,19,5043,5051,AP
Vehículo Privado,6,1409700053147,1409708222469,19,5043,5274,AP
Vehículo Privado,6,1409700053147,140970005034A,38,5043,5036,AP
Vehículo Privado,6,1409700053151,999990006,19,5044,10005,AP
Vehículo Privado,6,1409700053151,1409708311653,19,5044,5297,AP
Vehículo Privado,6,1409700053503,1403900012605,19,5047,214,AP
Vehículo Privado,6,1409700053503,1403900012639,19,5047,217,AP
Vehículo Privado,6,1409700053503,1407000430295,19,5047,3096,AP
Vehículo Privado,6,1409700053503,1409700010212,19,5047,5003,AP
Vehículo Privado,6,1409700053503,1409700340250,19,5047,5156,AP
Vehículo Privado,6,1409700053503,1409800011928,19,5047,6099,AP
Vehículo Privado,6,1409700053503,140970005034A,19,5047,5036,AP
Vehículo Privado,6,1409700053518,140970123,19,5048,5222,AP
Vehículo Privado,6,1409700053518,140970602,19,5048,5242,AP
Vehículo Privado,6,1409700053518,1409708312030,19,5048,5300,AP
Vehículo Privado,6,1409700053518,1409800011260,38,5048,6053,AP
Vehículo Privado,6,1409700053518,140700021101A,19,5048,3088,AP
Vehículo Privado,6,1409700053768,999990005,19,5050,10004,AP
Vehículo Privado,6,1409700053768,1409700010918,19,5050,5009,AP
Vehículo Privado,6,1409700053768,1409700411263,38,5050,5193,AP
Vehículo Privado,6,1409700053768,1409800011260,19,5050,6053,AP
Vehículo Privado,6,1409700092810,1409700411263,57,5051,5193,AP
Vehículo Privado,6,1409700092844,999990006,114,5054,10005,AP
Vehículo Privado,6,1409700092844,1407000010045,57,5054,3002,AP
Vehículo Privado,6,1409700092844,1409800012428,57,5054,6131,AP
Vehículo Privado,6,1409700092844,140980001053A,57,5054,6019,AP
Vehículo Privado,6,1409700092859,1403900015328,171,5055,408,AP
Vehículo Privado,6,1409700092882,1403900012183,57,5058,183,AP
Vehículo Privado,6,1409700092882,1409800010347,57,5058,6012,AP
Vehículo Privado,6,1409700092882,1409800011330,57,5058,6055,AP
Vehículo Privado,6,1409700150227,1409700150960,10,5061,5069,AP
Vehículo Privado,6,1409700150710,1403900011359,10,5066,111,AP
Vehículo Privado,6,1409700150710,1409700150960,10,5066,5069,AP
Vehículo Privado,6,1409700150956,140970015,20,5068,5060,AP
Vehículo Privado,6,1409700150956,140972416,10,5068,5387,AP
Vehículo Privado,6,1409700150956,999990005,20,5068,10004,AP
Vehículo Privado,6,1409700150956,1409700010212,20,5068,5003,AP
Vehículo Privado,6,1409700150956,1409700010918,10,5068,5009,AP
Vehículo Privado,6,1409700150956,1409700012115,10,5068,5023,AP
Vehículo Privado,6,1409700150956,1409800011928,10,5068,6099,AP
Vehículo Privado,6,1409700150956,1412000012492,10,5068,8102,AP
Vehículo Privado,6,1409700150960,140973679,10,5069,5390,AP
Vehículo Privado,6,1409700150960,1403900015366,10,5069,412,AP
Vehículo Privado,6,1409700150960,1409700010212,10,5069,5003,AP
Vehículo Privado,6,1409700150960,1409700010918,20,5069,5009,AP
Vehículo Privado,6,1409700150960,1409700150960,10,5069,5069,AP
Vehículo Privado,6,1409700150960,140970005034A,10,5069,5036,AP
Vehículo Privado,6,1409700150960,141200001550A,10,5069,8322,AP
Vehículo Privado,6,1409700152064,1403900011359,10,5074,111,AP
Vehículo Privado,6,1409700201013,1403900010308,51,5079,18,AP
Vehículo Privado,6,1409700201013,1409704240975,51,5079,5230,AP
Vehículo Privado,6,1409700201013,1409800011928,51,5079,6099,AP
Vehículo Privado,6,1409700201013,1412000012914,51,5079,8137,AP
Vehículo Privado,6,1409700201013,1412000016828,51,5079,8394,AP
Vehículo Privado,6,1409700213838,1409700010918,19,5080,5009,AP
Vehículo Privado,6,1409700213842,1403900010350,19,5081,22,AP
Vehículo Privado,6,1409700213842,1409708221526,19,5081,5251,AP
Vehículo Privado,6,1409700213857,1403900011895,19,5082,158,AP
Vehículo Privado,6,1409700213857,1403900012573,19,5082,211,AP
Vehículo Privado,6,1409700250299,1409700250354,104,5086,5087,AP
Vehículo Privado,6,1409700250354,1409700010922,102,5087,5010,AP
Vehículo Privado,6,1409700250354,1409700250354,204,5087,5087,AP
Vehículo Privado,6,1409700250354,1409700340250,51,5087,5156,AP
Vehículo Privado,6,1409700250354,1409800011928,51,5087,6099,AP
Vehículo Privado,6,1409700250354,1412000010710,102,5087,8021,AP
Vehículo Privado,6,1409700250354,1412000014516,51,5087,8260,AP
Vehículo Privado,6,1409700250369,999990005,51,5088,10004,AP
Vehículo Privado,6,1409700250369,1403900011359,51,5088,111,AP
Vehículo Privado,6,1409700250369,1403900013923,51,5088,279,AP
Vehículo Privado,6,1409700250369,1409700010918,51,5088,5009,AP
Vehículo Privado,6,1409700250369,1409700250369,51,5088,5088,AP
Vehículo Privado,6,1409700250369,1409700250797,51,5088,5097,AP
Vehículo Privado,6,1409700250369,1409701800301,51,5088,5223,AP
Vehículo Privado,6,1409700250369,1409800011260,51,5088,6053,AP
Vehículo Privado,6,1409700250369,1409800011928,51,5088,6099,AP
Vehículo Privado,6,1409700250369,1412000010602,51,5088,8013,AP
Vehículo Privado,6,1409700250369,1412000011920,102,5088,8065,AP
Vehículo Privado,6,1409700250369,140390001457A,51,5088,338,AP
Vehículo Privado,6,1409700250369,141200001340A,51,5088,8177,AP
Vehículo Privado,6,1409700250462,1409800011928,51,5090,6099,AP
Vehículo Privado,6,1409700250462,1409800012381,51,5090,6129,AP
Vehículo Privado,6,1409700250477,1409700010918,51,5091,5009,AP
Vehículo Privado,6,1409700250763,1403900015366,102,5094,412,AP
Vehículo Privado,6,1409700251418,1409700250763,51,5109,5094,AP
Vehículo Privado,6,1409700251418,1409800010879,102,5109,6028,AP
Vehículo Privado,6,1409700251418,140980001053A,51,5109,6019,AP
Vehículo Privado,6,1409700252399,1409800142023,104,5118,6221,AP
Vehículo Privado,6,1409700252543,1409700201013,51,5120,5079,AP
Vehículo Privado,6,1409700252543,1412000010706,102,5120,8020,AP
Vehículo Privado,6,1409700312774,140970015,10,5132,5060,AP
Vehículo Privado,6,1409700312774,140970123,10,5132,5222,AP
Vehículo Privado,6,1409700312774,140973679,10,5132,5390,AP
Vehículo Privado,6,1409700312774,999990005,10,5132,10004,AP
Vehículo Privado,6,1409700312774,1409700010212,10,5132,5003,AP
Vehículo Privado,6,1409700312774,1409800011928,10,5132,6099,AP
Vehículo Privado,6,1409700312774,1412000012492,10,5132,8102,AP
Vehículo Privado,6,1409700312774,140970005034A,10,5132,5036,AP
Vehículo Privado,6,1409700312789,1409700010922,10,5133,5010,AP
Vehículo Privado,6,1409700312789,1409700312789,10,5133,5133,AP
Vehículo Privado,6,1409700320829,1409700320053,104,5143,5135,AP
Vehículo Privado,6,1409700320829,1409700340250,104,5143,5156,AP
Vehículo Privado,6,1409700321189,1403900011043,104,5149,84,AP
Vehículo Privado,6,1409700321189,1409700320829,312,5149,5143,AP
Vehículo Privado,6,1409700321189,1412000012505,104,5149,8103,AP
Vehículo Privado,6,1409700340250,140970015,19,5156,5060,AP
Vehículo Privado,6,1409700340250,1409700340250,38,5156,5156,AP
Vehículo Privado,6,1409700340250,1409700432628,19,5156,5205,AP
Vehículo Privado,6,1409700340250,1409800012381,19,5156,6129,AP
Vehículo Privado,6,1409700340373,140970015,76,5157,5060,AP
Vehículo Privado,6,1409700340373,999990001,38,5157,10006,AP
Vehículo Privado,6,1409700340373,1403900011359,19,5157,111,AP
Vehículo Privado,6,1409700340373,1409700342505,19,5157,5165,AP
Vehículo Privado,6,1409700340373,1409800010281,38,5157,6010,AP
Vehículo Privado,6,1409700340388,999990006,19,5158,10005,AP
Vehículo Privado,6,1409700340388,1409700010918,76,5158,5009,AP
Vehículo Privado,6,1409700340388,1409700381808,19,5158,5182,AP
Vehículo Privado,6,1409700350138,140390001368A,45,5169,258,AP
Vehículo Privado,6,1409700350231,1409704241761,96,5170,5232,AP
Vehículo Privado,6,1409700350231,1409800010879,96,5170,6028,AP
Vehículo Privado,6,1409700353734,1403900011359,96,5178,111,AP
Vehículo Privado,6,1409700353734,1409800011928,96,5178,6099,AP
Vehículo Privado,6,1409700411259,99999000A,57,5192,10002,AP
Vehículo Privado,6,1409700411263,1403900015366,57,5193,412,AP
Vehículo Privado,6,1409700411263,1409800011345,57,5193,6056,AP
Vehículo Privado,6,1409700411263,1410100091520,57,5193,7152,AP
Vehículo Privado,6,1409700432613,1409700432613,19,5204,5204,AP
Vehículo Privado,6,1409700432628,1403900012041,19,5205,173,AP
Vehículo Privado,6,1409701150890,1403900011679,59,5212,138,AP
Vehículo Privado,6,1409701150890,1403900012342,59,5212,194,AP
Vehículo Privado,6,1409701150890,1403900012554,59,5212,209,AP
Vehículo Privado,6,1409701150890,1403900014866,59,5212,363,AP
Vehículo Privado,6,1409701150890,1403900015366,59,5212,412,AP
Vehículo Privado,6,1409701151992,140980001053A,59,5215,6019,AP
Vehículo Privado,6,1409701800301,999990006,58,5223,10005,AP
Vehículo Privado,6,1409701800301,1409700931028,29,5223,5208,AP
Vehículo Privado,6,1409701800301,1409800011928,58,5223,6099,AP
Vehículo Privado,6,1409701800301,1412000010710,29,5223,8021,AP
Vehículo Privado,6,1409701800301,1412000013293,58,5223,8170,AP
Vehículo Privado,6,1409701800301,1412002314179,29,5223,8478,AP
Vehículo Privado,6,1409701801244,1409700251418,51,5226,5109,AP
Vehículo Privado,6,1409704240975,1409700201013,38,5230,5079,AP
Vehículo Privado,6,1409704240975,1410100010946,38,5230,7052,AP
Vehículo Privado,6,1409704240975,99999000A,38,5230,10002,AP
Vehículo Privado,6,1409704241761,1412000012505,38,5232,8103,AP
Vehículo Privado,6,1409704241761,1412000016601,38,5232,8377,AP
Vehículo Privado,6,1409704241761,1412000016758,38,5232,8387,AP
Vehículo Privado,6,1409704241776,1409704240443,38,5233,5228,AP
Vehículo Privado,6,1409704241776,1412000010602,38,5233,8013,AP
Vehículo Privado,6,1409704393880,1409704393880,54,5234,5234,AP
Vehículo Privado,6,1409706133927,1412000010636,94,5243,8015,AP
Vehículo Privado,6,1409706133931,1403900015366,94,5244,412,AP
Vehículo Privado,6,1409706663950,1409700320829,104,5246,5143,AP
Vehículo Privado,6,1409707771780,140440011,171,5247,1031,AP
Vehículo Privado,6,1409707771780,999990005,114,5247,10004,AP
Vehículo Privado,6,1409707771780,1403900012130,57,5247,178,AP
Vehículo Privado,6,1409707771780,1407000010045,57,5247,3002,AP
Vehículo Privado,6,1409707771780,1409800011345,57,5247,6056,AP
Vehículo Privado,6,1409707772365,999990005,57,5248,10004,AP
Vehículo Privado,6,1409707772365,1407000010045,57,5248,3002,AP
Vehículo Privado,6,1409707772365,1407001111325,114,5248,3120,AP
Vehículo Privado,6,1409707772365,140980001053A,57,5248,6019,AP
Vehículo Privado,6,1409708221530,1403900013745,242,5252,264,AP
Vehículo Privado,6,1409708221530,1409700340250,242,5252,5156,AP
Vehículo Privado,6,1409708221530,1409708312030,242,5252,5300,AP
Vehículo Privado,6,1409708221530,1409708332948,242,5252,5317,AP
Vehículo Privado,6,1409708221530,14097059A,242,5252,5241,AP
Vehículo Privado,6,1409708221530,140980001053A,242,5252,6019,AP
Vehículo Privado,6,1409708221564,1409708221579,484,5255,5256,AP
Vehículo Privado,6,1409708221583,140970602,242,5257,5242,AP
Vehículo Privado,6,1409708221600,141200123,242,5259,8455,AP
Vehículo Privado,6,1409708221600,1412000010706,242,5259,8020,AP
Vehículo Privado,6,1409708221916,1409800012555,242,5263,6144,AP
Vehículo Privado,6,1409708221916,1412000012524,242,5263,8105,AP
Vehículo Privado,6,1409708222168,1409708221530,242,5271,5252,AP
Vehículo Privado,6,1409708222168,1409708221598,242,5271,5258,AP
Vehículo Privado,6,1409708222168,1409800013197,242,5271,6197,AP
Vehículo Privado,6,1409708222469,1409708333607,242,5274,5320,AP
Vehículo Privado,6,1409708222469,1412000014501,242,5274,8259,AP
Vehículo Privado,6,1409708223077,1409700010937,242,5279,5011,AP
Vehículo Privado,6,1409708234003,1412000010636,282,5291,8015,AP
Vehículo Privado,6,1409708234041,1403900010613,94,5292,44,AP
Vehículo Privado,6,1409708234041,1403900011363,94,5292,112,AP
Vehículo Privado,6,1409708234041,1409700010212,94,5292,5003,AP
Vehículo Privado,6,1409708234041,1409800011928,94,5292,6099,AP
Vehículo Privado,6,1409708234041,1412000010636,94,5292,8015,AP
Vehículo Privado,6,1409708311653,1403900013340,96,5297,239,AP
Vehículo Privado,6,1409708311653,1409800010671,96,5297,6021,AP
Vehículo Privado,6,1409708311653,14070140A,96,5297,3131,AP
Vehículo Privado,6,1409708311653,14097059A,96,5297,5241,AP
Vehículo Privado,6,1409708311653,99999000A,96,5297,10002,AP
Vehículo Privado,6,1409708312011,140972308,192,5298,5384,AP
Vehículo Privado,6,1409708312011,140440002012A,96,5298,1015,AP
Vehículo Privado,6,1409708312026,1409800012165,96,5299,6113,AP
Vehículo Privado,6,1409708312187,1409708312187,54,5303,5303,AP
Vehículo Privado,6,1409708332933,1403900014724,242,5316,351,AP
Vehículo Privado,6,1409708332933,1409800012150,242,5316,6112,AP
Vehículo Privado,6,1409708333607,1409708333607,242,5320,5320,AP
Vehículo Privado,6,1409708333753,1403900013923,242,5321,279,AP
Vehículo Privado,6,1409708333753,1412000010405,242,5321,8011,AP
Vehículo Privado,6,1409708352721,1409701800301,54,5322,5223,AP
Vehículo Privado,6,1409708352721,1409800011928,54,5322,6099,AP
Vehículo Privado,6,1409708352721,1412000012539,227,5322,8106,AP
Vehículo Privado,6,1409708352736,1409700010212,54,5323,5003,AP
Vehículo Privado,6,1409708352736,1409800011928,54,5323,6099,AP
Vehículo Privado,6,1409708352736,140970023276A,54,5323,5084,AP
Vehículo Privado,6,1409708352736,140980001053A,54,5323,6019,AP
Vehículo Privado,6,1409708352740,1409700010212,54,5324,5003,AP
Vehículo Privado,6,1409708353378,140972308,54,5325,5384,AP
Vehículo Privado,6,1409708353378,1409700010918,108,5325,5009,AP
Vehículo Privado,6,1409708353378,1409800011260,54,5325,6053,AP
Vehículo Privado,6,1409708353378,1412401760160,108,5325,9051,AP
Vehículo Privado,6,1409708362793,1403900013976,94,5328,284,AP
Vehículo Privado,6,1409708362793,1403900014673,94,5328,348,AP
Vehículo Privado,6,1409708362793,1409700320265,94,5328,5137,AP
Vehículo Privado,6,1409708362793,1409800011294,94,5328,6054,AP
Vehículo Privado,6,1409708362806,1412000010405,94,5329,8011,AP
Vehículo Privado,6,1409708362806,1412000010636,94,5329,8015,AP
Vehículo Privado,6,1409708432632,1403900012554,94,5333,209,AP
Vehículo Privado,6,1409708432647,140972416,188,5334,5387,AP
Vehículo Privado,6,1409708432647,1403900011043,188,5334,84,AP
Vehículo Privado,6,1409708432651,1409800010281,94,5335,6010,AP
Vehículo Privado,6,1409708432651,1412000010636,94,5335,8015,AP
Vehículo Privado,6,1409708432666,1409800010671,94,5336,6021,AP
Vehículo Privado,6,1409708432666,1409800011928,94,5336,6099,AP
Vehículo Privado,6,1409708432666,1412000010636,282,5336,8015,AP
Vehículo Privado,6,1409708432666,140980001053A,94,5336,6019,AP
Vehículo Privado,6,1409708432670,1412000010636,94,5337,8015,AP
Vehículo Privado,6,1409708432702,1409700010195,94,5340,5001,AP
Vehículo Privado,6,1409708432702,1409708432717,94,5340,5341,AP
Vehículo Privado,6,1409708432717,1412000010636,188,5341,8015,AP
Vehículo Privado,6,1409708441687,1409700250814,104,5345,5099,AP
Vehículo Privado,6,1409708441691,140980012,104,5346,6216,AP
Vehículo Privado,6,1409708441704,1403900013567,104,5347,249,AP
Vehículo Privado,6,1409708441704,99999000A,208,5347,10002,AP
Vehículo Privado,6,1409708524179,140970123,54,5353,5222,AP
Vehículo Privado,6,1409708524179,1409700010532,54,5353,5006,AP
Vehículo Privado,6,1409708524179,1409700250354,162,5353,5087,AP
Vehículo Privado,6,1409708524183,140970104,54,5354,5209,AP
Vehículo Privado,6,1409708622914,140390001457A,94,5363,338,AP
Vehículo Privado,6,1409708623414,1409708623414,104,5366,5366,AP
Vehículo Privado,6,1409708623414,1412000010636,94,5366,8015,AP
Vehículo Privado,6,1409708744018,140970602,242,5374,5242,AP
Vehículo Privado,6,1409708744022,1403900012605,242,5375,214,AP
Vehículo Privado,6,1409708744022,1409708623414,242,5375,5366,AP
Vehículo Privado,6,1409708744022,1410100011592,242,5375,7104,AP
Vehículo Privado,6,1409708843965,1409704240443,104,5379,5228,AP
Vehículo Privado,6,1409708843965,1412000012505,104,5379,8103,AP
Vehículo Privado,6,1409709033912,1403900011359,91,5382,111,AP
Vehículo Privado,6,1409709033912,1403900012728,91,5382,224,AP
Vehículo Privado,6,1409709033912,141200001066A,91,5382,8018,AP
Vehículo Privado,6,1409800010031,1409800010031,126,6001,6001,AP
Vehículo Privado,6,1409800010120,1412000012721,267,6008,8123,AP
Vehículo Privado,6,1409800010262,1409708312187,356,6009,5303,AP
Vehículo Privado,6,1409800010281,1409700340373,38,6010,5157,AP
Vehículo Privado,6,1409800010347,1409800010347,178,6012,6012,AP
Vehículo Privado,6,1409800010347,1409800011928,178,6012,6099,AP
Vehículo Privado,6,1409800010347,1409800012428,178,6012,6131,AP
Vehículo Privado,6,1409800010347,1412002434713,178,6012,8517,AP
Vehículo Privado,6,1409800010347,140980001007A,178,6012,6004,AP
Vehículo Privado,6,1409800010370,140972416,23,6014,5387,AP
Vehículo Privado,6,1409800010370,1403900015366,23,6014,412,AP
Vehículo Privado,6,1409800010370,1407000130401,23,6014,3033,AP
Vehículo Privado,6,1409800010370,1409700201013,23,6014,5079,AP
Vehículo Privado,6,1409800010370,1409800010474,23,6014,6016,AP
Vehículo Privado,6,1409800010370,141200001550A,23,6014,8322,AP
Vehículo Privado,6,1409800010506,1403900014033,492,6017,290,AP
Vehículo Privado,6,1409800010506,1409800012216,492,6017,6117,AP
Vehículo Privado,6,1409800010525,1409800010525,18,6018,6018,AP
Vehículo Privado,6,1409800010794,141012552,227,6025,7231,AP
Vehículo Privado,6,1409800010879,1409800013394,41,6028,6214,AP
Vehículo Privado,6,1409800010879,1410100011997,109,6028,7125,AP
Vehículo Privado,6,1409800010879,1410101902374,23,6028,7224,AP
Vehículo Privado,6,1409800010953,1409800010262,178,6029,6009,AP
Vehículo Privado,6,1409800010987,1403900015347,326,6032,410,AP
Vehículo Privado,6,1409800011078,1403900012268,246,6038,188,AP
Vehículo Privado,6,1409800011097,1403900011043,178,6040,84,AP
Vehículo Privado,6,1409800011097,1403900015652,356,6040,440,AP
Vehículo Privado,6,1409800011097,1409800010879,178,6040,6028,AP
Vehículo Privado,6,1409800011190,140440011,227,6046,1031,AP
Vehículo Privado,6,1409800011203,1409800010879,227,6047,6028,AP
Vehículo Privado,6,1409800011203,1409800012413,454,6047,6130,AP
Vehículo Privado,6,1409800011237,1409700250369,51,6050,5088,AP
Vehículo Privado,6,1409800011345,140980001007A,246,6056,6004,AP
Vehículo Privado,6,1409800011379,999990005,178,6059,10004,AP
Vehículo Privado,6,1409800011379,1409800010347,356,6059,6012,AP
Vehículo Privado,6,1409800011383,1409708221530,23,6060,5252,AP
Vehículo Privado,6,1409800011383,14097059A,23,6060,5241,AP
Vehículo Privado,6,1409800011398,1409708623414,23,6061,5366,AP
Vehículo Privado,6,1409800011398,1409800010879,46,6061,6028,AP
Vehículo Privado,6,1409800011398,1409800012220,23,6061,6118,AP
Vehículo Privado,6,1409800011434,1403900014673,91,6063,348,AP
Vehículo Privado,6,1409800011434,1409800010281,273,6063,6010,AP
Vehículo Privado,6,1409800011453,1409800011453,91,6065,6065,AP
Vehículo Privado,6,1409800011468,141200142,91,6066,8459,AP
Vehículo Privado,6,1409800011468,1403900013529,91,6066,245,AP
Vehículo Privado,6,1409800011576,1403900011359,23,6072,111,AP
Vehículo Privado,6,1409800011576,1403900014673,23,6072,348,AP
Vehículo Privado,6,1409800011576,1407000130401,23,6072,3033,AP
Vehículo Privado,6,1409800011576,1409800011364,23,6072,6058,AP
Vehículo Privado,6,1409800011576,1409800011576,46,6072,6072,AP
Vehículo Privado,6,1409800011646,1409800013375,91,6076,6212,AP
Vehículo Privado,6,1409800011716,1403900014033,91,6082,290,AP
Vehículo Privado,6,1409800011769,1403900012554,356,6085,209,AP
Vehículo Privado,6,1409800011769,1409800010879,41,6085,6028,AP
Vehículo Privado,6,1409800011877,1403900014565,23,6096,337,AP
Vehículo Privado,6,1409800011928,1409708221530,242,6099,5252,AP
Vehículo Privado,6,1409800011928,1409800011928,178,6099,6099,AP
Vehículo Privado,6,1409800011928,1409800012150,46,6099,6112,AP
Vehículo Privado,6,1409800011966,1409800012131,163,6101,6111,AP
Vehículo Privado,6,1409800011970,1409800013110,489,6102,6191,AP
Vehículo Privado,6,1409800011970,14070140A,163,6102,3131,AP
Vehículo Privado,6,1409800012004,1410100010645,41,6104,7029,AP
Vehículo Privado,6,1409800012112,1403900011170,46,6110,96,AP
Vehículo Privado,6,1409800012112,1409800010987,69,6110,6032,AP
Vehículo Privado,6,1409800012112,1409800011928,69,6110,6099,AP
Vehículo Privado,6,1409800012112,1409800012555,69,6110,6144,AP
Vehículo Privado,6,1409800012112,1409800012860,115,6110,6172,AP
Vehículo Privado,6,1409800012112,1409800013110,23,6110,6191,AP
Vehículo Privado,6,1409800012131,1409800011453,273,6111,6065,AP
Vehículo Privado,6,1409800012131,1409800011928,91,6111,6099,AP
Vehículo Privado,6,1409800012131,1412000010689,91,6111,8019,AP
Vehículo Privado,6,1409800012150,999990001,23,6112,10006,AP
Vehículo Privado,6,1409800012150,1403900012569,23,6112,210,AP
Vehículo Privado,6,1409800012150,1409708623414,46,6112,5366,AP
Vehículo Privado,6,1409800012150,1409800011928,161,6112,6099,AP
Vehículo Privado,6,1409800012150,1409800012150,46,6112,6112,AP
Vehículo Privado,6,1409800012150,1412000010617,23,6112,8014,AP
Vehículo Privado,6,1409800012150,141200001066A,23,6112,8018,AP
Vehículo Privado,6,1409800012201,1403900015366,178,6116,412,AP
Vehículo Privado,6,1409800012201,140980001167A,356,6116,6079,AP
Vehículo Privado,6,1409800012254,1403900012605,178,6121,214,AP
Vehículo Privado,6,1409800012273,1409800011152,178,6123,6042,AP
Vehículo Privado,6,1409800012273,1410100010927,178,6123,7050,AP
Vehículo Privado,6,1409800012377,140980012,163,6128,6216,AP
Vehículo Privado,6,1409800012381,140970180123A,137,6129,5225,AP
Vehículo Privado,6,1409800012432,1403900012728,454,6132,224,AP
Vehículo Privado,6,1409800012432,1407000201236,227,6132,3076,AP
Vehículo Privado,6,1409800012432,1412000015463,227,6132,8318,AP
Vehículo Privado,6,1409800012574,1412000012702,163,6146,8121,AP
Vehículo Privado,6,1409800012589,1409800011928,163,6147,6099,AP
Vehículo Privado,6,1409800012589,1412000010706,163,6147,8020,AP
Vehículo Privado,6,1409800012625,1412000012539,178,6150,8106,AP
Vehículo Privado,6,1409800012663,1403900012713,23,6154,223,AP
Vehículo Privado,6,1409800012663,1409800012131,23,6154,6111,AP
Vehículo Privado,6,1409800012663,1409800012150,46,6154,6112,AP
Vehículo Privado,6,1409800012663,1409800012377,23,6154,6128,AP
Vehículo Privado,6,1409800012697,1409708623414,91,6155,5366,AP
Vehículo Privado,6,1409800012714,1403900011170,91,6157,96,AP
Vehículo Privado,6,1409800012714,1409700010922,91,6157,5010,AP
Vehículo Privado,6,1409800012714,1409800012697,182,6157,6155,AP
Vehículo Privado,6,1409800012729,1403900013834,91,6158,271,AP
Vehículo Privado,6,1409800012752,1407000130401,23,6161,3033,AP
Vehículo Privado,6,1409800012786,99999000A,178,6164,10002,AP
Vehículo Privado,6,1409800012803,141205567,178,6166,8546,AP
Vehículo Privado,6,1409800012803,1403900013641,178,6166,255,AP
Vehículo Privado,6,1409800012803,1409800010506,178,6166,6017,AP
Vehículo Privado,6,1409800012803,1409800012428,178,6166,6131,AP
Vehículo Privado,6,1409800012803,1412000011206,178,6166,8036,AP
Vehículo Privado,6,1409800012822,1409800010506,356,6168,6017,AP
Vehículo Privado,6,1409800012822,1410100312317,356,6168,7211,AP
Vehículo Privado,6,1409800012837,999990005,23,6169,10004,AP
Vehículo Privado,6,1409800012841,1403900011359,23,6170,111,AP
Vehículo Privado,6,1409800012841,1403900012179,23,6170,182,AP
Vehículo Privado,6,1409800012841,1409708623414,23,6170,5366,AP
Vehículo Privado,6,1409800012841,1409800010370,69,6170,6014,AP
Vehículo Privado,6,1409800012841,1409800011260,23,6170,6053,AP
Vehículo Privado,6,1409800012841,1409800011928,23,6170,6099,AP
Vehículo Privado,6,1409800012841,1412000012628,23,6170,8113,AP
Vehículo Privado,6,1409800012841,1412000015459,46,6170,8317,AP
Vehículo Privado,6,1409800012841,140980001167A,23,6170,6079,AP
Vehículo Privado,6,1409800012841,141200001447A,46,6170,8256,AP
Vehículo Privado,6,1409800012930,1409800011398,23,6177,6061,AP
Vehículo Privado,6,1409800012979,1403900013567,23,6179,249,AP
Vehículo Privado,6,1409800012983,999990001,23,6180,10006,AP
Vehículo Privado,6,1409800012983,1412000014836,23,6180,8281,AP
Vehículo Privado,6,1409800013110,1409800012131,326,6191,6111,AP
Vehículo Privado,6,1409800013182,1409800011928,178,6196,6099,AP
Vehículo Privado,6,1409800013267,1409800012150,91,6201,6112,AP
Vehículo Privado,6,1409800013290,1412000011009,23,6204,8029,AP
Vehículo Privado,6,1409800013394,1410100010946,41,6214,7052,AP
Vehículo Privado,6,1409800140027,1410100010946,104,6217,7052,AP
Vehículo Privado,6,1409800141114,999990006,104,6218,10005,AP
Vehículo Privado,6,1409800141114,1409700340373,104,6218,5157,AP
Vehículo Privado,6,1409800141129,1409700320829,104,6219,5143,AP
Vehículo Privado,6,1409800141129,1409800141129,416,6219,6219,AP
Vehículo Privado,6,1409800142019,1409800141129,104,6220,6219,AP
Vehículo Privado,6,1409800143159,1412000012539,38,6228,8106,AP
Vehículo Privado,6,1409800143229,1412000014573,104,6230,8266,AP
Vehículo Privado,6,1410100010147,1403900011359,36,7001,111,AP
Vehículo Privado,6,1410100010147,1403900014936,36,7001,370,AP
Vehículo Privado,6,1410100010147,1410100011268,18,7001,7078,AP
Vehículo Privado,6,1410100010151,1403900010312,18,7002,19,AP
Vehículo Privado,6,1410100010151,1403900011537,18,7002,126,AP
Vehículo Privado,6,1410100010151,1403900013586,18,7002,250,AP
Vehículo Privado,6,1410100010151,1403900015366,18,7002,412,AP
Vehículo Privado,6,1410100010310,1403900012639,144,7005,217,AP
Vehículo Privado,6,1410100010310,1409800011519,144,7005,6069,AP
Vehículo Privado,6,1410100010310,1410100011427,144,7005,7092,AP
Vehículo Privado,6,1410100010433,999990001,178,7011,10006,AP
Vehículo Privado,6,1410100010433,141010001097A,178,7011,7055,AP
Vehículo Privado,6,1410100010452,1403900011378,41,7013,113,AP
Vehículo Privado,6,1410100010452,1412000011846,41,7013,8058,AP
Vehículo Privado,6,1410100010471,1403900014565,41,7014,337,AP
Vehículo Privado,6,1410100010471,1407001211518,41,7014,3127,AP
Vehículo Privado,6,1410100010471,1409701152007,82,7014,5216,AP
Vehículo Privado,6,1410100010471,1409800010262,82,7014,6009,AP
Vehículo Privado,6,1410100010471,1410100010452,82,7014,7013,AP
Vehículo Privado,6,1410100010471,1410100010679,41,7014,7031,AP
Vehículo Privado,6,1410100010522,1403900011359,109,7019,111,AP
Vehículo Privado,6,1410100010522,1403900012427,109,7019,201,AP
Vehículo Privado,6,1410100010541,1410100010503,468,7021,7017,AP
Vehículo Privado,6,1410100010594,1403900011170,109,7024,96,AP
Vehículo Privado,6,1410100010594,1410100010950,327,7024,7053,AP
Vehículo Privado,6,1410100010611,1403900012183,218,7026,183,AP
Vehículo Privado,6,1410100010630,1403900011170,218,7028,96,AP
Vehículo Privado,6,1410100010679,1409800010718,41,7031,6023,AP
Vehículo Privado,6,1410100010768,1412000011278,234,7038,8039,AP
Vehículo Privado,6,1410100010787,1410100010946,234,7040,7052,AP
Vehículo Privado,6,1410100010819,141010001147A,234,7042,7095,AP
Vehículo Privado,6,1410100010823,1403900015489,144,7043,423,AP
Vehículo Privado,6,1410100010861,1403900012662,144,7046,218,AP
Vehículo Privado,6,1410100010912,141240029,144,7049,9042,AP
Vehículo Privado,6,1410100010912,1410100012001,288,7049,7126,AP
Vehículo Privado,6,1410100010927,140700111133A,59,7050,3121,AP
Vehículo Privado,6,1410100010931,141240029,3,7051,9042,AP
Vehículo Privado,6,1410100010931,1409708312187,144,7051,5303,AP
Vehículo Privado,6,1410100010965,1410100010927,288,7054,7050,AP
Vehículo Privado,6,1410100010999,1410100011408,144,7057,7090,AP
Vehículo Privado,6,1410100011003,1403900012569,144,7058,210,AP
Vehículo Privado,6,1410100011003,1403900015366,144,7058,412,AP
Vehículo Privado,6,1410100011037,1410100010823,144,7061,7043,AP
Vehículo Privado,6,1410100011037,1410100010946,144,7061,7052,AP
Vehículo Privado,6,1410100011094,1409800010991,109,7066,6033,AP
Vehículo Privado,6,1410100011126,1410100010452,41,7068,7013,AP
Vehículo Privado,6,1410100011126,1412000010405,82,7068,8011,AP
Vehículo Privado,6,1410100011126,140980001053A,41,7068,6019,AP
Vehículo Privado,6,1410100011130,1409800011769,82,7069,6085,AP
Vehículo Privado,6,1410100011130,1410100011588,82,7069,7103,AP
Vehículo Privado,6,1410100011164,1403900011170,144,7072,96,AP
Vehículo Privado,6,1410100011164,1410100012054,144,7072,7131,AP
Vehículo Privado,6,1410100011164,1410100260683,144,7072,7197,AP
Vehículo Privado,6,1410100011164,1412000012539,144,7072,8106,AP
Vehículo Privado,6,1410100011200,1403900014565,23,7076,337,AP
Vehículo Privado,6,1410100011200,1409800011345,23,7076,6056,AP
Vehículo Privado,6,1410100011200,1409800012381,23,7076,6129,AP
Vehículo Privado,6,1410100011268,1403900010365,18,7078,23,AP
Vehículo Privado,6,1410100011268,1403900010863,72,7078,67,AP
Vehículo Privado,6,1410100011268,1403900011170,18,7078,96,AP
Vehículo Privado,6,1410100011268,1403900014230,18,7078,309,AP
Vehículo Privado,6,1410100011268,1409800012659,18,7078,6153,AP
Vehículo Privado,6,1410100011268,1410100011643,18,7078,7109,AP
Vehículo Privado,6,1410100011268,1412000012346,18,7078,8087,AP
Vehículo Privado,6,1410100011272,999990005,18,7079,10004,AP
Vehículo Privado,6,1410100011323,1412000012952,144,7084,8141,AP
Vehículo Privado,6,1410100011357,1410100011056,246,7086,7063,AP
Vehículo Privado,6,1410100011408,1409705603467,104,7090,5239,AP
Vehículo Privado,6,1410100011427,1412000015196,144,7092,8301,AP
Vehículo Privado,6,1410100011446,1410100010946,246,7094,7052,AP
Vehículo Privado,6,1410100011484,1403900011537,234,7096,126,AP
Vehículo Privado,6,1410100011554,1403900011359,23,7100,111,AP
Vehículo Privado,6,1410100011554,1403900012183,23,7100,183,AP
Vehículo Privado,6,1410100011554,1403900013730,23,7100,263,AP
Vehículo Privado,6,1410100011554,1409800010879,69,7100,6028,AP
Vehículo Privado,6,1410100011554,1410100011588,23,7100,7103,AP
Vehículo Privado,6,1410100011554,141010027236A,46,7100,7210,AP
Vehículo Privado,6,1410100011554,141200001664A,23,7100,8381,AP
Vehículo Privado,6,1410100011569,141010001040A,23,7101,7010,AP
Vehículo Privado,6,1410100011569,141010027236A,23,7101,7210,AP
Vehículo Privado,6,1410100011573,1403900011359,23,7102,111,AP
Vehículo Privado,6,1410100011573,1403900013872,23,7102,275,AP
Vehículo Privado,6,1410100011573,1405100010069,23,7102,2003,AP
Vehículo Privado,6,1410100011573,1407000010045,23,7102,3002,AP
Vehículo Privado,6,1410100011573,1410100010946,23,7102,7052,AP
Vehículo Privado,6,1410100011573,1410100011200,23,7102,7076,AP
Vehículo Privado,6,1410100011573,140980001053A,23,7102,6019,AP
Vehículo Privado,6,1410100011573,141010001040A,23,7102,7010,AP
Vehículo Privado,6,1410100011588,1410100011592,41,7103,7104,AP
Vehículo Privado,6,1410100011592,1403900012130,41,7104,178,AP
Vehículo Privado,6,1410100011592,1403900014546,41,7104,335,AP
Vehículo Privado,6,1410100011592,1410100010679,82,7104,7031,AP
Vehículo Privado,6,1410100011592,1410100010912,41,7104,7049,AP
Vehículo Privado,6,1410100011624,1403900013730,178,7107,263,AP
Vehículo Privado,6,1410100012073,140390001083A,234,7133,64,AP
Vehículo Privado,6,1410100091465,1410100091520,109,7151,7152,AP
Vehículo Privado,6,1410100091677,1403900015065,218,7155,383,AP
Vehículo Privado,6,1410100091677,1410100011094,109,7155,7066,AP
Vehículo Privado,6,1410100091677,1410100091520,109,7155,7152,AP
Vehículo Privado,6,1410100091802,1410100091696,109,7159,7157,AP
Vehículo Privado,6,1410100091802,1410100092162,109,7159,7174,AP
Vehículo Privado,6,1410100091910,1410100010397,109,7163,7009,AP
Vehículo Privado,6,1410100092105,1410100010645,109,7168,7029,AP
Vehículo Privado,6,1410100092105,1410100010927,109,7168,7050,AP
Vehículo Privado,6,1410100092124,1410100091465,218,7170,7151,AP
Vehículo Privado,6,1410100092143,1410100011094,109,7172,7066,AP
Vehículo Privado,6,1410100092181,1412000013062,109,7176,8151,AP
Vehículo Privado,6,1410100092181,140390001101A,109,7176,81,AP
Vehículo Privado,6,1410100092209,1410100010931,109,7178,7051,AP
Vehículo Privado,6,1410100092209,1410100011094,109,7178,7066,AP
Vehículo Privado,6,1410100092393,1409800010879,109,7185,6028,AP
Vehículo Privado,6,1410100092393,1410100091465,218,7185,7151,AP
Vehículo Privado,6,1410100092393,1412400010175,109,7185,9005,AP
Vehículo Privado,6,1410100220024,1410100011056,144,7193,7063,AP
Vehículo Privado,6,1410100220113,141012552,144,7196,7231,AP
Vehículo Privado,6,1410100220113,1410100010645,144,7196,7029,AP
Vehículo Privado,6,1410100220113,1410100010931,144,7196,7051,AP
Vehículo Privado,6,1410100220113,1412000011206,144,7196,8036,AP
Vehículo Privado,6,1410100260683,1403900015366,23,7197,412,AP
Vehículo Privado,6,1410100260683,1409800010879,46,7197,6028,AP
Vehículo Privado,6,1410100260683,1409800012199,23,7197,6115,AP
Vehículo Privado,6,1410100260683,1409800012201,23,7197,6116,AP
Vehículo Privado,6,1410100260683,1410100010927,23,7197,7050,AP
Vehículo Privado,6,1410100260683,1410100011164,144,7197,7072,AP
Vehículo Privado,6,1410100260683,1412400010175,23,7197,9005,AP
Vehículo Privado,6,1410100260683,140980001053A,46,7197,6019,AP
Vehículo Privado,6,1410100260698,999990004,46,7198,10001,AP
Vehículo Privado,6,1410100260698,1410100010927,23,7198,7050,AP
Vehículo Privado,6,1410100260698,1410100260698,23,7198,7198,AP
Vehículo Privado,6,1410100260698,1412400010175,23,7198,9005,AP
Vehículo Privado,6,1410100260698,1412400940387,46,7198,9048,AP
Vehículo Privado,6,1410100272336,140701467,23,7207,3133,AP
Vehículo Privado,6,1410100272336,1405100010054,23,7207,2002,AP
Vehículo Privado,6,1410100272336,1410100011573,46,7207,7102,AP
Vehículo Privado,6,1410100272340,1410100010946,23,7208,7052,AP
Vehículo Privado,6,1410100272355,1410100272336,23,7209,7207,AP
Vehículo Privado,6,1410100312317,140701467,23,7211,3133,AP
Vehículo Privado,6,1410100312317,141012567,23,7211,7232,AP
Vehículo Privado,6,1410100312317,1409800011097,23,7211,6040,AP
Vehículo Privado,6,1410100312317,1410100011516,23,7211,7099,AP
Vehículo Privado,6,1410100312317,1412000013306,23,7211,8171,AP
Vehículo Privado,6,1410100312317,140390001101A,23,7211,81,AP
Vehículo Privado,6,1410100312317,14097059A,23,7211,5241,AP
Vehículo Privado,6,1410100312317,140980001053A,46,7211,6019,AP
Vehículo Privado,6,1410100312321,1407000010115,46,7212,3005,AP
Vehículo Privado,6,1410100341978,1403900010863,144,7214,67,AP
Vehículo Privado,6,1410100342641,1403900013641,144,7217,255,AP
Vehículo Privado,6,1410100380132,1409800010879,144,7219,6028,AP
Vehículo Privado,6,1410101892656,1403900011132,144,7221,92,AP
Vehículo Privado,6,1410101892656,1403900014599,144,7221,340,AP
Vehículo Privado,6,1410101902374,1409800010879,92,7224,6028,AP
Vehículo Privado,6,1410101902374,140980001007A,23,7224,6004,AP
Vehículo Privado,6,1412000010212,1412000012632,110,8001,8114,AP
Vehículo Privado,6,1412000010212,1412000013772,220,8001,8206,AP
Vehículo Privado,6,1412000010227,1412000014836,178,8002,8281,AP
Vehículo Privado,6,1412000010231,1409800010879,178,8003,6028,AP
Vehículo Privado,6,1412000010231,1412000016599,178,8003,8376,AP
Vehículo Privado,6,1412000010231,141200001098A,178,8003,8027,AP
Vehículo Privado,6,1412000010246,1409800012381,178,8004,6129,AP
Vehículo Privado,6,1412000010246,1412000012666,356,8004,8117,AP
Vehículo Privado,6,1412000010354,1412000011297,137,8007,8041,AP
Vehículo Privado,6,1412000010369,1403900010149,137,8008,8,AP
Vehículo Privado,6,1412000010369,1409800011260,137,8008,6053,AP
Vehículo Privado,6,1412000010373,1403900010149,137,8009,8,AP
Vehículo Privado,6,1412000010373,1412000016550,137,8009,8372,AP
Vehículo Privado,6,1412000010405,141200123,3,8011,8455,AP
Vehículo Privado,6,1412000010405,1412000010405,88,8011,8011,AP
Vehículo Privado,6,1412000010405,141200206504A,3,8011,8461,AP
Vehículo Privado,6,1412000010547,1403900014584,100,8012,339,AP
Vehículo Privado,6,1412000010547,1403900015652,100,8012,440,AP
Vehículo Privado,6,1412000010547,141200001066A,300,8012,8018,AP
Vehículo Privado,6,1412000010602,1403900014565,45,8013,337,AP
Vehículo Privado,6,1412000010602,1409800012381,45,8013,6129,AP
Vehículo Privado,6,1412000010602,1412000010602,38,8013,8013,AP
Vehículo Privado,6,1412000010602,1412000013819,48,8013,8210,AP
Vehículo Privado,6,1412000010617,1409800012150,23,8014,6112,AP
Vehículo Privado,6,1412000010617,1412000010354,110,8014,8007,AP
Vehículo Privado,6,1412000010617,1412000010617,123,8014,8014,AP
Vehículo Privado,6,1412000010617,1412000016758,110,8014,8387,AP
Vehículo Privado,6,1412000010617,141200001116A,110,8014,8033,AP
Vehículo Privado,6,1412000010636,1403900013321,200,8015,237,AP
Vehículo Privado,6,1412000010640,1409700320180,267,8016,5136,AP
Vehículo Privado,6,1412000010706,1412000015463,534,8020,8318,AP
Vehículo Privado,6,1412000010814,1412000010617,110,8022,8014,AP
Vehículo Privado,6,1412000010814,1412000013397,110,8022,8176,AP
Vehículo Privado,6,1412000010890,1412000011032,137,8023,8030,AP
Vehículo Privado,6,1412000010918,1403900010312,137,8024,19,AP
Vehículo Privado,6,1412000010918,1403900015366,137,8024,412,AP
Vehículo Privado,6,1412000010918,1412000015482,274,8024,8320,AP
Vehículo Privado,6,1412000010937,1412000015849,95,8025,8340,AP
Vehículo Privado,6,1412000010994,1412000010975,274,8028,8026,AP
Vehículo Privado,6,1412000010994,1412000015482,137,8028,8320,AP
Vehículo Privado,6,1412000011009,1410100010147,18,8029,7001,AP
Vehículo Privado,6,1412000011009,1412000010246,178,8029,8004,AP
Vehículo Privado,6,1412000011032,1412000011032,274,8030,8030,AP
Vehículo Privado,6,1412000011032,1412000012844,96,8030,8132,AP
Vehículo Privado,6,1412000011121,1412000015482,178,8031,8320,AP
Vehículo Privado,6,1412000011121,141200001422A,178,8031,8231,AP
Vehículo Privado,6,1412000011155,1412000012914,352,8032,8137,AP
Vehículo Privado,6,1412000011155,1412000014944,264,8032,8290,AP
Vehículo Privado,6,1412000011155,140390001101A,88,8032,81,AP
Vehículo Privado,6,1412000011189,1403900011363,100,8034,112,AP
Vehículo Privado,6,1412000011189,1403900011378,100,8034,113,AP
Vehículo Privado,6,1412000011189,1409800141114,100,8034,6218,AP
Vehículo Privado,6,1412000011189,1412000010405,100,8034,8011,AP
Vehículo Privado,6,1412000011189,1412000011189,100,8034,8034,AP
Vehículo Privado,6,1412000011189,1412000016828,100,8034,8394,AP
Vehículo Privado,6,1412000011193,1403900013641,88,8035,255,AP
Vehículo Privado,6,1412000011193,1412000011009,88,8035,8029,AP
Vehículo Privado,6,1412000011193,1412000014605,88,8035,8269,AP
Vehículo Privado,6,1412000011206,1403900011359,19,8036,111,AP
Vehículo Privado,6,1412000011206,1403900015366,38,8036,412,AP
Vehículo Privado,6,1412000011206,1412000010405,38,8036,8011,AP
Vehículo Privado,6,1412000011206,1412000010706,19,8036,8020,AP
Vehículo Privado,6,1412000011206,1412000010890,137,8036,8023,AP
Vehículo Privado,6,1412000011206,1412000011206,57,8036,8036,AP
Vehículo Privado,6,1412000011206,1412000011225,19,8036,8038,AP
Vehículo Privado,6,1412000011206,1412000013575,19,8036,8189,AP
Vehículo Privado,6,1412000011206,1412000013607,19,8036,8191,AP
Vehículo Privado,6,1412000011206,1412000014198,19,8036,8228,AP
Vehículo Privado,6,1412000011206,141200001326A,19,8036,8167,AP
Vehículo Privado,6,1412000011210,1403900012111,88,8037,176,AP
Vehículo Privado,6,1412000011210,1409800011928,88,8037,6099,AP
Vehículo Privado,6,1412000011210,1412000011206,88,8037,8036,AP
Vehículo Privado,6,1412000011210,1412000014836,88,8037,8281,AP
Vehículo Privado,6,1412000011210,1412000015266,176,8037,8305,AP
Vehículo Privado,6,1412000011225,1403900013726,100,8038,262,AP
Vehículo Privado,6,1412000011278,999990006,200,8039,10005,AP
Vehículo Privado,6,1412000011278,1412000011278,100,8039,8039,AP
Vehículo Privado,6,1412000011282,1403900010929,100,8040,72,AP
Vehículo Privado,6,1412000011282,1403900013321,100,8040,237,AP
Vehículo Privado,6,1412000011282,1412000011278,200,8040,8039,AP
Vehículo Privado,6,1412000011282,1412000013293,100,8040,8170,AP
Vehículo Privado,6,1412000011297,1403900011043,267,8041,84,AP
Vehículo Privado,6,1412000011297,1412000010640,267,8041,8016,AP
Vehículo Privado,6,1412000011297,1412000012312,49,8041,8084,AP
Vehículo Privado,6,1412000011297,1412000014732,267,8041,8276,AP
Vehículo Privado,6,1412000011297,14097059A,267,8041,5241,AP
Vehículo Privado,6,1412000011460,1412000010231,91,8044,8003,AP
Vehículo Privado,6,1412000011526,1403900013336,38,8045,238,AP
Vehículo Privado,6,1412000011526,1409704241761,38,8045,5232,AP
Vehículo Privado,6,1412000011579,141200001098A,178,8046,8027,AP
Vehículo Privado,6,1412000011634,1412000012280,137,8047,8081,AP
Vehículo Privado,6,1412000011653,1412000012609,137,8049,8111,AP
Vehículo Privado,6,1412000011723,1403900011310,267,8052,107,AP
Vehículo Privado,6,1412000011723,1403900011378,267,8052,113,AP
Vehículo Privado,6,1412000011723,1409800141129,267,8052,6219,AP
Vehículo Privado,6,1412000011795,1412000011808,356,8055,8056,AP
Vehículo Privado,6,1412000011865,1403900010651,202,8060,47,AP
Vehículo Privado,6,1412000011884,1412000011009,96,8062,8029,AP
Vehículo Privado,6,1412000011884,141200001098A,96,8062,8027,AP
Vehículo Privado,6,1412000011899,1412000011009,95,8063,8029,AP
Vehículo Privado,6,1412000011899,1412000011901,95,8063,8064,AP
Vehículo Privado,6,1412000011935,140980001110A,267,8066,6041,AP
Vehículo Privado,6,1412000012115,1412000010373,48,8069,8009,AP
Vehículo Privado,6,1412000012115,1412000014215,48,8069,8230,AP
Vehículo Privado,6,1412000012115,141200001098A,48,8069,8027,AP
Vehículo Privado,6,1412000012115,141200001422A,48,8069,8231,AP
Vehículo Privado,6,1412000012134,1412000011846,96,8071,8058,AP
Vehículo Privado,6,1412000012172,1412007580759,96,8072,8537,AP
Vehículo Privado,6,1412000012204,1412000012242,190,8073,8077,AP
Vehículo Privado,6,1412000012204,1412000012609,95,8073,8111,AP
Vehículo Privado,6,1412000012204,1412000013293,95,8073,8170,AP
Vehículo Privado,6,1412000012204,141200001098A,95,8073,8027,AP
Vehículo Privado,6,1412000012219,1409700010918,96,8074,5009,AP
Vehículo Privado,6,1412000012219,1412000014268,96,8074,8235,AP
Vehículo Privado,6,1412000012242,1403900014870,202,8077,364,AP
Vehículo Privado,6,1412000012280,1403900014438,137,8081,324,AP
Vehículo Privado,6,1412000012280,1412000010937,137,8081,8025,AP
Vehículo Privado,6,1412000012280,1412000012280,137,8081,8081,AP
Vehículo Privado,6,1412000012280,1412000014215,137,8081,8230,AP
Vehículo Privado,6,1412000012280,1412002315726,137,8081,8485,AP
Vehículo Privado,6,1412000012280,141200001098A,137,8081,8027,AP
Vehículo Privado,6,1412000012295,1409701801244,49,8082,5226,AP
Vehículo Privado,6,1412000012308,1409800011222,49,8083,6049,AP
Vehículo Privado,6,1412000012308,1409800012381,49,8083,6129,AP
Vehículo Privado,6,1412000012312,1403900014565,49,8084,337,AP
Vehículo Privado,6,1412000012312,1409704240443,49,8084,5228,AP
Vehículo Privado,6,1412000012312,1412000011297,49,8084,8041,AP
Vehículo Privado,6,1412000012312,1412000015459,49,8084,8317,AP
Vehículo Privado,6,1412000012312,140390001101A,49,8084,81,AP
Vehículo Privado,6,1412000012327,1412000014836,49,8085,8281,AP
Vehículo Privado,6,1412000012350,999990001,88,8088,10006,AP
Vehículo Privado,6,1412000012365,1403900012249,75,8089,186,AP
Vehículo Privado,6,1412000012401,1410100010363,96,8093,7006,AP
Vehículo Privado,6,1412000012420,1412000011278,100,8095,8039,AP
Vehículo Privado,6,1412000012454,1409800011928,38,8098,6099,AP
Vehículo Privado,6,1412000012454,141200001066A,38,8098,8018,AP
Vehículo Privado,6,1412000012469,1403900011170,114,8099,96,AP
Vehículo Privado,6,1412000012473,999990001,58,8100,10006,AP
Vehículo Privado,6,1412000012473,999990006,29,8100,10005,AP
Vehículo Privado,6,1412000012473,1403900011293,29,8100,105,AP
Vehículo Privado,6,1412000012473,1403900011804,29,8100,149,AP
Vehículo Privado,6,1412000012473,1409800012381,29,8100,6129,AP
Vehículo Privado,6,1412000012473,1409800141129,29,8100,6219,AP
Vehículo Privado,6,1412000012473,1412000012914,29,8100,8137,AP
Vehículo Privado,6,1412000012473,1412000016828,29,8100,8394,AP
Vehículo Privado,6,1412000012473,141200001066A,29,8100,8018,AP
Vehículo Privado,6,1412000012473,99999000A,58,8100,10002,AP
Vehículo Privado,6,1412000012488,999990005,29,8101,10004,AP
Vehículo Privado,6,1412000012488,1403900012111,29,8101,176,AP
Vehículo Privado,6,1412000012488,1412000012505,58,8101,8103,AP
Vehículo Privado,6,1412000012488,1412000014431,29,8101,8252,AP
Vehículo Privado,6,1412000012488,1412000014465,29,8101,8255,AP
Vehículo Privado,6,1412000012488,1412000014573,58,8101,8266,AP
Vehículo Privado,6,1412000012488,1412000015270,29,8101,8306,AP
Vehículo Privado,6,1412000012488,14070140A,29,8101,3131,AP
Vehículo Privado,6,1412000012492,1409704241761,29,8102,5232,AP
Vehículo Privado,6,1412000012492,1412000014766,29,8102,8277,AP
Vehículo Privado,6,1412000012505,1412000013575,29,8103,8189,AP
Vehículo Privado,6,1412000012543,1412000016300,45,8107,8360,AP
Vehículo Privado,6,1412000012628,1412000012628,267,8113,8113,AP
Vehículo Privado,6,1412000012628,1412000013772,178,8113,8206,AP
Vehículo Privado,6,1412000012632,1412000012632,132,8114,8114,AP
Vehículo Privado,6,1412000012666,1412000013293,178,8117,8170,AP
Vehículo Privado,6,1412000012721,1409800010120,534,8123,6008,AP
Vehículo Privado,6,1412000012755,1403900011132,96,8124,92,AP
Vehículo Privado,6,1412000012774,999990001,96,8125,10006,AP
Vehículo Privado,6,1412000012774,1403900012728,96,8125,224,AP
Vehículo Privado,6,1412000012774,141200001283A,96,8125,8131,AP
Vehículo Privado,6,1412000012789,1412000010994,96,8126,8028,AP
Vehículo Privado,6,1412000012806,1403900013088,48,8128,232,AP
Vehículo Privado,6,1412000012844,1403900013923,96,8132,279,AP
Vehículo Privado,6,1412000012844,1412000011032,96,8132,8030,AP
Vehículo Privado,6,1412000012844,1412000015548,96,8132,8324,AP
Vehículo Privado,6,1412000012863,1412000011297,19,8133,8041,AP
Vehículo Privado,6,1412000012897,1409700250763,267,8135,5094,AP
Vehículo Privado,6,1412000012897,1412000010710,267,8135,8021,AP
Vehículo Privado,6,1412000012897,1412000014431,534,8135,8252,AP
Vehículo Privado,6,1412000012914,1403900011560,176,8137,128,AP
Vehículo Privado,6,1412000012914,1403900012569,176,8137,210,AP
Vehículo Privado,6,1412000012914,1412000010814,88,8137,8022,AP
Vehículo Privado,6,1412000012914,1412000012488,29,8137,8101,AP
Vehículo Privado,6,1412000012914,1412000012914,440,8137,8137,AP
Vehículo Privado,6,1412000012929,1412000011193,137,8138,8035,AP
Vehículo Privado,6,1412000012929,1412000011278,137,8138,8039,AP
Vehículo Privado,6,1412000012948,141205567,88,8140,8546,AP
Vehículo Privado,6,1412000012948,1412000013698,88,8140,8200,AP
Vehículo Privado,6,1412000012948,141200231625A,88,8140,8495,AP
Vehículo Privado,6,1412000012952,1403900012183,100,8141,183,AP
Vehículo Privado,6,1412000012952,1403900012588,100,8141,212,AP
Vehículo Privado,6,1412000012952,1409704240443,100,8141,5228,AP
Vehículo Privado,6,1412000012952,1409800011434,100,8141,6063,AP
Vehículo Privado,6,1412000012952,1412000014376,100,8141,8246,AP
Vehículo Privado,6,1412000012967,1403900012588,100,8142,212,AP
Vehículo Privado,6,1412000012967,1409800010370,100,8142,6014,AP
Vehículo Privado,6,1412000012967,1410100010486,100,8142,7015,AP
Vehículo Privado,6,1412000012967,1412000010547,200,8142,8012,AP
Vehículo Privado,6,1412000012971,1412000011278,100,8143,8039,AP
Vehículo Privado,6,1412000012990,141200142,267,8145,8459,AP
Vehículo Privado,6,1412000012990,1412000014427,534,8145,8251,AP
Vehículo Privado,6,1412000013005,1412000011278,200,8146,8039,AP
Vehículo Privado,6,1412000013039,1412000010231,96,8148,8003,AP
Vehículo Privado,6,1412000013039,1412000011032,96,8148,8030,AP
Vehículo Privado,6,1412000013039,1412000013984,96,8148,8217,AP
Vehículo Privado,6,1412000013043,1403900012554,137,8149,209,AP
Vehículo Privado,6,1412000013043,1412000010975,137,8149,8026,AP
Vehículo Privado,6,1412000013043,1412000014198,137,8149,8228,AP
Vehículo Privado,6,1412000013062,1412000010975,137,8151,8026,AP
Vehículo Privado,6,1412000013062,1412000011009,137,8151,8029,AP
Vehículo Privado,6,1412000013062,140980001053A,137,8151,6019,AP
Vehículo Privado,6,1412000013077,1412000012628,137,8152,8113,AP
Vehículo Privado,6,1412000013081,1412000010227,137,8153,8002,AP
Vehículo Privado,6,1412000013132,1409800011538,267,8157,6070,AP
Vehículo Privado,6,1412000013166,999990006,100,8160,10005,AP
Vehículo Privado,6,1412000013166,1409700213857,19,8160,5082,AP
Vehículo Privado,6,1412000013166,1409708441704,104,8160,5347,AP
Vehículo Privado,6,1412000013166,1412000013166,38,8160,8160,AP
Vehículo Privado,6,1412000013170,1403900011170,200,8161,96,AP
Vehículo Privado,6,1412000013170,1403900011359,100,8161,111,AP
Vehículo Privado,6,1412000013170,1403900013834,100,8161,271,AP
Vehículo Privado,6,1412000013185,1412000011009,178,8162,8029,AP
Vehículo Privado,6,1412000013185,1412000016584,178,8162,8375,AP
Vehículo Privado,6,1412000013217,1412000014431,534,8165,8252,AP
Vehículo Privado,6,1412000013236,1412000015478,137,8166,8319,AP
Vehículo Privado,6,1412000013236,141200001422A,137,8166,8231,AP
Vehículo Privado,6,1412000013274,999990006,110,8168,10005,AP
Vehículo Privado,6,1412000013274,1403900010577,330,8168,41,AP
Vehículo Privado,6,1412000013274,1412000013310,220,8168,8172,AP
Vehículo Privado,6,1412000013325,141200001326A,178,8173,8167,AP
Vehículo Privado,6,1412000013378,1403900010863,110,8174,67,AP
Vehículo Privado,6,1412000013378,141200001326A,220,8174,8167,AP
Vehículo Privado,6,1412000013414,1412000015497,38,8178,8321,AP
Vehículo Privado,6,1412000013433,1412000013096,95,8180,8154,AP
Vehículo Privado,6,1412000013433,99999000A,95,8180,10002,AP
Vehículo Privado,6,1412000013448,1403900010365,190,8181,23,AP
Vehículo Privado,6,1412000013448,1403900014103,95,8181,297,AP
Vehículo Privado,6,1412000013448,1412000012609,95,8181,8111,AP
Vehículo Privado,6,1412000013448,141200001098A,95,8181,8027,AP
Vehículo Privado,6,1412000013448,141200001319A,95,8181,8163,AP
Vehículo Privado,6,1412000013490,1412000011032,96,8184,8030,AP
Vehículo Privado,6,1412000013490,1412004306940,96,8184,8519,AP
Vehículo Privado,6,1412000013575,1403900015012,19,8189,378,AP
Vehículo Privado,6,1412000013575,1409800011928,19,8189,6099,AP
Vehículo Privado,6,1412000013575,1412000011009,19,8189,8029,AP
Vehículo Privado,6,1412000013575,1412000011206,57,8189,8036,AP
Vehículo Privado,6,1412000013575,1412000011225,19,8189,8038,AP
Vehículo Privado,6,1412000013575,1412000012416,19,8189,8094,AP
Vehículo Privado,6,1412000013575,1412000013575,38,8189,8189,AP
Vehículo Privado,6,1412000013575,1412000014431,19,8189,8252,AP
Vehículo Privado,6,1412000013575,1412000014836,38,8189,8281,AP
Vehículo Privado,6,1412000013575,1412000015266,57,8189,8305,AP
Vehículo Privado,6,1412000013575,1412000015497,95,8189,8321,AP
Vehículo Privado,6,1412000013575,141200001447A,19,8189,8256,AP
Vehículo Privado,6,1412000013575,99999000A,19,8189,10002,AP
Vehículo Privado,6,1412000013594,1403900011753,19,8190,145,AP
Vehículo Privado,6,1412000013594,1409800011928,19,8190,6099,AP
Vehículo Privado,6,1412000013594,1412000010405,19,8190,8011,AP
Vehículo Privado,6,1412000013594,1412000013575,19,8190,8189,AP
Vehículo Privado,6,1412000013594,1412000013594,57,8190,8190,AP
Vehículo Privado,6,1412000013594,141200001397A,19,8190,8216,AP
Vehículo Privado,6,1412000013611,1412000015266,49,8192,8305,AP
Vehículo Privado,6,1412000013772,1412000015482,178,8206,8320,AP
Vehículo Privado,6,1412000013787,1412000014215,96,8207,8230,AP
Vehículo Privado,6,1412000013791,1403900010350,48,8208,22,AP
Vehículo Privado,6,1412000013791,1412000017046,48,8208,8409,AP
Vehículo Privado,6,1412000013819,1410100010537,48,8210,7020,AP
Vehículo Privado,6,1412000013861,1412000011634,48,8212,8047,AP
Vehículo Privado,6,1412000013861,1412000012276,48,8212,8080,AP
Vehículo Privado,6,1412000013861,1412000012346,48,8212,8087,AP
Vehículo Privado,6,1412000013861,1412000013787,48,8212,8207,AP
Vehículo Privado,6,1412000013984,1403900011109,176,8217,89,AP
Vehículo Privado,6,1412000013984,1403900012569,88,8217,210,AP
Vehículo Privado,6,1412000014060,141205567,95,8219,8546,AP
Vehículo Privado,6,1412000014060,999990001,95,8219,10006,AP
Vehículo Privado,6,1412000014060,1403900012130,95,8219,178,AP
Vehículo Privado,6,1412000014060,141200001098A,285,8219,8027,AP
Vehículo Privado,6,1412000014198,1409800012377,163,8228,6128,AP
Vehículo Privado,6,1412000014249,1412000015482,178,8233,8320,AP
Vehículo Privado,6,1412000014249,141200001422A,178,8233,8231,AP
Vehículo Privado,6,1412000014272,1403900010666,96,8236,48,AP
Vehículo Privado,6,1412000014272,1412000010231,96,8236,8003,AP
Vehículo Privado,6,1412000014272,1412000015374,96,8236,8315,AP
Vehículo Privado,6,1412000014291,1412000014060,95,8238,8219,AP
Vehículo Privado,6,1412000014304,1412000010937,96,8239,8025,AP
Vehículo Privado,6,1412000014338,141200001422A,96,8242,8231,AP
Vehículo Privado,6,1412000014342,1403900012130,100,8243,178,AP
Vehículo Privado,6,1412000014357,1403900012662,100,8244,218,AP
Vehículo Privado,6,1412000014376,1403900011753,300,8246,145,AP
Vehículo Privado,6,1412000014380,1403900010863,267,8247,67,AP
Vehículo Privado,6,1412000014380,1412000010710,1335,8247,8021,AP
Vehículo Privado,6,1412000014380,1412000014836,267,8247,8281,AP
Vehículo Privado,6,1412000014408,1412000014836,100,8249,8281,AP
Vehículo Privado,6,1412000014412,1412000012948,100,8250,8140,AP
Vehículo Privado,6,1412000014465,1409700010918,267,8255,5009,AP
Vehículo Privado,6,1412000014465,1412000015497,801,8255,8321,AP
Vehículo Privado,6,1412000014501,1409800143159,114,8259,6228,AP
Vehículo Privado,6,1412000014501,1412000012539,190,8259,8106,AP
Vehículo Privado,6,1412000014520,1412000011687,49,8261,8050,AP
Vehículo Privado,6,1412000014520,1412000012863,49,8261,8133,AP
Vehículo Privado,6,1412000014520,1412000013151,147,8261,8159,AP
Vehículo Privado,6,1412000014520,1412000014520,98,8261,8261,AP
Vehículo Privado,6,1412000014535,1412000015340,267,8262,8312,AP
Vehículo Privado,6,1412000014573,1409701801244,267,8266,5226,AP
Vehículo Privado,6,1412000014573,99999000A,267,8266,10002,AP
Vehículo Privado,6,1412000014605,1412000014605,45,8269,8269,AP
Vehículo Privado,6,1412000014605,1412400010211,35,8269,9007,AP
Vehículo Privado,6,1412000014605,141200001066A,267,8269,8018,AP
Vehículo Privado,6,1412000014643,1412000012990,49,8271,8145,AP
Vehículo Privado,6,1412000014643,141200001447A,49,8271,8256,AP
Vehículo Privado,6,1412000014658,1409700931028,49,8272,5208,AP
Vehículo Privado,6,1412000014658,1412000011723,49,8272,8052,AP
Vehículo Privado,6,1412000014658,1412000016300,98,8272,8360,AP
Vehículo Privado,6,1412000014658,140980001053A,49,8272,6019,AP
Vehículo Privado,6,1412000014662,1412000016423,49,8273,8364,AP
Vehículo Privado,6,1412000014732,1403900013957,300,8276,282,AP
Vehículo Privado,6,1412000014732,1412000011225,100,8276,8038,AP
Vehículo Privado,6,1412000014836,140970602,91,8281,5242,AP
Vehículo Privado,6,1412000014836,1412000010227,178,8281,8002,AP
Vehículo Privado,6,1412000014836,1412000011282,100,8281,8040,AP
Vehículo Privado,6,1412000014889,1403900013143,95,8286,233,AP
Vehículo Privado,6,1412000014889,1403900013976,95,8286,284,AP
Vehículo Privado,6,1412000014889,1412000010706,95,8286,8020,AP
Vehículo Privado,6,1412000014889,1412000014380,95,8286,8247,AP
Vehículo Privado,6,1412000014978,1412000016758,96,8292,8387,AP
Vehículo Privado,6,1412000014978,140390001101A,96,8292,81,AP
Vehículo Privado,6,1412000014978,141200001422A,96,8292,8231,AP
Vehículo Privado,6,1412000015105,1412000015482,95,8293,8320,AP
Vehículo Privado,6,1412000015139,1403900010115,48,8295,6,AP
Vehículo Privado,6,1412000015139,1412000010937,48,8295,8025,AP
Vehículo Privado,6,1412000015143,1412000013058,48,8296,8150,AP
Vehículo Privado,6,1412000015143,141200001326A,48,8296,8167,AP
Vehículo Privado,6,1412000015158,1403900011359,48,8297,111,AP
Vehículo Privado,6,1412000015158,1403900015366,48,8297,412,AP
Vehículo Privado,6,1412000015177,999990004,48,8299,10001,AP
Vehículo Privado,6,1412000015177,1412000015158,48,8299,8297,AP
Vehículo Privado,6,1412000015181,1412000012384,58,8300,8091,AP
Vehículo Privado,6,1412000015181,140980001053A,29,8300,6019,AP
Vehículo Privado,6,1412000015209,1409704241761,90,8302,5232,AP
Vehículo Privado,6,1412000015209,1409800011928,45,8302,6099,AP
Vehículo Privado,6,1412000015209,1409800012381,90,8302,6129,AP
Vehículo Privado,6,1412000015209,1409800012856,45,8302,6171,AP
Vehículo Privado,6,1412000015209,1412000012562,45,8302,8109,AP
Vehículo Privado,6,1412000015209,1412000014501,45,8302,8259,AP
Vehículo Privado,6,1412000015209,1412000015209,45,8302,8302,AP
Vehículo Privado,6,1412000015228,1412000014573,49,8303,8266,AP
Vehículo Privado,6,1412000015251,1403900011753,100,8304,145,AP
Vehículo Privado,6,1412000015251,1412000010706,100,8304,8020,AP
Vehículo Privado,6,1412000015266,1412000011225,100,8305,8038,AP
Vehículo Privado,6,1412000015266,1412000013575,200,8305,8189,AP
Vehículo Privado,6,1412000015266,1412000013664,100,8305,8197,AP
Vehículo Privado,6,1412000015266,1412000014836,100,8305,8281,AP
Vehículo Privado,6,1412000015266,1412000015266,200,8305,8305,AP
Vehículo Privado,6,1412000015266,1412000017366,45,8305,8434,AP
Vehículo Privado,6,1412000015266,1412002434713,13,8305,8517,AP
Vehículo Privado,6,1412000015266,141200001461A,100,8305,8270,AP
Vehículo Privado,6,1412000015285,1412000013382,110,8307,8175,AP
Vehículo Privado,6,1412000015285,1412000013397,110,8307,8176,AP
Vehículo Privado,6,1412000015317,1407000130083,96,8310,3028,AP
Vehículo Privado,6,1412000015317,1410100380166,96,8310,7220,AP
Vehículo Privado,6,1412000015340,1403900013143,90,8312,233,AP
Vehículo Privado,6,1412000015340,1403900013919,90,8312,278,AP
Vehículo Privado,6,1412000015340,1409800012625,45,8312,6150,AP
Vehículo Privado,6,1412000015340,1412000011920,45,8312,8065,AP
Vehículo Privado,6,1412000015340,1412000014516,45,8312,8260,AP
Vehículo Privado,6,1412000015340,1412000015340,90,8312,8312,AP
Vehículo Privado,6,1412000015340,1412000016300,45,8312,8360,AP
Vehículo Privado,6,1412000015340,141200001098A,45,8312,8027,AP
Vehículo Privado,6,1412000015355,1403900013783,45,8313,266,AP
Vehículo Privado,6,1412000015355,1412000011155,45,8313,8032,AP
Vehículo Privado,6,1412000015355,1412000011757,90,8313,8054,AP
Vehículo Privado,6,1412000015374,1403900011927,95,8315,161,AP
Vehículo Privado,6,1412000015374,1412000014836,95,8315,8281,AP
Vehículo Privado,6,1412000015374,1412000015270,285,8315,8306,AP
Vehículo Privado,6,1412000015374,140390001069A,95,8315,51,AP
Vehículo Privado,6,1412000015374,141200001027A,190,8315,8006,AP
Vehículo Privado,6,1412000015444,1403900013586,45,8316,250,AP
Vehículo Privado,6,1412000015444,1412000013147,45,8316,8158,AP
Vehículo Privado,6,1412000015444,1412000014427,45,8316,8251,AP
Vehículo Privado,6,1412000015444,1412000014535,45,8316,8262,AP
Vehículo Privado,6,1412000015444,141200001447A,45,8316,8256,AP
Vehículo Privado,6,1412000015459,14097059A,267,8317,5241,AP
Vehículo Privado,6,1412000015463,1409708843965,104,8318,5379,AP
Vehículo Privado,6,1412000015497,1412000010706,267,8321,8020,AP
Vehículo Privado,6,1412000015497,1412000014484,267,8321,8257,AP
Vehículo Privado,6,1412000015533,1403900011344,96,8323,110,AP
Vehículo Privado,6,1412000015533,1403900014936,96,8323,370,AP
Vehículo Privado,6,1412000015533,1412000011009,192,8323,8029,AP
Vehículo Privado,6,1412000015533,1412000015143,96,8323,8296,AP
Vehículo Privado,6,1412000015552,1409700201013,38,8325,5079,AP
Vehículo Privado,6,1412000015552,1409800011928,38,8325,6099,AP
Vehículo Privado,6,1412000015552,1412000012562,38,8325,8109,AP
Vehículo Privado,6,1412000015552,1412000012914,38,8325,8137,AP
Vehículo Privado,6,1412000015800,1412000011225,178,8336,8038,AP
Vehículo Privado,6,1412000015849,1403900011556,95,8340,127,AP
Vehículo Privado,6,1412000015849,1403900011607,95,8340,132,AP
Vehículo Privado,6,1412000015849,1412000010405,95,8340,8011,AP
Vehículo Privado,6,1412000015849,1412000016423,95,8340,8364,AP
Vehículo Privado,6,1412000015849,141200001066A,95,8340,8018,AP
Vehículo Privado,6,1412000015849,141200001319A,95,8340,8163,AP
Vehículo Privado,6,1412000015942,1403900011556,88,8342,127,AP
Vehículo Privado,6,1412000015942,1403900014387,88,8342,320,AP
Vehículo Privado,6,1412000015942,1412000013293,88,8342,8170,AP
Vehículo Privado,6,1412000015942,141200001066A,88,8342,8018,AP
Vehículo Privado,6,1412000016033,999990001,95,8346,10006,AP
Vehículo Privado,6,1412000016048,1412000011846,95,8347,8058,AP
Vehículo Privado,6,1412000016048,1412000012242,95,8347,8077,AP
Vehículo Privado,6,1412000016048,1412000016599,95,8347,8376,AP
Vehículo Privado,6,1412000016067,141200001098A,95,8349,8027,AP
Vehículo Privado,6,1412000016071,999990001,95,8350,10006,AP
Vehículo Privado,6,1412000016071,1412000013772,95,8350,8206,AP
Vehículo Privado,6,1412000016071,1412000015482,95,8350,8320,AP
Vehículo Privado,6,1412000016071,1412000016599,95,8350,8376,AP
Vehículo Privado,6,1412000016103,1412000010706,98,8353,8020,AP
Vehículo Privado,6,1412000016103,1412000011687,98,8353,8050,AP
Vehículo Privado,6,1412000016103,141200001237A,49,8353,8090,AP
Vehículo Privado,6,1412000016175,1403900010026,95,8357,1,AP
Vehículo Privado,6,1412000016175,1403900011378,95,8357,113,AP
Vehículo Privado,6,1412000016175,1412000016175,95,8357,8357,AP
Vehículo Privado,6,1412000016175,141200001027A,95,8357,8006,AP
Vehículo Privado,6,1412000016175,141200001098A,95,8357,8027,AP
Vehículo Privado,6,1412000016300,1403900012554,45,8360,209,AP
Vehículo Privado,6,1412000016300,1412000011206,45,8360,8036,AP
Vehículo Privado,6,1412000016300,1412000011278,90,8360,8039,AP
Vehículo Privado,6,1412000016300,1412000014677,90,8360,8274,AP
Vehículo Privado,6,1412000016300,1412000014836,45,8360,8281,AP
Vehículo Privado,6,1412000016300,141200001237A,90,8360,8090,AP
Vehículo Privado,6,1412000016438,1403900011626,45,8365,133,AP
Vehículo Privado,6,1412000016438,1403900012179,45,8365,182,AP
Vehículo Privado,6,1412000016438,1403900013143,90,8365,233,AP
Vehículo Privado,6,1412000016438,140390001051A,90,8365,36,AP
Vehículo Privado,6,1412000016508,1412000011009,93,8367,8029,AP
Vehículo Privado,6,1412000016508,1412000012914,31,8367,8137,AP
Vehículo Privado,6,1412000016508,1412000013062,31,8367,8151,AP
Vehículo Privado,6,1412000016508,1412000016512,31,8367,8368,AP
Vehículo Privado,6,1412000016508,1412002315887,62,8367,8489,AP
Vehículo Privado,6,1412000016508,140390001158A,31,8367,130,AP
Vehículo Privado,6,1412000016512,141200123,132,8368,8455,AP
Vehículo Privado,6,1412000016512,1403900010365,31,8368,23,AP
Vehículo Privado,6,1412000016512,1403900010596,31,8368,42,AP
Vehículo Privado,6,1412000016512,1412000011009,31,8368,8029,AP
Vehículo Privado,6,1412000016512,1412000013772,62,8368,8206,AP
Vehículo Privado,6,1412000016512,1412000015482,31,8368,8320,AP
Vehículo Privado,6,1412000016512,1412000016550,62,8368,8372,AP
Vehículo Privado,6,1412000016512,1412000016599,62,8368,8376,AP
Vehículo Privado,6,1412000016512,1412000016601,31,8368,8377,AP
Vehículo Privado,6,1412000016531,141205567,132,8370,8546,AP
Vehículo Privado,6,1412000016531,1412000014836,132,8370,8281,AP
Vehículo Privado,6,1412000016550,1412000016508,31,8372,8367,AP
Vehículo Privado,6,1412000016550,1412002312079,24,8372,8468,AP
Vehículo Privado,6,1412000016565,1409800011063,29,8373,6037,AP
Vehículo Privado,6,1412000016565,1412000011278,29,8373,8039,AP
Vehículo Privado,6,1412000016565,1412000012473,58,8373,8100,AP
Vehículo Privado,6,1412000016565,141200001447A,29,8373,8256,AP
Vehículo Privado,6,1412000016599,14097059A,96,8376,5241,AP
Vehículo Privado,6,1412000016620,1412000011009,62,8379,8029,AP
Vehículo Privado,6,1412000016620,1412000016550,31,8379,8372,AP
Vehículo Privado,6,1412000016635,1409800011538,132,8380,6070,AP
Vehículo Privado,6,1412000016635,1412000010405,132,8380,8011,AP
Vehículo Privado,6,1412000016724,1403900011043,31,8384,84,AP
Vehículo Privado,6,1412000016724,1412000011121,31,8384,8031,AP
Vehículo Privado,6,1412000016724,1412002313823,62,8384,8469,AP
Vehículo Privado,6,1412000016724,1412002315887,31,8384,8489,AP
Vehículo Privado,6,1412000016809,1403900011043,110,8392,84,AP
Vehículo Privado,6,1412000016809,1412000016828,110,8392,8394,AP
Vehículo Privado,6,1412000016832,1403900010365,110,8395,23,AP
Vehículo Privado,6,1412000016832,1412000010227,110,8395,8002,AP
Vehículo Privado,6,1412000016832,1412000010547,110,8395,8012,AP
Vehículo Privado,6,1412000016832,1412000012948,110,8395,8140,AP
Vehículo Privado,6,1412000016832,1412000013166,110,8395,8160,AP
Vehículo Privado,6,1412000016832,1412000014836,110,8395,8281,AP
Vehículo Privado,6,1412000016832,1412000016599,440,8395,8376,AP
Vehículo Privado,6,1412000016832,141200001027A,110,8395,8006,AP
Vehículo Privado,6,1412000016847,1412000011009,31,8396,8029,AP
Vehículo Privado,6,1412000016866,1412000016550,62,8398,8372,AP
Vehículo Privado,6,1412000016866,1412000016828,31,8398,8394,AP
Vehículo Privado,6,1412000016866,141200001326A,31,8398,8167,AP
Vehículo Privado,6,1412000016885,1412000010975,132,8400,8026,AP
Vehículo Privado,6,1412000016885,1412000016777,132,8400,8389,AP
Vehículo Privado,6,1412000016902,141205567,110,8402,8546,AP
Vehículo Privado,6,1412000016902,1403900011912,110,8402,160,AP
Vehículo Privado,6,1412000016902,1412000010405,24,8402,8011,AP
Vehículo Privado,6,1412000016902,1412000010617,220,8402,8014,AP
Vehículo Privado,6,1412000016902,1412000012238,110,8402,8076,AP
Vehículo Privado,6,1412000016902,1412000012261,110,8402,8079,AP
Vehículo Privado,6,1412000016902,1412000013664,110,8402,8197,AP
Vehículo Privado,6,1412000016921,1403900015309,31,8404,406,AP
Vehículo Privado,6,1412000016921,1409800010262,31,8404,6009,AP
Vehículo Privado,6,1412000016921,141200001027A,31,8404,8006,AP
Vehículo Privado,6,1412000017008,141205567,31,8405,8546,AP
Vehículo Privado,6,1412000017008,1403900010030,31,8405,2,AP
Vehículo Privado,6,1412000017008,1403900013923,31,8405,279,AP
Vehículo Privado,6,1412000017008,1412000010994,31,8405,8028,AP
Vehículo Privado,6,1412000017008,1412000012609,31,8405,8111,AP
Vehículo Privado,6,1412000017008,1412000016550,31,8405,8372,AP
Vehículo Privado,6,1412000017008,1412000016758,31,8405,8387,AP
Vehículo Privado,6,1412000017031,1412000016620,62,8408,8379,AP
Vehículo Privado,6,1412000017050,1412000012280,95,8410,8081,AP
Vehículo Privado,6,1412000017050,1412000012609,95,8410,8111,AP
Vehículo Privado,6,1412000017050,1412000016512,95,8410,8368,AP
Vehículo Privado,6,1412000017116,1403900013143,95,8416,233,AP
Vehículo Privado,6,1412000017116,1412000016550,95,8416,8372,AP
Vehículo Privado,6,1412000017116,1412000017046,190,8416,8409,AP
Vehículo Privado,6,1412000017120,1412000012666,31,8417,8117,AP
Vehículo Privado,6,1412000017120,1412000016550,62,8417,8372,AP
Vehículo Privado,6,1412000017135,1412000016550,132,8418,8372,AP
Vehículo Privado,6,1412000017309,1403900015366,49,8430,412,AP
Vehículo Privado,6,1412000017366,1403900015366,45,8434,412,AP
Vehículo Privado,6,1412000017366,1412000010706,45,8434,8020,AP
Vehículo Privado,6,1412000017366,1412000012558,45,8434,8108,AP
Vehículo Privado,6,1412000620161,1412000016777,132,8445,8389,AP
Vehículo Privado,6,1412000620176,1403900011575,132,8446,129,AP
Vehículo Privado,6,1412001395980,141200104,26,8457,8454,AP
Vehículo Privado,6,1412001395980,141205567,13,8457,8546,AP
Vehículo Privado,6,1412001395980,1412000010617,13,8457,8014,AP
Vehículo Privado,6,1412001395980,1412000016599,13,8457,8376,AP
Vehículo Privado,6,1412001395995,141205567,13,8458,8546,AP
Vehículo Privado,6,1412001395995,1412000016777,13,8458,8389,AP
Vehículo Privado,6,1412001395995,1412000016813,13,8458,8393,AP
Vehículo Privado,6,1412001395995,1412002312026,13,8458,8465,AP
Vehículo Privado,6,1412002065054,141200123,9,8462,8455,AP
Vehículo Privado,6,1412002065054,999990006,3,8462,10005,AP
Vehículo Privado,6,1412002065054,1403900012183,3,8462,183,AP
Vehículo Privado,6,1412002065054,1403900014885,3,8462,365,AP
Vehículo Privado,6,1412002065054,1403900015366,6,8462,412,AP
Vehículo Privado,6,1412002065054,1410100010912,3,8462,7049,AP
Vehículo Privado,6,1412002065054,1412000013062,3,8462,8151,AP
Vehículo Privado,6,1412002065054,1412000013397,3,8462,8176,AP
Vehículo Privado,6,1412002065054,1412002065054,18,8462,8462,AP
Vehículo Privado,6,1412002065054,141200001664A,6,8462,8381,AP
Vehículo Privado,6,1412002312026,1412000016866,31,8465,8398,AP
Vehículo Privado,6,1412002312079,141205567,24,8468,8546,AP
Vehículo Privado,6,1412002312079,1412000010994,24,8468,8028,AP
Vehículo Privado,6,1412002312079,1412000016550,24,8468,8372,AP
Vehículo Privado,6,1412002312079,1412000016705,24,8468,8382,AP
Vehículo Privado,6,1412002312079,1412000016828,24,8468,8394,AP
Vehículo Privado,6,1412002312079,1412002313842,24,8468,8471,AP
Vehículo Privado,6,1412002312079,141200001098A,24,8468,8027,AP
Vehículo Privado,6,1412002313823,1412002313823,3,8469,8469,AP
Vehículo Privado,6,1412002313838,141205567,132,8470,8546,AP
Vehículo Privado,6,1412002313838,1412000010405,132,8470,8011,AP
Vehículo Privado,6,1412002314145,1409800141129,24,8475,6219,AP
Vehículo Privado,6,1412002314145,1412000010405,48,8475,8011,AP
Vehículo Privado,6,1412002314145,1412000011009,24,8475,8029,AP
Vehículo Privado,6,1412002314145,1412000014215,24,8475,8230,AP
Vehículo Privado,6,1412002314145,1412000016531,24,8475,8370,AP
Vehículo Privado,6,1412002314145,1412000016546,24,8475,8371,AP
Vehículo Privado,6,1412002314145,1412001395980,48,8475,8457,AP
Vehículo Privado,6,1412002314145,1412002314145,24,8475,8475,AP
Vehículo Privado,6,1412002314145,1412002315726,24,8475,8485,AP
Vehículo Privado,6,1412002314145,1412002315887,24,8475,8489,AP
Vehículo Privado,6,1412002314145,1412002434713,24,8475,8517,AP
Vehículo Privado,6,1412002314145,1412007580797,48,8475,8538,AP
Vehículo Privado,6,1412002314164,141200123,24,8477,8455,AP
Vehículo Privado,6,1412002314164,1412001395980,24,8477,8457,AP
Vehículo Privado,6,1412002314164,1412002316230,48,8477,8493,AP
Vehículo Privado,6,1412002314179,999990003,24,8478,10003,AP
Vehículo Privado,6,1412002314179,1403900011359,24,8478,111,AP
Vehículo Privado,6,1412002314179,1410100012001,24,8478,7126,AP
Vehículo Privado,6,1412002314179,1412000016550,48,8478,8372,AP
Vehículo Privado,6,1412002314179,1412000016601,24,8478,8377,AP
Vehículo Privado,6,1412002314179,1412000016902,72,8478,8402,AP
Vehículo Privado,6,1412002314179,1412002315726,48,8478,8485,AP
Vehículo Privado,6,1412002314179,141200001319A,24,8478,8163,AP
Vehículo Privado,6,1412002315618,141200123,132,8484,8455,AP
Vehículo Privado,6,1412002315779,1412000011009,48,8487,8029,AP
Vehículo Privado,6,1412002315872,1412000014215,132,8488,8230,AP
Vehículo Privado,6,1412002315887,1412002315887,59,8489,8489,AP
Vehículo Privado,6,1412002316230,141200104,132,8493,8454,AP
Vehículo Privado,6,1412002316230,1412000010994,132,8493,8028,AP
Vehículo Privado,6,1412002316230,1412002315887,132,8493,8489,AP
Vehículo Privado,6,1412002316669,1409708622914,132,8501,5363,AP
Vehículo Privado,6,1412002316669,1410100010537,132,8501,7020,AP
Vehículo Privado,6,1412002316669,1412000017046,132,8501,8409,AP
Vehículo Privado,6,1412002316669,1412002316673,132,8501,8502,AP
Vehículo Privado,6,1412002316669,141200001301A,132,8501,8147,AP
Vehículo Privado,6,1412002316669,141200001326A,264,8501,8167,AP
Vehículo Privado,6,1412002316989,141205567,132,8507,8546,AP
Vehículo Privado,6,1412002316989,1412000010405,132,8507,8011,AP
Vehículo Privado,6,1412002316989,1412000015482,132,8507,8320,AP
Vehículo Privado,6,1412002434709,141200142,13,8516,8459,AP
Vehículo Privado,6,1412002434709,141205567,13,8516,8546,AP
Vehículo Privado,6,1412002434709,1403900014086,13,8516,295,AP
Vehículo Privado,6,1412002434709,1412000012609,13,8516,8111,AP
Vehículo Privado,6,1412002434709,1412000014198,26,8516,8228,AP
Vehículo Privado,6,1412002434709,1412000016599,13,8516,8376,AP
Vehículo Privado,6,1412002434709,1412002434709,65,8516,8516,AP
Vehículo Privado,6,1412002434713,141200142,13,8517,8459,AP
Vehículo Privado,6,1412002434713,141205567,26,8517,8546,AP
Vehículo Privado,6,1412002434713,999990001,39,8517,10006,AP
Vehículo Privado,6,1412002434713,1403900011359,13,8517,111,AP
Vehículo Privado,6,1412002434713,1403900012728,13,8517,224,AP
Vehículo Privado,6,1412002434713,1403900013976,13,8517,284,AP
Vehículo Privado,6,1412002434713,1409700010918,13,8517,5009,AP
Vehículo Privado,6,1412002434713,1412000012793,26,8517,8127,AP
Vehículo Privado,6,1412002434713,1412001395980,13,8517,8457,AP
Vehículo Privado,6,1412002434713,1412002434709,13,8517,8516,AP
Vehículo Privado,6,1412004306940,141200068,59,8519,8451,AP
Vehículo Privado,6,1412004306940,1403900011359,59,8519,111,AP
Vehículo Privado,6,1412004306940,1403900011804,59,8519,149,AP
Vehículo Privado,6,1412004306940,1407000140825,59,8519,3059,AP
Vehículo Privado,6,1412004306940,1412000010640,59,8519,8016,AP
Vehículo Privado,6,1412004306940,1412000011225,59,8519,8038,AP
Vehículo Privado,6,1412004306940,1412000012971,59,8519,8143,AP
Vehículo Privado,6,1412004307421,141200068,118,8521,8451,AP
Vehículo Privado,6,1412004307421,999990004,59,8521,10001,AP
Vehículo Privado,6,1412004307421,1410100010931,59,8521,7051,AP
Vehículo Privado,6,1412004307421,1412000011121,59,8521,8031,AP
Vehículo Privado,6,1412004307421,1412000016550,118,8521,8372,AP
Vehículo Privado,6,1412004307421,1412000016599,59,8521,8376,AP
Vehículo Privado,6,1412004307421,1412000016743,59,8521,8386,AP
Vehículo Privado,6,1412007500301,141200123,660,8524,8455,AP
Vehículo Privado,6,1412007500301,1403900011170,132,8524,96,AP
Vehículo Privado,6,1412007500301,1409800011928,132,8524,6099,AP
Vehículo Privado,6,1412007500301,1412000016599,132,8524,8376,AP
Vehículo Privado,6,1412007500301,1412004306955,660,8524,8520,AP
Vehículo Privado,6,1412007500316,1409800011928,132,8525,6099,AP
Vehículo Privado,6,1412007530320,1412002313838,132,8526,8470,AP
Vehículo Privado,6,1412007570439,999990005,59,8529,10004,AP
Vehículo Privado,6,1412007570439,1412000016599,118,8529,8376,AP
Vehículo Privado,6,1412007570439,1412007580744,177,8529,8536,AP
Vehículo Privado,6,1412007570439,141200001098A,59,8529,8027,AP
Vehículo Privado,6,1412007570462,1412000016550,59,8530,8372,AP
Vehículo Privado,6,1412007570462,1412007580693,177,8530,8535,AP
Vehículo Privado,6,1412007580509,141205567,59,8532,8546,AP
Vehículo Privado,6,1412007580509,1412000010617,59,8532,8014,AP
Vehículo Privado,6,1412007580509,1412000010994,59,8532,8028,AP
Vehículo Privado,6,1412007580509,1412000016743,118,8532,8386,AP
Vehículo Privado,6,1412007580509,1412002314179,59,8532,8478,AP
Vehículo Privado,6,1412007580509,1412002315887,59,8532,8489,AP
Vehículo Privado,6,1412007580509,141200001098A,59,8532,8027,AP
Vehículo Privado,6,1412007580566,1412000016550,59,8534,8372,AP
Vehículo Privado,6,1412007580693,1412000013664,59,8535,8197,AP
Vehículo Privado,6,1412007580693,1412000016743,59,8535,8386,AP
Vehículo Privado,6,1412007580693,141010001040A,59,8535,7010,AP
Vehículo Privado,6,1412007580744,1412000011225,59,8536,8038,AP
Vehículo Privado,6,1412007580744,1412007580744,295,8536,8536,AP
Vehículo Privado,6,1412007580759,141200068,59,8537,8451,AP
Vehículo Privado,6,1412007580759,1412000010212,59,8537,8001,AP
Vehículo Privado,6,1412007580759,1412002434713,59,8537,8517,AP
Vehículo Privado,6,1412007580759,1412004306940,59,8537,8519,AP
Vehículo Privado,6,1412007580797,1412000010405,59,8538,8011,AP
Vehículo Privado,6,1412007580797,1412000016599,59,8538,8376,AP
Vehículo Privado,6,1412007580833,1412000010405,59,8541,8011,AP
Vehículo Privado,6,1412007630852,141205567,39,8543,8546,AP
Vehículo Privado,6,1412007630852,1412002315887,26,8543,8489,AP
Vehículo Privado,6,1412400010122,1412400010175,35,9001,9005,AP
Vehículo Privado,6,1412400010122,1412400940387,35,9001,9048,AP
Vehículo Privado,6,1412400010137,141240014,35,9002,9041,AP
Vehículo Privado,6,1412400010137,141240071,70,9002,9045,AP
Vehículo Privado,6,1412400010137,999990004,35,9002,10001,AP
Vehículo Privado,6,1412400010137,1409800010879,35,9002,6028,AP
Vehículo Privado,6,1412400010137,1412400010156,35,9002,9004,AP
Vehículo Privado,6,1412400010141,999990004,35,9003,10001,AP
Vehículo Privado,6,1412400010141,1403900011170,35,9003,96,AP
Vehículo Privado,6,1412400010141,1403900011359,35,9003,111,AP
Vehículo Privado,6,1412400010141,1409800011345,35,9003,6056,AP
Vehículo Privado,6,1412400010156,999990004,35,9004,10001,AP
Vehículo Privado,6,1412400010156,1409800010879,35,9004,6028,AP
Vehículo Privado,6,1412400010156,1410100010946,70,9004,7052,AP
Vehículo Privado,6,1412400010156,1410100011338,35,9004,7085,AP
Vehículo Privado,6,1412400010175,1405100020213,21,9005,2018,AP
Vehículo Privado,6,1412400010175,141240001018A,35,9005,9006,AP
Vehículo Privado,6,1412400010211,1412000014605,35,9007,8269,AP
Vehículo Privado,6,1412400010226,141240071,35,9008,9045,AP
Vehículo Privado,6,1412400010226,1412400010480,35,9008,9030,AP
Vehículo Privado,6,1412400010226,141240001018A,70,9008,9006,AP
Vehículo Privado,6,1412400010495,1410100011592,41,9031,7104,AP
Vehículo Privado,6,1412400010495,1412400010438,70,9031,9025,AP
Vehículo Privado,6,1412400010527,1410100260698,35,9034,7198,AP
Vehículo Privado,6,1412400940387,1410100010912,144,9048,7049,AP
Vehículo Privado,6,1412400940387,141010001250A,41,9048,7143,AP
Vehículo Privado,6,1412400940391,1410100260683,21,9049,7197,AP
Vehículo Privado,6,1412400940391,1412400010175,21,9049,9005,AP
Vehículo Privado,6,1412401760160,141240090,39,9051,9047,AP
Vehículo Privado,6,1412401760160,1403900011448,3,9051,120,AP
Vehículo Privado,6,1412401760160,1409800010506,3,9051,6017,AP
Vehículo Privado,6,1412401760160,1410100011592,3,9051,7104,AP
Vehículo Privado,6,1412401760160,1412400010508,6,9051,9032,AP
Vehículo Privado,6,1412401760160,1412401760160,9,9051,9051,AP
Vehículo Privado,6,140390001005A,1403900011556,75,3,127,AP
Vehículo Privado,6,140390001005A,1412000013170,75,3,8161,AP
Vehículo Privado,6,140390001051A,14097059A,126,36,5241,AP
Vehículo Privado,6,140390001069A,1403900010435,404,51,29,AP
Vehículo Privado,6,140390001083A,1412000011009,249,64,8029,AP
Vehículo Privado,6,140390001090A,1403900014832,249,71,360,AP
Vehículo Privado,6,140390001101A,1409800011222,454,81,6049,AP
Vehículo Privado,6,140390001140A,1403900011359,111,116,111,AP
Vehículo Privado,6,140390001140A,1403900011556,111,116,127,AP
Vehículo Privado,6,140390001350A,1403900015366,48,243,412,AP
Vehículo Privado,6,140390001368A,1403900012041,48,258,173,AP
Vehículo Privado,6,140390001368A,1412400010137,35,258,9002,AP
Vehículo Privado,6,140390001457A,1403900012376,119,338,197,AP
Vehículo Privado,6,140390001464A,1403900011170,163,345,96,AP
Vehículo Privado,6,140390001464A,141200001707A,45,345,8412,AP
Vehículo Privado,6,140390001521A,1412002434709,234,398,8516,AP
Vehículo Privado,6,140440002005A,140510035,7,1013,2020,AP
Vehículo Privado,6,140440002005A,140440002012A,7,1013,1015,AP
Vehículo Privado,6,140440002012A,140440026,14,1015,1032,AP
Vehículo Privado,6,140440002012A,999990005,28,1015,10004,AP
Vehículo Privado,6,140440002012A,1404400050261,7,1015,1025,AP
Vehículo Privado,6,140440002012A,1404400100238,21,1015,1028,AP
Vehículo Privado,6,140440002012A,1412000014836,7,1015,8281,AP
Vehículo Privado,6,140440002012A,140390001101A,14,1015,81,AP
Vehículo Privado,6,140440002012A,140440002012A,7,1015,1015,AP
Vehículo Privado,6,140440010037A,1409700432628,27,1030,5205,AP
Vehículo Privado,6,140440010037A,1410100010931,27,1030,7051,AP
Vehículo Privado,6,140440010037A,140970005034A,54,1030,5036,AP
Vehículo Privado,6,140510001004A,140440011,2,2001,1031,AP
Vehículo Privado,6,140510001004A,140510016,2,2001,2019,AP
Vehículo Privado,6,140510001004A,1403900015366,2,2001,412,AP
Vehículo Privado,6,140510001004A,1405100010054,10,2001,2002,AP
Vehículo Privado,6,140510001004A,1405100010069,2,2001,2003,AP
Vehículo Privado,6,140510001004A,1405100010139,2,2001,2010,AP
Vehículo Privado,6,140510001004A,1407000010045,2,2001,3002,AP
Vehículo Privado,6,140510001004A,1407000010384,2,2001,3009,AP
Vehículo Privado,6,140510001004A,1407000010399,2,2001,3010,AP
Vehículo Privado,6,140510001004A,1407000200191,2,2001,3066,AP
Vehículo Privado,6,140510001004A,1409800011928,2,2001,6099,AP
Vehículo Privado,6,140510001004A,1410100010946,2,2001,7052,AP
Vehículo Privado,6,140510001004A,140390001101A,2,2001,81,AP
Vehículo Privado,6,140510001004A,140510001004A,2,2001,2001,AP
Vehículo Privado,6,140510001004A,14097059A,2,2001,5241,AP
Vehículo Privado,6,140510001004A,99999000A,10,2001,10002,AP
Vehículo Privado,6,140700013005A,1409800012428,46,3027,6131,AP
Vehículo Privado,6,140700020126A,1407000200789,177,3078,3072,AP
Vehículo Privado,6,140700020126A,1409800012095,59,3078,6108,AP
Vehículo Privado,6,140700020126A,14070140A,59,3078,3131,AP
Vehículo Privado,6,140700111133A,1410100010927,118,3121,7050,AP
Vehículo Privado,6,140700111133A,1410100260683,59,3121,7197,AP
Vehículo Privado,6,140700111133A,140980001007A,59,3121,6004,AP
Vehículo Privado,6,140970005034A,140970005034A,57,5036,5036,AP
Vehículo Privado,6,140970005034A,14097059A,19,5036,5241,AP
Vehículo Privado,6,140970023276A,140972308,54,5084,5384,AP
Vehículo Privado,6,140970032027A,1409700201013,104,5138,5079,AP
Vehículo Privado,6,140970032027A,1409700340848,104,5138,5160,AP
Vehículo Privado,6,140970424098A,1403900011359,76,5231,111,AP
Vehículo Privado,6,140970424098A,1403900015366,38,5231,412,AP
Vehículo Privado,6,14097059A,140440011,27,5241,1031,AP
Vehículo Privado,6,14097059A,999990004,96,5241,10001,AP
Vehículo Privado,6,14097059A,999990005,57,5241,10004,AP
Vehículo Privado,6,14097059A,1403900014669,96,5241,347,AP
Vehículo Privado,6,14097059A,1403900015012,57,5241,378,AP
Vehículo Privado,6,14097059A,1404400020115,7,5241,1014,AP
Vehículo Privado,6,14097059A,1409708221530,242,5241,5252,AP
Vehículo Privado,6,14097059A,1409708634145,57,5241,5369,AP
Vehículo Privado,6,14097059A,14097059A,210,5241,5241,AP
Vehículo Privado,6,14097059A,99999000A,23,5241,10002,AP
Vehículo Privado,6,140970777244A,999990005,171,5250,10004,AP
Vehículo Privado,6,140970777244A,1407001111359,57,5250,3123,AP
Vehículo Privado,6,140970822194A,140970104,242,5266,5209,AP
Vehículo Privado,6,140970831205A,999990001,96,5302,10006,AP
Vehículo Privado,6,140970831205A,1403900012605,192,5302,214,AP
Vehículo Privado,6,140970831205A,1409800011684,96,5302,6080,AP
Vehículo Privado,6,140970843269A,1403900015366,94,5339,412,AP
Vehículo Privado,6,140970843269A,1412000010636,94,5339,8015,AP
Vehículo Privado,6,140970862340A,1412000010636,94,5365,8015,AP
Vehículo Privado,6,140970884397A,1409708441687,208,5380,5345,AP
Vehículo Privado,6,140970884397A,1412000012952,208,5380,8141,AP
Vehículo Privado,6,140970884397A,1412000014516,104,5380,8260,AP
Vehículo Privado,6,140980001007A,140980001007A,3,6004,6004,AP
Vehículo Privado,6,140980001053A,1403900010238,452,6019,13,AP
Vehículo Privado,6,140980001053A,1403900013726,48,6019,262,AP
Vehículo Privado,6,140980001053A,1410100010471,41,6019,7014,AP
Vehículo Privado,6,140980001110A,1409800012625,178,6041,6150,AP
Vehículo Privado,6,140980001110A,1412000011297,178,6041,8041,AP
Vehículo Privado,6,140980001110A,140980001110A,356,6041,6041,AP
Vehículo Privado,6,140980001181A,1409800010347,23,6090,6012,AP
Vehículo Privado,6,140980001270A,1412000011297,91,6156,8041,AP
Vehículo Privado,6,140980001320A,1412000014836,96,6198,8281,AP
Vehículo Privado,6,140980128288A,1403900011359,91,6235,111,AP
Vehículo Privado,6,141010001019A,1403900014194,18,7003,305,AP
Vehículo Privado,6,141010001019A,1410100010147,18,7003,7001,AP
Vehículo Privado,6,141010001040A,1410100092213,109,7010,7179,AP
Vehículo Privado,6,141010001097A,1410100010147,18,7055,7001,AP
Vehículo Privado,6,141010001097A,141010001097A,109,7055,7055,AP
Vehículo Privado,6,141010001179A,999990004,144,7117,10001,AP
Vehículo Privado,6,141010001250A,1409800013110,41,7143,6191,AP
Vehículo Privado,6,141010027236A,1403900015366,23,7210,412,AP
Vehículo Privado,6,141010027236A,141010001097A,23,7210,7055,AP
Vehículo Privado,6,141010027236A,141010027236A,23,7210,7210,AP
Vehículo Privado,6,141200001027A,1412000010265,178,8006,8005,AP
Vehículo Privado,6,141200001066A,1412000011297,100,8018,8041,AP
Vehículo Privado,6,141200001066A,1412000015270,100,8018,8306,AP
Vehículo Privado,6,141200001066A,140390001101A,100,8018,81,AP
Vehículo Privado,6,141200001066A,141200001251A,267,8018,8104,AP
Vehículo Privado,6,141200001116A,1403900010295,88,8033,17,AP
Vehículo Privado,6,141200001116A,1403900011109,88,8033,89,AP
Vehículo Privado,6,141200001116A,1403900011359,88,8033,111,AP
Vehículo Privado,6,141200001116A,1412000012914,176,8033,8137,AP
Vehículo Privado,6,141200001187A,140980001053A,178,8061,6019,AP
Vehículo Privado,6,141200001251A,1409700250354,267,8104,5087,AP
Vehículo Privado,6,141200001290A,1412000011206,88,8136,8036,AP
Vehículo Privado,6,141200001290A,1412000011225,176,8136,8038,AP
Vehículo Privado,6,141200001290A,1412000011297,88,8136,8041,AP
Vehículo Privado,6,141200001290A,141200001290A,88,8136,8136,AP
Vehículo Privado,6,141200001301A,1403900011556,300,8147,127,AP
Vehículo Privado,6,141200001301A,1412000014836,100,8147,8281,AP
Vehículo Privado,6,141200001319A,1412000011009,178,8163,8029,AP
Vehículo Privado,6,141200001326A,1412000010265,110,8167,8005,AP
Vehículo Privado,6,141200001326A,1412000012384,110,8167,8091,AP
Vehículo Privado,6,141200001326A,1412000013664,110,8167,8197,AP
Vehículo Privado,6,141200001326A,141200001326A,440,8167,8167,AP
Vehículo Privado,6,141200001340A,1412000012539,38,8177,8106,AP
Vehículo Privado,6,141200001340A,141200001251A,38,8177,8104,AP
Vehículo Privado,6,141200001372A,1403900010149,48,8203,8,AP
Vehículo Privado,6,141200001422A,1412000014516,137,8231,8260,AP
Vehículo Privado,6,141200001422A,141200001422A,48,8231,8231,AP
Vehículo Privado,6,141200001486A,1412000012774,48,8284,8125,AP
Vehículo Privado,6,141200001536A,1412000011009,190,8314,8029,AP
Vehículo Privado,6,141200001536A,141200001422A,95,8314,8231,AP
Vehículo Privado,6,141200001657A,999990001,29,8374,10006,AP
Vehículo Privado,6,141200001657A,1403900015366,29,8374,412,AP
Vehículo Privado,6,141200001657A,1412000010655,29,8374,8017,AP
Vehículo Privado,6,141200001657A,1412000014376,29,8374,8246,AP
Vehículo Privado,6,141200001657A,99999000A,29,8374,10002,AP
Vehículo Privado,6,141200001739A,999990005,31,8437,10004,AP
Vehículo Privado,6,141200001739A,1412000016550,31,8437,8372,AP
Vehículo Privado,6,141200001739A,1412000016584,62,8437,8375,AP
Vehículo Privado,6,141200206504A,141200087,3,8461,8452,AP
Vehículo Privado,6,141200206504A,1403900011359,3,8461,111,AP
Vehículo Privado,6,141200206504A,1412000010405,3,8461,8011,AP
Vehículo Privado,6,141200206504A,1412000013058,3,8461,8150,AP
Vehículo Privado,6,141200206504A,141200001664A,3,8461,8381,AP
Vehículo Privado,6,141200231415A,1412000011846,24,8476,8058,AP
Vehículo Privado,6,141200231415A,1412001395980,24,8476,8457,AP
Vehículo Privado,6,141200231415A,141200231415A,72,8476,8476,AP
Vehículo Privado,6,141200231696A,1403900010577,132,8505,41,AP
Vehículo Privado,6,141200231696A,1403900014550,132,8505,336,AP
Vehículo Privado,6,141200231696A,1412000010405,132,8505,8011,AP
Vehículo Privado,6,141200231696A,1412000016512,132,8505,8368,AP
Vehículo Privado,6,141200231696A,1412002315726,132,8505,8485,AP
Vehículo Privado,6,141200231696A,1412002316230,132,8505,8493,AP
Vehículo Privado,6,141200758080A,999990004,59,8539,10001,AP
Vehículo Privado,6,141200758080A,1403900014565,59,8539,337,AP
Vehículo Privado,6,141200758080A,1412000014198,59,8539,8228,AP
Vehículo Privado,6,141200758080A,1412000016599,59,8539,8376,AP
Vehículo Privado,6,141200758080A,1412002313823,59,8539,8469,AP
Vehículo Privado,6,141200758080A,1412002315887,59,8539,8489,AP
Vehículo Privado,6,141200758080A,141200758080A,59,8539,8539,AP
Vehículo Privado,6,141240001018A,1412400010230,35,9006,9009,AP
Vehículo Privado,6,141240001018A,141240001018A,35,9006,9006,AP
Vehículo Privado,6,99999000A,140440011,27,10002,1031,AP
Vehículo Privado,6,99999000A,1407000201382,59,10002,3079,AP
Vehículo Privado,6,99999000A,140970180123A,29,10002,5225,AP
Vehículo Privado,6,99999000A,141200001116A,88,10002,8033,AP
Vehículo Privado,6,99999000A,99999000A,38,10002,10002,AP
Vehículo Privado,6,140440011,140440011,37,1031,1031,AP
Vehículo Privado,6,140440011,1404400050261,27,1031,1025,AP
Vehículo Privado,6,140970104,999990006,19,5209,10005,AP
Vehículo Privado,6,140970104,1409700342505,19,5209,5165,AP
Vehículo Privado,6,140970123,1409700050655,10,5222,5038,AP
Vehículo Privado,6,140970123,1409700150956,30,5222,5068,AP
Vehículo Privado,6,140980243,140700021101A,45,6237,3088,AP
Vehículo Privado,6,141205567,1412002434709,13,8546,8516,AP
Vehículo Privado,6,1404400010280,1404400010098,10,1006,1004,AP
Vehículo Privado,6,1404400010280,1404400010312,10,1006,1009,AP
Vehículo Privado,6,1404400020134,140440002005A,14,1016,1013,AP
Vehículo Privado,6,1404400540416,140440011,27,1034,1031,AP
Vehículo Privado,6,1407000210736,140700021101A,15,3082,3088,AP
Vehículo Privado,6,1409700010918,1409700010922,15,5009,5010,AP
Vehículo Privado,6,1409700010937,1409700010918,15,5011,5009,AP
Vehículo Privado,6,1409700010941,1412000014484,15,5012,8257,AP
Vehículo Privado,6,1409700012098,1409700250354,54,5021,5087,AP
Vehículo Privado,6,1409700053166,1409700050655,38,5045,5038,AP
Vehículo Privado,6,1409700053503,140970005034A,19,5047,5036,AP
Vehículo Privado,6,1409700150956,999990006,10,5068,10005,AP
Vehículo Privado,6,1409700250369,1409708441687,51,5088,5345,AP
Vehículo Privado,6,1409700251456,1409800142023,104,5111,6221,AP
Vehículo Privado,6,1409700251456,1409800143159,104,5111,6228,AP
Vehículo Privado,6,1409700320180,1409700320284,104,5136,5139,AP
Vehículo Privado,6,1409700321189,1409700320053,104,5149,5135,AP
Vehículo Privado,6,1409700340373,1409700340250,19,5157,5156,AP
Vehículo Privado,6,1409700340373,1409700340373,19,5157,5157,AP
Vehículo Privado,6,1409706133927,1409700010212,188,5243,5003,AP
Vehículo Privado,6,1409706133931,1412000010636,94,5244,8015,AP
Vehículo Privado,6,1409708221530,1409708221530,484,5252,5252,AP
Vehículo Privado,6,1409708823984,1409708623414,242,5377,5366,AP
Vehículo Privado,6,1409800010262,1409800011608,356,6009,6074,AP
Vehículo Privado,6,1409800011398,1409800011576,46,6061,6072,AP
Vehículo Privado,6,1409800011839,1403900011185,227,6092,97,AP
Vehículo Privado,6,1410100010397,1410100010397,18,7009,7009,AP
Vehículo Privado,6,1410100010679,1410100011130,41,7031,7069,AP
Vehículo Privado,6,1410100011130,1410100011130,82,7069,7069,AP
Vehículo Privado,6,1410100011766,1410100010950,432,7115,7053,AP
Vehículo Privado,6,1410100011766,141010001097A,144,7115,7055,AP
Vehículo Privado,6,1410100092105,1410100092105,109,7168,7168,AP
Vehículo Privado,6,1410100092143,1403900013764,109,7172,265,AP
Vehículo Privado,6,1410100092410,1410100092209,109,7187,7178,AP
Vehículo Privado,6,1410100272336,1410100272336,46,7207,7207,AP
Vehículo Privado,6,1412000011526,1409800012381,38,8045,6129,AP
Vehículo Privado,6,1412000012308,1412000014569,49,8083,8265,AP
Vehículo Privado,6,1412000013791,1412000013791,96,8208,8208,AP
Vehículo Privado,6,1412000014501,1412000014516,163,8259,8260,AP
Vehículo Privado,6,1412000015158,1412000013062,48,8297,8151,AP
Vehículo Privado,6,1412000015548,1412000010937,96,8324,8025,AP
Vehículo Privado,6,1412000015548,1412000015548,192,8324,8324,AP
Vehículo Privado,6,1412000015548,141200001098A,96,8324,8027,AP
Vehículo Privado,6,1412000017008,1412000016550,31,8405,8372,AP
Vehículo Privado,6,1412000017031,1412000012609,31,8408,8111,AP
Vehículo Privado,6,1412000017031,1412000016546,31,8408,8371,AP
Vehículo Privado,6,1412000017031,1412000016724,155,8408,8384,AP
Vehículo Privado,6,1412000017031,1412000016870,31,8408,8399,AP
Vehículo Privado,6,1412000620176,1412000016724,132,8446,8384,AP
Vehículo Privado,6,1412002065054,141200087,3,8462,8452,AP
Vehículo Privado,6,1412002065054,1412002065054,3,8462,8462,AP
Vehículo Privado,6,1412002315779,1412002314179,24,8487,8478,AP
Vehículo Privado,6,1412007580693,1412007580693,59,8535,8535,AP
Vehículo Privado,6,140440002012A,140440002005A,28,1015,1013,AP
Vehículo Privado,6,140440002012A,140440002012A,7,1015,1015,AP
Vehículo Privado,6,140700021101A,140700021101A,63,3088,3088,AP
Vehículo Privado,6,140980001320A,1407000131433,96,6198,3039,AP
Vehículo Privado,6,141200206504A,1412002065054,15,8461,8462,AP
Vehículo Privado,6,141200206504A,141200206504A,3,8461,8461,AP
Vehículo Privado,6,140440011,140440011,81,1031,1031,AP
Vehículo Privado,6,140440011,140440026,54,1031,1032,AP
Vehículo Privado,6,140440011,1404400100238,81,1031,1028,AP
Vehículo Privado,6,140440011,1404400540401,27,1031,1033,AP
Vehículo Privado,6,140440011,1404401700384,20,1031,1038,AP
Vehículo Privado,6,140440011,1407000200204,27,1031,3067,AP
Vehículo Privado,6,140440011,1409800012095,27,1031,6108,AP
Vehículo Privado,6,140440011,14097059A,91,1031,5241,AP
Vehículo Privado,6,140440011,99999000A,20,1031,10002,AP
Vehículo Privado,6,140440026,1407001111359,10,1032,3123,AP
Vehículo Privado,6,140440026,14097059A,20,1032,5241,AP
Vehículo Privado,6,140970015,1409704240443,19,5060,5228,AP
Vehículo Privado,6,140970123,140973679,10,5222,5390,AP
Vehículo Privado,6,140970123,1409700010212,10,5222,5003,AP
Vehículo Privado,6,140972416,1412000010636,188,5387,8015,AP
Vehículo Privado,6,140980012,1409800141129,46,6216,6219,AP
Vehículo Privado,6,141200142,1412000011210,13,8459,8037,AP
Vehículo Privado,6,141200142,1412000016512,13,8459,8368,AP
Vehículo Privado,6,141205567,141205567,41,8546,8546,AP
Vehículo Privado,6,141205567,1403900012357,119,8546,195,AP
Vehículo Privado,6,141240033,1412400010141,9,9043,9003,AP
Vehículo Privado,6,141240033,1412400010495,6,9043,9031,AP
Vehículo Privado,6,141240071,141240001018A,70,9045,9006,AP
Vehículo Privado,6,141240090,1412400940387,3,9047,9048,AP
Vehículo Privado,6,999990001,141200142,13,10006,8459,AP
Vehículo Privado,6,1403900010473,1403900013834,452,33,271,AP
Vehículo Privado,6,1403900011043,1403900011683,249,84,139,AP
Vehículo Privado,6,1403900011683,1403900011043,249,139,84,AP
Vehículo Privado,6,1403900011912,1407000140276,111,160,3046,AP
Vehículo Privado,6,1403900012304,1412000016550,246,192,8372,AP
Vehículo Privado,6,1403900012395,1403900015563,119,199,431,AP
Vehículo Privado,6,1403900012431,1409704240975,48,202,5230,AP
Vehículo Privado,6,1403900012535,14070140A,119,207,3131,AP
Vehículo Privado,6,1403900012605,1403900013618,226,214,253,AP
Vehículo Privado,6,1403900013088,1412000014323,48,232,8241,AP
Vehículo Privado,6,1403900013340,141205567,119,239,8546,AP
Vehículo Privado,6,1403900013482,99999000A,226,242,10002,AP
Vehículo Privado,6,1403900013618,1412000016758,226,253,8387,AP
Vehículo Privado,6,1403900013942,1403900013088,226,281,232,AP
Vehículo Privado,6,1403900014033,1409800012273,178,290,6123,AP
Vehículo Privado,6,1403900014226,1403900013088,249,308,232,AP
Vehículo Privado,6,1403900014921,1403900013088,226,369,232,AP
Vehículo Privado,6,1403900015188,1412000011009,234,395,8029,AP
Vehículo Privado,6,1404400010098,999990005,10,1004,10004,AP
Vehículo Privado,6,1404400010098,1404400050257,10,1004,1024,AP
Vehículo Privado,6,1404400010098,14097059A,10,1004,5241,AP
Vehículo Privado,6,1404400010295,999990005,10,1007,10004,AP
Vehículo Privado,6,1404400010295,1404400010098,20,1007,1004,AP
Vehículo Privado,6,1404400010295,1409701150890,20,1007,5212,AP
Vehículo Privado,6,1404400020115,99999000A,21,1014,10002,AP
Vehículo Privado,6,1404400050261,1409700092878,57,1025,5057,AP
Vehículo Privado,6,1404400100238,140700021101A,27,1028,3088,AP
Vehículo Privado,6,1404400100242,14097059A,108,1029,5241,AP
Vehículo Privado,6,1404400540401,140440002012A,27,1033,1015,AP
Vehículo Privado,6,1404400540401,14097059A,27,1033,5241,AP
Vehículo Privado,6,1404401700399,14097059A,27,1039,5241,AP
Vehículo Privado,6,1405100020213,1405100010069,21,2018,2003,AP
Vehículo Privado,6,1405100020213,14097059A,21,2018,5241,AP
Vehículo Privado,6,1407000010045,1407000211005,59,3002,3087,AP
Vehículo Privado,6,1407000010134,14070140A,59,3007,3131,AP
Vehículo Privado,6,1407000010702,1407000130401,59,3015,3033,AP
Vehículo Privado,6,1407000010702,1407000200204,59,3015,3067,AP
Vehículo Privado,6,1407000011503,1407000130401,118,3026,3033,AP
Vehículo Privado,6,1407000130327,1407000130238,126,3030,3029,AP
Vehículo Privado,6,1407000130327,1409700350138,96,3030,5169,AP
Vehículo Privado,6,1407000130327,1409704241761,63,3030,5232,AP
Vehículo Privado,6,1407000130327,14097059A,63,3030,5241,AP
Vehículo Privado,6,1407000130401,1403900012376,119,3033,197,AP
Vehículo Privado,6,1407000130416,1407000130238,63,3034,3029,AP
Vehículo Privado,6,1407000130416,14097059A,63,3034,5241,AP
Vehículo Privado,6,1407000130420,1407000130238,63,3035,3029,AP
Vehículo Privado,6,1407000131471,141200001739A,62,3042,8437,AP
Vehículo Privado,6,1407000140223,140700021101A,63,3045,3088,AP
Vehículo Privado,6,1407000140276,1410100312317,23,3046,7211,AP
Vehículo Privado,6,1407000140469,1407000130238,63,3051,3029,AP
Vehículo Privado,6,1407000140558,1403900013340,119,3055,239,AP
Vehículo Privado,6,1407000140558,1409800011824,46,3055,6091,AP
Vehículo Privado,6,1407000140558,1409800013267,91,3055,6201,AP
Vehículo Privado,6,1407000140810,1407000200242,63,3058,3068,AP
Vehículo Privado,6,1407000200242,1409708634145,57,3068,5369,AP
Vehículo Privado,6,1407000201397,14070140A,59,3080,3131,AP
Vehículo Privado,6,1407000210736,1407000641293,15,3082,3117,AP
Vehículo Privado,6,1407000211005,1403900011626,15,3087,133,AP
Vehículo Privado,6,1407000211151,1407000200257,63,3093,3069,AP
Vehículo Privado,6,1407000430308,14070140A,63,3097,3131,AP
Vehículo Privado,6,1407000431024,1407000641293,15,3111,3117,AP
Vehículo Privado,6,1407000431024,1412000012609,15,3111,8111,AP
Vehículo Privado,6,1409700010195,1409700250462,15,5001,5090,AP
Vehículo Privado,6,1409700010212,140970123,10,5003,5222,AP
Vehículo Privado,6,1409700010212,1409700053166,19,5003,5045,AP
Vehículo Privado,6,1409700010918,999990006,30,5009,10005,AP
Vehículo Privado,6,1409700010918,140390001471A,15,5009,350,AP
Vehículo Privado,6,1409700012098,1409704241761,108,5021,5232,AP
Vehículo Privado,6,1409700012115,1409700340250,54,5023,5156,AP
Vehículo Privado,6,1409700012115,1409800010296,108,5023,6011,AP
Vehículo Privado,6,1409700050335,1407000130238,19,5035,3029,AP
Vehículo Privado,6,1409700053147,1407000200261,19,5043,3070,AP
Vehículo Privado,6,1409700053147,1409700053147,19,5043,5043,AP
Vehículo Privado,6,1409700053151,14097059A,19,5044,5241,AP
Vehículo Privado,6,1409700053166,140440011,19,5045,1031,AP
Vehículo Privado,6,1409700053166,1409800011928,19,5045,6099,AP
Vehículo Privado,6,1409700053166,14097059A,19,5045,5241,AP
Vehículo Privado,6,1409700053503,140970123,38,5047,5222,AP
Vehículo Privado,6,1409700053503,1407000200257,19,5047,3069,AP
Vehículo Privado,6,1409700053503,140970005034A,38,5047,5036,AP
Vehículo Privado,6,1409700053518,999990005,19,5048,10004,AP
Vehículo Privado,6,1409700053518,14097059A,19,5048,5241,AP
Vehículo Privado,6,1409700053575,1407000010030,19,5049,3001,AP
Vehículo Privado,6,1409700053575,1409700010212,38,5049,5003,AP
Vehículo Privado,6,1409700053575,1409700053575,19,5049,5049,AP
Vehículo Privado,6,1409700053768,140973679,19,5050,5390,AP
Vehículo Privado,6,1409700053768,1407000010045,19,5050,3002,AP
Vehículo Privado,6,1409700092810,1407000200257,114,5051,3069,AP
Vehículo Privado,6,1409700092844,99999000A,57,5054,10002,AP
Vehículo Privado,6,1409700092859,1404400100238,57,5055,1028,AP
Vehículo Privado,6,1409700092882,1407000201221,114,5058,3075,AP
Vehículo Privado,6,1409700150227,140973679,20,5061,5390,AP
Vehículo Privado,6,1409700150710,1409700340388,10,5066,5158,AP
Vehículo Privado,6,1409700150956,1409700150956,10,5068,5068,AP
Vehículo Privado,6,1409700150956,140970005034A,10,5068,5036,AP
Vehículo Privado,6,1409700150960,140973679,20,5069,5390,AP
Vehículo Privado,6,1409700150960,1409700010212,20,5069,5003,AP
Vehículo Privado,6,1409700152064,140970015,10,5074,5060,AP
Vehículo Privado,6,1409700213842,1409700010922,38,5081,5010,AP
Vehículo Privado,6,1409700213857,1409700010922,19,5082,5010,AP
Vehículo Privado,6,1409700250354,1409700340250,51,5087,5156,AP
Vehículo Privado,6,1409700250477,1412000012539,51,5091,8106,AP
Vehículo Privado,6,1409700251456,1409700931028,208,5111,5208,AP
Vehículo Privado,6,1409700252399,1409800141129,104,5118,6219,AP
Vehículo Privado,6,1409700312774,140973679,10,5132,5390,AP
Vehículo Privado,6,1409700340250,1409700340250,54,5156,5156,AP
Vehículo Privado,6,1409700340250,1409704241761,19,5156,5232,AP
Vehículo Privado,6,1409700340250,1412000014501,19,5156,8259,AP
Vehículo Privado,6,1409700353734,1412000012064,96,5178,8068,AP
Vehículo Privado,6,1409700353772,14070140A,96,5179,3131,AP
Vehículo Privado,6,1409700381827,1409800012381,242,5184,6129,AP
Vehículo Privado,6,1409701150890,1407000130401,59,5212,3033,AP
Vehículo Privado,6,1409701153363,1409701153363,2,5219,5219,AP
Vehículo Privado,6,1409701800301,1409800010671,29,5223,6021,AP
Vehículo Privado,6,1409701800301,1412000010706,58,5223,8020,AP
Vehículo Privado,6,1409704241761,1409700053575,19,5232,5049,AP
Vehículo Privado,6,1409704241761,1409704241761,19,5232,5232,AP
Vehículo Privado,6,1409704241761,1409800011928,38,5232,6099,AP
Vehículo Privado,6,1409704241761,1410100011554,23,5232,7100,AP
Vehículo Privado,6,1409704241761,1412000015497,76,5232,8321,AP
Vehículo Privado,6,1409704393880,140970032027A,108,5234,5138,AP
Vehículo Privado,6,1409704393895,1409700342505,54,5235,5165,AP
Vehículo Privado,6,1409706133927,1412000010636,188,5243,8015,AP
Vehículo Privado,6,1409707771780,140440011,57,5247,1031,AP
Vehículo Privado,6,1409707771780,1407000010045,57,5247,3002,AP
Vehículo Privado,6,1409707771780,14097059A,57,5247,5241,AP
Vehículo Privado,6,1409707771780,99999000A,57,5247,10002,AP
Vehículo Privado,6,1409707772365,14097059A,57,5248,5241,AP
Vehículo Privado,6,1409708222168,14097059A,242,5271,5241,AP
Vehículo Privado,6,1409708223043,140973679,242,5276,5390,AP
Vehículo Privado,6,1409708352736,1409700340250,54,5323,5156,AP
Vehículo Privado,6,1409708352736,1409800012856,54,5323,6171,AP
Vehículo Privado,6,1409708362793,99999000A,94,5328,10002,AP
Vehículo Privado,6,1409708432632,1409708432632,188,5333,5333,AP
Vehículo Privado,6,1409708432647,1407000200191,188,5334,3066,AP
Vehículo Privado,6,1409708432952,1409704241761,188,5342,5232,AP
Vehículo Privado,6,1409708441687,1409704241761,416,5345,5232,AP
Vehículo Privado,6,1409708441687,1409800012381,104,5345,6129,AP
Vehículo Privado,6,1409708524183,140973679,108,5354,5390,AP
Vehículo Privado,6,1409708524183,1409704240443,54,5354,5228,AP
Vehículo Privado,6,1409708623414,1412000010636,94,5366,8015,AP
Vehículo Privado,6,1409708623414,140970862290A,188,5366,5362,AP
Vehículo Privado,6,1409708714060,1409704241761,96,5372,5232,AP
Vehículo Privado,6,1409708744022,1409708743999,242,5375,5373,AP
Vehículo Privado,6,1409708843965,1409704240443,104,5379,5228,AP
Vehículo Privado,6,1409708843965,1409708441687,104,5379,5345,AP
Vehículo Privado,6,1409709033908,141200091,91,5381,8453,AP
Vehículo Privado,6,1409800010262,1409800012273,178,6009,6123,AP
Vehículo Privado,6,1409800010671,1403900011359,227,6021,111,AP
Vehículo Privado,6,1409800010953,1412000011297,178,6029,8041,AP
Vehículo Privado,6,1409800010987,1403900012554,163,6032,209,AP
Vehículo Privado,6,1409800011078,1409800010347,356,6038,6012,AP
Vehículo Privado,6,1409800011222,1412000011846,227,6049,8058,AP
Vehículo Privado,6,1409800011383,1412000016758,46,6060,8387,AP
Vehículo Privado,6,1409800011398,1407000130401,23,6061,3033,AP
Vehículo Privado,6,1409800011434,1404400050257,91,6063,1024,AP
Vehículo Privado,6,1409800011576,1407000130238,23,6072,3029,AP
Vehículo Privado,6,1409800011576,1409800011398,46,6072,6061,AP
Vehículo Privado,6,1409800011576,1409800011576,92,6072,6072,AP
Vehículo Privado,6,1409800011646,1403900012427,91,6076,201,AP
Vehículo Privado,6,1409800011928,1409700053166,19,6099,5045,AP
Vehículo Privado,6,1409800011928,1409800011928,267,6099,6099,AP
Vehículo Privado,6,1409800012428,1409700350138,96,6131,5169,AP
Vehículo Privado,6,1409800012485,1409800012432,227,6137,6132,AP
Vehículo Privado,6,1409800012555,141200001098A,163,6144,8027,AP
Vehículo Privado,6,1409800012589,14097059A,163,6147,5241,AP
Vehículo Privado,6,1409800012714,140972308,182,6157,5384,AP
Vehículo Privado,6,1409800012714,14097059A,91,6157,5241,AP
Vehículo Privado,6,1409800012767,1407000130401,23,6162,3033,AP
Vehículo Privado,6,1409800012979,1409800010370,23,6179,6014,AP
Vehículo Privado,6,1410100010147,1410100011041,36,7001,7062,AP
Vehículo Privado,6,1410100010151,1412000016758,18,7002,8387,AP
Vehículo Privado,6,1410100010151,140390001101A,18,7002,81,AP
Vehículo Privado,6,1410100010310,1409800011519,288,7005,6069,AP
Vehículo Privado,6,1410100010679,1407000140276,41,7031,3046,AP
Vehículo Privado,6,1410100010679,140980001053A,41,7031,6019,AP
Vehículo Privado,6,1410100010895,1410100010931,144,7048,7051,AP
Vehículo Privado,6,1410100010931,1405100020213,21,7051,2018,AP
Vehículo Privado,6,1410100010931,1407000130416,144,7051,3034,AP
Vehículo Privado,6,1410100011268,1412000016758,18,7078,8387,AP
Vehículo Privado,6,1410100011395,1412000016796,246,7089,8391,AP
Vehículo Privado,6,1410100011554,1407000010045,23,7100,3002,AP
Vehículo Privado,6,1410100011573,140980001053A,23,7102,6019,AP
Vehículo Privado,6,1410100011592,1409800011928,41,7104,6099,AP
Vehículo Privado,6,1410100092410,1403900013088,109,7187,232,AP
Vehículo Privado,6,1410100260698,999990005,23,7198,10004,AP
Vehículo Privado,6,1410100272340,1410100011516,23,7208,7099,AP
Vehículo Privado,6,1410100312317,1407000010100,23,7211,3004,AP
Vehículo Privado,6,1410100312317,1407000130401,23,7211,3033,AP
Vehículo Privado,6,1410100312317,1410100312317,23,7211,7211,AP
Vehículo Privado,6,1410100312317,14070140A,23,7211,3131,AP
Vehículo Privado,6,1410101902374,1407001211518,92,7224,3127,AP
Vehículo Privado,6,1412000010405,1407000200789,59,8011,3072,AP
Vehículo Privado,6,1412000010636,1409708432670,94,8015,5337,AP
Vehículo Privado,6,1412000010640,1403900014654,163,8016,346,AP
Vehículo Privado,6,1412000010814,1412000016758,220,8022,8387,AP
Vehículo Privado,6,1412000010890,1412000016758,137,8023,8387,AP
Vehículo Privado,6,1412000011032,1412000011865,137,8030,8060,AP
Vehículo Privado,6,1412000011155,1412000012952,88,8032,8141,AP
Vehículo Privado,6,1412000011206,1412000011206,38,8036,8036,AP
Vehículo Privado,6,1412000011206,1412000011210,19,8036,8037,AP
Vehículo Privado,6,1412000011297,1410100092586,109,8041,7190,AP
Vehículo Privado,6,1412000011297,1412000011297,100,8041,8041,AP
Vehículo Privado,6,1412000011297,1412000017309,49,8041,8430,AP
Vehículo Privado,6,1412000011723,14070140A,267,8052,3131,AP
Vehículo Privado,6,1412000012204,1412000011846,95,8073,8058,AP
Vehículo Privado,6,1412000012219,1412000011691,96,8074,8051,AP
Vehículo Privado,6,1412000012219,1412000012219,192,8074,8074,AP
Vehículo Privado,6,1412000012219,1412000016758,192,8074,8387,AP
Vehículo Privado,6,1412000012295,1412000010617,49,8082,8014,AP
Vehículo Privado,6,1412000012295,1412000011297,49,8082,8041,AP
Vehículo Privado,6,1412000012312,1409704240443,49,8084,5228,AP
Vehículo Privado,6,1412000012312,1412000012384,49,8084,8091,AP
Vehículo Privado,6,1412000012346,1412000011846,274,8087,8058,AP
Vehículo Privado,6,1412000012435,1412002314164,137,8096,8477,AP
Vehículo Privado,6,1412000012454,1409704241761,38,8098,5232,AP
Vehículo Privado,6,1412000012488,1409701801244,29,8101,5226,AP
Vehículo Privado,6,1412000012670,1412000012609,178,8118,8111,AP
Vehículo Privado,6,1412000012793,1412000011846,48,8127,8058,AP
Vehículo Privado,6,1412000012825,1412000011846,96,8130,8058,AP
Vehículo Privado,6,1412000012914,1412000012914,176,8137,8137,AP
Vehículo Privado,6,1412000013113,1412000011846,48,8155,8058,AP
Vehículo Privado,6,1412000013378,1412000011206,110,8174,8036,AP
Vehículo Privado,6,1412000013414,1412000014395,76,8178,8248,AP
Vehículo Privado,6,1412000013630,1409800011928,90,8194,6099,AP
Vehículo Privado,6,1412000013664,1412000013664,19,8197,8197,AP
Vehículo Privado,6,1412000013683,1412000010617,110,8199,8014,AP
Vehículo Privado,6,1412000013683,1412000016758,110,8199,8387,AP
Vehículo Privado,6,1412000013791,1412000011846,48,8208,8058,AP
Vehículo Privado,6,1412000014291,1412000011846,48,8238,8058,AP
Vehículo Privado,6,1412000014304,1412000012609,96,8239,8111,AP
Vehículo Privado,6,1412000014323,1412000016758,48,8241,8387,AP
Vehículo Privado,6,1412000014376,99999000A,100,8246,10002,AP
Vehículo Privado,6,1412000014501,1409700340250,38,8259,5156,AP
Vehículo Privado,6,1412000014516,1412000014516,119,8260,8260,AP
Vehículo Privado,6,1412000014520,1412000011206,98,8261,8036,AP
Vehículo Privado,6,1412000014643,1412000016550,49,8271,8372,AP
Vehículo Privado,6,1412000014677,999990006,49,8274,10005,AP
Vehículo Privado,6,1412000014677,1403900011626,49,8274,133,AP
Vehículo Privado,6,1412000014889,1412000016758,190,8286,8387,AP
Vehículo Privado,6,1412000015209,1409700250763,45,8302,5094,AP
Vehículo Privado,6,1412000015209,1412000010640,135,8302,8016,AP
Vehículo Privado,6,1412000015209,1412000011846,45,8302,8058,AP
Vehículo Privado,6,1412000015228,1409704241761,49,8303,5232,AP
Vehículo Privado,6,1412000015228,1409800012381,49,8303,6129,AP
Vehículo Privado,6,1412000015266,1412000012609,200,8305,8111,AP
Vehículo Privado,6,1412000015482,1412000013236,137,8320,8166,AP
Vehículo Privado,6,1412000015497,1403900015309,267,8321,406,AP
Vehículo Privado,6,1412000015552,141205567,38,8325,8546,AP
Vehículo Privado,6,1412000015552,1409704241761,38,8325,5232,AP
Vehículo Privado,6,1412000016048,1412000016067,95,8347,8349,AP
Vehículo Privado,6,1412000016531,1412000016758,132,8370,8387,AP
Vehículo Privado,6,1412000016635,1412000016705,132,8380,8382,AP
Vehículo Privado,6,1412000016743,1409700092878,57,8386,5057,AP
Vehículo Privado,6,1412000017120,1412000011846,31,8417,8058,AP
Vehículo Privado,6,1412001395980,1412001395980,26,8457,8457,AP
Vehículo Privado,6,1412002065054,1412000012789,3,8462,8126,AP
Vehículo Privado,6,1412002065054,1412002065054,12,8462,8462,AP
Vehículo Privado,6,1412002313838,1412007580759,132,8470,8537,AP
Vehículo Privado,6,1412002314145,141205567,24,8475,8546,AP
Vehículo Privado,6,1412002314145,1412000016758,24,8475,8387,AP
Vehículo Privado,6,1412002314145,1412002434713,24,8475,8517,AP
Vehículo Privado,6,1412002314164,1412002312026,48,8477,8465,AP
Vehículo Privado,6,1412002314179,1412000011009,24,8478,8029,AP
Vehículo Privado,6,1412002314179,1412000011846,24,8478,8058,AP
Vehículo Privado,6,1412002314179,1412002313838,48,8478,8470,AP
Vehículo Privado,6,1412002316264,1412002434713,132,8496,8517,AP
Vehículo Privado,6,1412002316989,1412000015482,132,8507,8320,AP
Vehículo Privado,6,1412002434713,141205567,39,8517,8546,AP
Vehículo Privado,6,1412004306955,1412000011009,59,8520,8029,AP
Vehículo Privado,6,1412007500301,1412000016508,132,8524,8367,AP
Vehículo Privado,6,1412007570439,1412007580744,59,8529,8536,AP
Vehículo Privado,6,1412007580496,1412000016758,59,8531,8387,AP
Vehículo Privado,6,1412007580693,1412002316673,118,8535,8502,AP
Vehículo Privado,6,1412007580744,999990004,177,8536,10001,AP
Vehículo Privado,6,1412007580829,1412007580848,59,8540,8542,AP
Vehículo Privado,6,1412007580833,1412007580693,236,8541,8535,AP
Vehículo Privado,6,1412400010495,1410100011624,178,9031,7107,AP
Vehículo Privado,6,1412400010495,1412400010495,178,9031,9031,AP
Vehículo Privado,6,1412400940387,1412401760160,3,9048,9051,AP
Vehículo Privado,6,140390001286A,1412000016758,226,228,8387,AP
Vehículo Privado,6,140390001464A,1412000011846,163,345,8058,AP
Vehículo Privado,6,140440002012A,999990005,7,1015,10004,AP
Vehículo Privado,6,140440002012A,1404400050261,7,1015,1025,AP
Vehículo Privado,6,140440002012A,14097059A,7,1015,5241,AP
Vehículo Privado,6,140510001004A,140510016,2,2001,2019,AP
Vehículo Privado,6,140510001004A,1407000010045,2,2001,3002,AP
Vehículo Privado,6,140510001004A,1407000010115,2,2001,3005,AP
Vehículo Privado,6,140510001004A,1407000200257,4,2001,3069,AP
Vehículo Privado,6,140510001004A,1409701150886,4,2001,5211,AP
Vehículo Privado,6,140510001004A,99999000A,2,2001,10002,AP
Vehículo Privado,6,140700013005A,1407000140276,46,3027,3046,AP
Vehículo Privado,6,140700014083A,14070140A,63,3060,3131,AP
Vehículo Privado,6,140700020126A,1407000200242,59,3078,3068,AP
Vehículo Privado,6,140700020126A,1407000200257,118,3078,3069,AP
Vehículo Privado,6,140700020126A,14070140A,59,3078,3131,AP
Vehículo Privado,6,140700111133A,1407000430295,59,3121,3096,AP
Vehículo Privado,6,140700111133A,14070140A,59,3121,3131,AP
Vehículo Privado,6,14070140A,140510001004A,2,3131,2001,AP
Vehículo Privado,6,140970023276A,1409800012381,54,5084,6129,AP
Vehículo Privado,6,14097059A,1407000130327,63,5241,3030,AP
Vehículo Privado,6,14097059A,140700111133A,59,5241,3121,AP
Vehículo Privado,6,14097059A,14097059A,57,5241,5241,AP
Vehículo Privado,6,14097059A,99999000A,98,5241,10002,AP
Vehículo Privado,6,140970777244A,99999000A,57,5250,10002,AP
Vehículo Privado,6,140970843269A,1412000010636,94,5339,8015,AP
Vehículo Privado,6,140970862290A,1412000010636,94,5362,8015,AP
Vehículo Privado,6,140980001320A,1407000130238,96,6198,3029,AP
Vehículo Privado,6,141200001319A,1412000012632,178,8163,8114,AP
Vehículo Privado,6,141200001326A,1412000016758,110,8167,8387,AP
Vehículo Privado,6,141200001422A,140701170,137,8231,3130,AP
Vehículo Privado,6,141200001707A,1412000014677,90,8412,8274,AP
Vehículo Privado,6,141200231205A,141200231205A,132,8467,8467,AP
Vehículo Privado,6,141200231415A,1412002316226,48,8476,8492,AP
Vehículo Privado,6,141200231696A,141200001098A,132,8505,8027,AP
Vehículo Privado,6,141240001018A,141240001032A,70,9006,9018,AP
Vehículo Privado,6,99999000A,1407001211518,23,10002,3127,AP
Vehículo Privado,6,140701467,140701467,23,3133,3133,AP
Vehículo Privado,6,140970104,999990006,19,5209,10005,AP
Vehículo Privado,6,141240090,1412401760160,3,9047,9051,AP
Vehículo Privado,6,1403900010524,1403900011344,226,37,110,AP
Vehículo Privado,6,1403900010609,141200001098A,75,43,8027,AP
Vehículo Privado,6,1403900010882,1403900011132,249,69,92,AP
Vehículo Privado,6,1403900011170,1403900011170,19,96,96,AP
Vehículo Privado,6,1403900011185,1403900011185,222,97,97,AP
Vehículo Privado,6,1403900011289,1412000011225,75,104,8038,AP
Vehículo Privado,6,1403900011908,1403900014546,111,159,335,AP
Vehículo Privado,6,1403900011908,140980001053A,333,159,6019,AP
Vehículo Privado,6,1403900011927,1403900013853,111,161,273,AP
Vehículo Privado,6,1403900012056,1403900013020,246,174,231,AP
Vehículo Privado,6,1403900012520,1403900012569,119,206,210,AP
Vehículo Privado,6,1403900012569,1403900012569,119,210,210,AP
Vehículo Privado,6,1403900012592,1412000011920,48,213,8065,AP
Vehículo Privado,6,1403900012624,1412000012416,246,216,8094,AP
Vehículo Privado,6,1403900013088,999990003,226,232,10003,AP
Vehículo Privado,6,1403900013321,1412000013166,119,237,8160,AP
Vehículo Privado,6,1403900013711,1403900014743,48,261,352,AP
Vehículo Privado,6,1403900013711,1409800012485,48,261,6137,AP
Vehículo Privado,6,1403900014014,1403900014033,227,288,290,AP
Vehículo Privado,6,1403900014052,1403900012569,119,292,210,AP
Vehículo Privado,6,1403900014527,1403900011221,234,333,101,AP
Vehículo Privado,6,1403900015065,1409800011928,234,383,6099,AP
Vehículo Privado,6,1403900015224,1403900012319,234,399,193,AP
Vehículo Privado,6,1403900015224,1409800010879,234,399,6028,AP
Vehículo Privado,6,1403900015224,140390001101A,234,399,81,AP
Vehículo Privado,6,1403900015366,1407000130350,96,412,3031,AP
Vehículo Privado,6,1405100020209,99999000A,21,2017,10002,AP
Vehículo Privado,6,1405100020213,141010001097A,42,2018,7055,AP
Vehículo Privado,6,1407000200191,1407000010045,59,3066,3002,AP
Vehículo Privado,6,1409700010195,1409700010941,15,5001,5012,AP
Vehículo Privado,6,1409700010195,1409800010879,15,5001,6028,AP
Vehículo Privado,6,1409700010941,1409700010941,15,5012,5012,AP
Vehículo Privado,6,1409700010941,1412000012242,15,5012,8077,AP
Vehículo Privado,6,1409700050335,1403900012111,19,5035,176,AP
Vehículo Privado,6,1409700150956,1409708623414,20,5068,5366,AP
Vehículo Privado,6,1409700250369,1409700250369,38,5088,5088,AP
Vehículo Privado,6,1409700250763,999990003,51,5094,10003,AP
Vehículo Privado,6,1409700381827,1409708623414,242,5184,5366,AP
Vehículo Privado,6,1409705601032,99999000A,104,5236,10002,AP
Vehículo Privado,6,1409705603467,1409708623414,104,5239,5366,AP
Vehículo Privado,6,1409708311653,140390001101A,96,5297,81,AP
Vehículo Privado,6,1409708441704,1409704240443,104,5347,5228,AP
Vehículo Privado,6,1409708623414,1409708623414,91,5366,5366,AP
Vehículo Privado,6,1409708714060,1409708714060,96,5372,5372,AP
Vehículo Privado,6,1409800011398,1403900011170,46,6061,96,AP
Vehículo Privado,6,1409800012659,1409708623414,326,6153,5366,AP
Vehículo Privado,6,1409800012663,1412000010392,23,6154,8010,AP
Vehículo Privado,6,1409800012697,1409708623414,91,6155,5366,AP
Vehículo Privado,6,1409800012752,1403900015366,23,6161,412,AP
Vehículo Privado,6,1409801282875,1409708623414,91,6234,5366,AP
Vehículo Privado,6,1410100010151,140390001083A,36,7002,64,AP
Vehículo Privado,6,1410100010679,1410100010927,41,7031,7050,AP
Vehículo Privado,6,1410100011003,1403900012569,288,7058,210,AP
Vehículo Privado,6,1410100011126,141010001097A,41,7068,7055,AP
Vehículo Privado,6,1410100011200,1410100010895,23,7076,7048,AP
Vehículo Privado,6,1410100011200,141010001097A,23,7076,7055,AP
Vehículo Privado,6,1410100011268,1403900011170,18,7078,96,AP
Vehículo Privado,6,1410100011268,1403900011467,18,7078,122,AP
Vehículo Privado,6,1410100011357,1403900011170,246,7086,96,AP
Vehículo Privado,6,1410100011357,1403900012319,246,7086,193,AP
Vehículo Privado,6,1410100012054,1403900011170,288,7131,96,AP
Vehículo Privado,6,1410100342641,1403900011927,288,7217,161,AP
Vehículo Privado,6,1412000010212,1412000012064,110,8001,8068,AP
Vehículo Privado,6,1412000010354,1403900011170,137,8007,96,AP
Vehículo Privado,6,1412000010369,1403900010149,137,8008,8,AP
Vehículo Privado,6,1412000011206,1403900012145,57,8036,179,AP
Vehículo Privado,6,1412000011225,1409708634126,57,8038,5368,AP
Vehículo Privado,6,1412000011935,1412000010655,267,8066,8017,AP
Vehículo Privado,6,1412000012280,140390001101A,137,8081,81,AP
Vehículo Privado,6,1412000012399,1403900010647,96,8092,46,AP
Vehículo Privado,6,1412000012863,1412000014427,19,8133,8251,AP
Vehículo Privado,6,1412000013170,1403900011005,100,8161,80,AP
Vehículo Privado,6,1412000013575,1403900011170,19,8189,96,AP
Vehículo Privado,6,1412000013594,140390001083A,38,8190,64,AP
Vehículo Privado,6,1412000013772,140390001101A,178,8206,81,AP
Vehículo Privado,6,1412000014520,1403900012145,49,8261,179,AP
Vehículo Privado,6,1412000015162,1403900014071,48,8298,294,AP
Vehículo Privado,6,1412000015266,1412000012914,100,8305,8137,AP
Vehículo Privado,6,1412000015355,1407000010045,45,8313,3002,AP
Vehículo Privado,6,1412000016847,141200001664A,31,8396,8381,AP
Vehículo Privado,6,1412000017008,141200123,31,8405,8455,AP
Vehículo Privado,6,1412001395980,1412000016828,26,8457,8394,AP
Vehículo Privado,6,1412002314145,1403900011147,24,8475,93,AP
Vehículo Privado,6,1412004306940,1412002316654,59,8519,8500,AP
Vehículo Privado,6,140390001083A,140390001083A,18,64,64,AP
Vehículo Privado,6,140390001101A,140390001101A,41,81,81,AP
Vehículo Privado,6,140390001464A,1403900014654,163,345,346,AP
Vehículo Privado,6,140440010037A,99999000A,27,1030,10002,AP
Vehículo Privado,6,141010001108A,1403900013641,246,7065,255,AP
Vehículo Privado,6,141200001027A,141200001027A,326,8006,8006,AP
Vehículo Privado,6,141200001116A,1412000010617,88,8033,8014,AP
Vehículo Privado,6,141200001187A,1403900012662,178,8061,218,AP
Vehículo Privado,6,141200231415A,1412000010392,24,8476,8010,AP
Vehículo Privado,6,99999000A,1405100020209,21,10002,2017,AP
Vehículo Privado,7,140440011,140440011,269,1031,1031,AP
Vehículo Privado,7,140440011,140440026,20,1031,1032,AP
Vehículo Privado,7,140440011,999990005,57,1031,10004,AP
Vehículo Privado,7,140440011,999990006,10,1031,10005,AP
Vehículo Privado,7,140440011,1403900012249,27,1031,186,AP
Vehículo Privado,7,140440011,1403900012624,27,1031,216,AP
Vehículo Privado,7,140440011,1404400010098,10,1031,1004,AP
Vehículo Privado,7,140440011,1404400010100,10,1031,1005,AP
Vehículo Privado,7,140440011,1404400050261,54,1031,1025,AP
Vehículo Privado,7,140440011,1404400540420,27,1031,1035,AP
Vehículo Privado,7,140440011,1407000010045,27,1031,3002,AP
Vehículo Privado,7,140440011,1409700010941,27,1031,5012,AP
Vehículo Privado,7,140440011,1409700053166,10,1031,5045,AP
Vehículo Privado,7,140440011,1409700411263,27,1031,5193,AP
Vehículo Privado,7,140440011,1409800010953,27,1031,6029,AP
Vehículo Privado,7,140440011,140970005034A,27,1031,5036,AP
Vehículo Privado,7,140440011,14097059A,135,1031,5241,AP
Vehículo Privado,7,140440011,140980001110A,27,1031,6041,AP
Vehículo Privado,7,140440011,99999000A,27,1031,10002,AP
Vehículo Privado,7,140440026,140440011,20,1032,1031,AP
Vehículo Privado,7,140440026,140440026,60,1032,1032,AP
Vehículo Privado,7,140440026,999990005,50,1032,10004,AP
Vehículo Privado,7,140440026,1403900011378,10,1032,113,AP
Vehículo Privado,7,140440026,1404400010100,10,1032,1005,AP
Vehículo Privado,7,140440026,1404400010280,10,1032,1006,AP
Vehículo Privado,7,140440026,1409700053166,10,1032,5045,AP
Vehículo Privado,7,140440026,1409708234003,27,1032,5291,AP
Vehículo Privado,7,140440026,1409800011097,27,1032,6040,AP
Vehículo Privado,7,140440026,1409800011966,27,1032,6101,AP
Vehículo Privado,7,140440026,1410100012069,10,1032,7132,AP
Vehículo Privado,7,140440026,1412000010405,10,1032,8011,AP
Vehículo Privado,7,140510016,140510016,2,2019,2019,AP
Vehículo Privado,7,140701467,140510016,23,3133,2019,AP
Vehículo Privado,7,140701467,140701467,46,3133,3133,AP
Vehículo Privado,7,140701467,141012567,23,3133,7232,AP
Vehículo Privado,7,140701467,999990005,23,3133,10004,AP
Vehículo Privado,7,140701467,1403900011861,23,3133,155,AP
Vehículo Privado,7,140701467,1403900013942,23,3133,281,AP
Vehículo Privado,7,140701467,1407000130401,23,3133,3033,AP
Vehículo Privado,7,140701467,1407000140859,23,3133,3062,AP
Vehículo Privado,7,140701467,1409800010597,23,3133,6020,AP
Vehículo Privado,7,140701467,1409800011769,23,3133,6085,AP
Vehículo Privado,7,140701467,1410100011516,23,3133,7099,AP
Vehículo Privado,7,140701467,1410100272336,23,3133,7207,AP
Vehículo Privado,7,140701467,1412400010495,23,3133,9031,AP
Vehículo Privado,7,140701467,1412400940387,23,3133,9048,AP
Vehículo Privado,7,140701467,141200001098A,23,3133,8027,AP
Vehículo Privado,7,140701467,99999000A,23,3133,10002,AP
Vehículo Privado,7,140970015,140970015,19,5060,5060,AP
Vehículo Privado,7,140970015,1409700201013,19,5060,5079,AP
Vehículo Privado,7,140970015,1409700213838,38,5060,5080,AP
Vehículo Privado,7,140970015,1409700340373,38,5060,5157,AP
Vehículo Privado,7,140970015,1409700340388,38,5060,5158,AP
Vehículo Privado,7,140970015,1409700340848,19,5060,5160,AP
Vehículo Privado,7,140970015,1409701801244,57,5060,5226,AP
Vehículo Privado,7,140970015,1409800011928,19,5060,6099,AP
Vehículo Privado,7,140970015,141200001066A,19,5060,8018,AP
Vehículo Privado,7,140970104,140970015,19,5209,5060,AP
Vehículo Privado,7,140970104,140970104,76,5209,5209,AP
Vehículo Privado,7,140970104,1403900013656,19,5209,256,AP
Vehículo Privado,7,140970104,1409700010918,57,5209,5009,AP
Vehículo Privado,7,140970104,1409700010937,19,5209,5011,AP
Vehículo Privado,7,140970104,1409700150710,10,5209,5066,AP
Vehículo Privado,7,140970104,1409700340250,133,5209,5156,AP
Vehículo Privado,7,140970104,1409700340388,19,5209,5158,AP
Vehículo Privado,7,140970104,1409700432613,38,5209,5204,AP
Vehículo Privado,7,140970104,1409700432628,19,5209,5205,AP
Vehículo Privado,7,140970104,1410100010378,19,5209,7007,AP
Vehículo Privado,7,140970104,1410100342463,38,5209,7215,AP
Vehículo Privado,7,140970104,141200001066A,19,5209,8018,AP
Vehículo Privado,7,140970104,141200001397A,19,5209,8216,AP
Vehículo Privado,7,140970123,140440011,20,5222,1031,AP
Vehículo Privado,7,140970123,140970015,10,5222,5060,AP
Vehículo Privado,7,140970123,140970123,10,5222,5222,AP
Vehículo Privado,7,140970123,140973679,10,5222,5390,AP
Vehículo Privado,7,140970123,1403900012554,10,5222,209,AP
Vehículo Privado,7,140970123,1403900012728,10,5222,224,AP
Vehículo Privado,7,140970123,1403900015366,20,5222,412,AP
Vehículo Privado,7,140970123,1409700092825,20,5222,5052,AP
Vehículo Privado,7,140970123,1409700201013,10,5222,5079,AP
Vehículo Privado,7,140970123,140970005034A,30,5222,5036,AP
Vehículo Privado,7,140970123,99999000A,10,5222,10002,AP
Vehículo Privado,7,140970602,1403900012164,91,5242,181,AP
Vehículo Privado,7,140970602,1409801282875,91,5242,6234,AP
Vehículo Privado,7,140970602,1412000014836,91,5242,8281,AP
Vehículo Privado,7,140972308,1409708312011,96,5384,5298,AP
Vehículo Privado,7,140972308,1409800012095,242,5384,6108,AP
Vehículo Privado,7,140972416,1409700010195,15,5387,5001,AP
Vehículo Privado,7,140972416,1409800011909,163,5387,6097,AP
Vehículo Privado,7,140972416,1412000010636,282,5387,8015,AP
Vehículo Privado,7,140972416,141200001098A,15,5387,8027,AP
Vehículo Privado,7,140973679,140972308,10,5390,5384,AP
Vehículo Privado,7,140973679,140973679,20,5390,5390,AP
Vehículo Privado,7,140973679,1403900011147,10,5390,93,AP
Vehículo Privado,7,140973679,1403900015366,10,5390,412,AP
Vehículo Privado,7,140973679,1409700150960,30,5390,5069,AP
Vehículo Privado,7,140973679,1409700340388,10,5390,5158,AP
Vehículo Privado,7,140973679,1409700411263,10,5390,5193,AP
Vehículo Privado,7,140973679,1409800011928,10,5390,6099,AP
Vehículo Privado,7,140973679,1412000010265,54,5390,8005,AP
Vehículo Privado,7,140973679,1412000014516,10,5390,8260,AP
Vehículo Privado,7,140980012,140970015,92,6216,5060,AP
Vehículo Privado,7,140980012,140970602,23,6216,5242,AP
Vehículo Privado,7,140980012,1403900011359,104,6216,111,AP
Vehículo Privado,7,140980012,1403900014550,76,6216,336,AP
Vehículo Privado,7,140980012,1409700931028,104,6216,5208,AP
Vehículo Privado,7,140980012,1409704240443,76,6216,5228,AP
Vehículo Privado,7,140980012,1409704241761,76,6216,5232,AP
Vehículo Privado,7,140980012,1409800011928,38,6216,6099,AP
Vehículo Privado,7,140980012,1409800012381,137,6216,6129,AP
Vehículo Privado,7,140980012,1412000010655,76,6216,8017,AP
Vehículo Privado,7,140980012,1412000010706,38,6216,8020,AP
Vehículo Privado,7,140980012,1412000011282,76,6216,8040,AP
Vehículo Privado,7,140980012,1412000012473,38,6216,8100,AP
Vehículo Privado,7,140980012,1412000012539,38,6216,8106,AP
Vehículo Privado,7,140980012,1412000012863,104,6216,8133,AP
Vehículo Privado,7,140980012,140970424098A,38,6216,5231,AP
Vehículo Privado,7,140980243,140980243,15,6237,6237,AP
Vehículo Privado,7,140980243,1403900010365,15,6237,23,AP
Vehículo Privado,7,140980243,1403900011448,30,6237,120,AP
Vehículo Privado,7,140980243,1403900012662,15,6237,218,AP
Vehículo Privado,7,140980243,1407000210736,45,6237,3082,AP
Vehículo Privado,7,140980243,1407000430295,15,6237,3096,AP
Vehículo Privado,7,140980243,1407001111378,15,6237,3125,AP
Vehículo Privado,7,140980243,1409800010879,15,6237,6028,AP
Vehículo Privado,7,140980243,1409800012381,15,6237,6129,AP
Vehículo Privado,7,140980243,140700021101A,30,6237,3088,AP
Vehículo Privado,7,140980243,14070140A,15,6237,3131,AP
Vehículo Privado,7,141011963,1403900012427,144,7230,201,AP
Vehículo Privado,7,141011963,1403900015366,144,7230,412,AP
Vehículo Privado,7,141011963,1409800011203,144,7230,6047,AP
Vehículo Privado,7,141011963,1409800012413,144,7230,6130,AP
Vehículo Privado,7,141011963,1410100010927,288,7230,7050,AP
Vehículo Privado,7,141011963,1412000014573,109,7230,8266,AP
Vehículo Privado,7,141011963,140980001053A,144,7230,6019,AP
Vehículo Privado,7,141012552,1410100010931,41,7231,7051,AP
Vehículo Privado,7,141012552,1410100341978,144,7231,7214,AP
Vehículo Privado,7,141012567,1407000010115,23,7232,3005,AP
Vehículo Privado,7,141200068,1412000016902,132,8451,8402,AP
Vehículo Privado,7,141200068,1412002312026,132,8451,8465,AP
Vehículo Privado,7,141200068,1412002314179,132,8451,8478,AP
Vehículo Privado,7,141200068,1412002315887,132,8451,8489,AP
Vehículo Privado,7,141200068,141200001098A,59,8451,8027,AP
Vehículo Privado,7,141200068,141200001326A,132,8451,8167,AP
Vehículo Privado,7,141200068,141200231625A,132,8451,8495,AP
Vehículo Privado,7,141200123,141200123,18,8455,8455,AP
Vehículo Privado,7,141200123,1403900010308,3,8455,18,AP
Vehículo Privado,7,141200123,1403900011556,3,8455,127,AP
Vehículo Privado,7,141200123,1403900011791,132,8455,148,AP
Vehículo Privado,7,141200123,1403900012554,3,8455,209,AP
Vehículo Privado,7,141200123,1409800011928,3,8455,6099,AP
Vehículo Privado,7,141200123,1412000010212,3,8455,8001,AP
Vehículo Privado,7,141200123,1412000011846,3,8455,8058,AP
Vehículo Privado,7,141200123,1412000012242,3,8455,8077,AP
Vehículo Privado,7,141200123,1412000012609,3,8455,8111,AP
Vehículo Privado,7,141200123,1412000016423,3,8455,8364,AP
Vehículo Privado,7,141200123,1412000016512,3,8455,8368,AP
Vehículo Privado,7,141200123,1412000016550,74,8455,8372,AP
Vehículo Privado,7,141200123,1412000016743,3,8455,8386,AP
Vehículo Privado,7,141200123,1412002065054,3,8455,8462,AP
Vehículo Privado,7,141200123,1412002316673,3,8455,8502,AP
Vehículo Privado,7,141200123,1412004307421,3,8455,8521,AP
Vehículo Privado,7,141200123,1412007500301,132,8455,8524,AP
Vehículo Privado,7,141200123,141200001098A,3,8455,8027,AP
Vehículo Privado,7,141200123,141200001664A,3,8455,8381,AP
Vehículo Privado,7,141200142,141200142,26,8459,8459,AP
Vehículo Privado,7,141200142,141200157,13,8459,8460,AP
Vehículo Privado,7,141200142,141205567,26,8459,8546,AP
Vehículo Privado,7,141200142,999990001,13,8459,10006,AP
Vehículo Privado,7,141200142,1403900012588,13,8459,212,AP
Vehículo Privado,7,141200142,1409800011928,13,8459,6099,AP
Vehículo Privado,7,141200142,1412000010547,13,8459,8012,AP
Vehículo Privado,7,141200142,1412000011206,26,8459,8036,AP
Vehículo Privado,7,141200142,1412000011225,26,8459,8038,AP
Vehículo Privado,7,141200142,1412000012863,13,8459,8133,AP
Vehículo Privado,7,141200142,1412000013293,13,8459,8170,AP
Vehículo Privado,7,141200142,1412000014836,13,8459,8281,AP
Vehículo Privado,7,141200142,1412000016599,13,8459,8376,AP
Vehículo Privado,7,141200142,1412000016739,13,8459,8385,AP
Vehículo Privado,7,141200142,1412001395980,13,8459,8457,AP
Vehículo Privado,7,141200142,1412002434709,13,8459,8516,AP
Vehículo Privado,7,141200142,1412002434713,13,8459,8517,AP
Vehículo Privado,7,141200157,1403900014565,19,8460,337,AP
Vehículo Privado,7,141200157,1409800011928,38,8460,6099,AP
Vehículo Privado,7,141200157,1412000010405,19,8460,8011,AP
Vehículo Privado,7,141200157,1412000011193,57,8460,8035,AP
Vehículo Privado,7,141200157,1412000011225,19,8460,8038,AP
Vehículo Privado,7,141200157,1412000016599,19,8460,8376,AP
Vehículo Privado,7,141200157,141200001397A,38,8460,8216,AP
Vehículo Privado,7,141205567,141205567,24,8546,8546,AP
Vehículo Privado,7,141240029,141240014,9,9042,9041,AP
Vehículo Privado,7,141240029,141240029,63,9042,9042,AP
Vehículo Privado,7,141240029,141240033,3,9042,9043,AP
Vehículo Privado,7,141240029,999990004,9,9042,10001,AP
Vehículo Privado,7,141240029,999990005,9,9042,10004,AP
Vehículo Privado,7,141240029,1403900014175,3,9042,303,AP
Vehículo Privado,7,141240029,1403900015366,6,9042,412,AP
Vehículo Privado,7,141240029,1410100092139,3,9042,7171,AP
Vehículo Privado,7,141240029,1410100380132,3,9042,7219,AP
Vehículo Privado,7,141240029,1412400010175,24,9042,9005,AP
Vehículo Privado,7,141240029,1412400010298,3,9042,9015,AP
Vehículo Privado,7,141240029,1412400010495,27,9042,9031,AP
Vehículo Privado,7,141240029,141010001040A,3,9042,7010,AP
Vehículo Privado,7,141240029,141240001018A,3,9042,9006,AP
Vehículo Privado,7,141240033,141240029,3,9043,9042,AP
Vehículo Privado,7,141240033,141240033,12,9043,9043,AP
Vehículo Privado,7,141240033,999990001,3,9043,10006,AP
Vehículo Privado,7,141240033,999990004,15,9043,10001,AP
Vehículo Privado,7,141240033,1403900011359,6,9043,111,AP
Vehículo Privado,7,141240033,1412400010495,9,9043,9031,AP
Vehículo Privado,7,141240048,999990004,35,9044,10001,AP
Vehículo Privado,7,141240048,1412400010122,35,9044,9001,AP
Vehículo Privado,7,141240048,1412400010175,35,9044,9005,AP
Vehículo Privado,7,141240048,1412400010211,35,9044,9007,AP
Vehículo Privado,7,141240048,1412400010495,35,9044,9031,AP
Vehículo Privado,7,141240048,1412400010508,35,9044,9032,AP
Vehículo Privado,7,141240048,141240001018A,35,9044,9006,AP
Vehículo Privado,7,141240071,141240014,35,9045,9041,AP
Vehículo Privado,7,141240071,1412400010156,140,9045,9004,AP
Vehículo Privado,7,141240071,1412400010211,35,9045,9007,AP
Vehículo Privado,7,141240071,1412400010495,35,9045,9031,AP
Vehículo Privado,7,141240090,140510016,126,9047,2019,AP
Vehículo Privado,7,141240090,141240071,21,9047,9045,AP
Vehículo Privado,7,141240090,141240090,30,9047,9047,AP
Vehículo Privado,7,141240090,999990004,21,9047,10001,AP
Vehículo Privado,7,141240090,1403900011556,21,9047,127,AP
Vehículo Privado,7,141240090,1403900011768,42,9047,146,AP
Vehículo Privado,7,141240090,1405100020196,21,9047,2016,AP
Vehículo Privado,7,141240090,1409800011345,3,9047,6056,AP
Vehículo Privado,7,141240090,1409800012199,3,9047,6115,AP
Vehículo Privado,7,141240090,1410100010927,3,9047,7050,AP
Vehículo Privado,7,141240090,1410100260683,21,9047,7197,AP
Vehículo Privado,7,141240090,1412400010175,27,9047,9005,AP
Vehículo Privado,7,141240090,1412400010226,3,9047,9008,AP
Vehículo Privado,7,141240090,1412400010300,21,9047,9016,AP
Vehículo Privado,7,141240090,1412400940387,3,9047,9048,AP
Vehículo Privado,7,141240090,1412400940391,42,9047,9049,AP
Vehículo Privado,7,141240090,1412401760160,9,9047,9051,AP
Vehículo Privado,7,141240090,141240001018A,27,9047,9006,AP
Vehículo Privado,7,999990001,140970104,19,10006,5209,AP
Vehículo Privado,7,999990001,1412000017031,31,10006,8408,AP
Vehículo Privado,7,999990001,141200001212A,48,10006,8070,AP
Vehículo Privado,7,999990004,999990004,3,10001,10001,AP
Vehículo Privado,7,999990004,1412000013734,96,10001,8204,AP
Vehículo Privado,7,999990005,999990005,163,10004,10004,AP
Vehículo Privado,7,999990005,1404400010100,10,10004,1005,AP
Vehículo Privado,7,999990005,1409708223058,242,10004,5277,AP
Vehículo Privado,7,999990005,1412000011193,88,10004,8035,AP
Vehículo Privado,7,999990006,1409700320284,104,10005,5139,AP
Vehículo Privado,7,1403900010026,1403900010929,150,1,72,AP
Vehículo Privado,7,1403900010026,1403900012785,75,1,225,AP
Vehículo Privado,7,1403900010026,1412000011225,75,1,8038,AP
Vehículo Privado,7,1403900010026,141200001066A,75,1,8018,AP
Vehículo Privado,7,1403900010030,140701467,75,2,3133,AP
Vehículo Privado,7,1403900010030,1403900010295,150,2,17,AP
Vehículo Privado,7,1403900010030,1403900010613,150,2,44,AP
Vehículo Privado,7,1403900010030,1403900011081,75,2,87,AP
Vehículo Privado,7,1403900010030,1403900011518,75,2,125,AP
Vehículo Privado,7,1403900010030,1412000010710,75,2,8021,AP
Vehículo Privado,7,1403900010030,1412000012562,150,2,8109,AP
Vehículo Privado,7,1403900010030,1412000013306,75,2,8171,AP
Vehículo Privado,7,1403900010030,99999000A,75,2,10002,AP
Vehículo Privado,7,1403900010064,1403900011293,202,4,105,AP
Vehículo Privado,7,1403900010064,141200001098A,202,4,8027,AP
Vehículo Privado,7,1403900010064,141200001422A,202,4,8231,AP
Vehículo Privado,7,1403900010115,1403900010115,96,6,6,AP
Vehículo Privado,7,1403900010115,1403900010295,202,6,17,AP
Vehículo Privado,7,1403900010115,1403900011359,202,6,111,AP
Vehículo Privado,7,1403900010115,1412000013787,48,6,8207,AP
Vehículo Privado,7,1403900010115,1412000016067,95,6,8349,AP
Vehículo Privado,7,1403900010115,1412002315887,202,6,8489,AP
Vehículo Privado,7,1403900010115,141200001027A,202,6,8006,AP
Vehículo Privado,7,1403900010149,999990004,404,8,10001,AP
Vehículo Privado,7,1403900010149,1403900011359,404,8,111,AP
Vehículo Privado,7,1403900010149,1412000010373,202,8,8009,AP
Vehículo Privado,7,1403900010149,1412000010405,202,8,8011,AP
Vehículo Privado,7,1403900010149,1412002434713,202,8,8517,AP
Vehículo Privado,7,1403900010204,1403900010238,678,11,13,AP
Vehículo Privado,7,1403900010204,1403900014885,226,11,365,AP
Vehículo Privado,7,1403900010238,1403900011170,226,13,96,AP
Vehículo Privado,7,1403900010280,1403900010596,975,16,42,AP
Vehículo Privado,7,1403900010280,1409800011928,300,16,6099,AP
Vehículo Privado,7,1403900010295,1412000011155,88,17,8032,AP
Vehículo Privado,7,1403900010295,1412000011278,88,17,8039,AP
Vehículo Privado,7,1403900010312,1412000010918,137,19,8024,AP
Vehículo Privado,7,1403900010346,1403900010435,202,21,29,AP
Vehículo Privado,7,1403900010346,1412000010405,202,21,8011,AP
Vehículo Privado,7,1403900010365,1403900011113,202,23,90,AP
Vehículo Privado,7,1403900010435,1403900010435,111,29,29,AP
Vehículo Privado,7,1403900010435,1403900011556,111,29,127,AP
Vehículo Privado,7,1403900010435,1409800012381,111,29,6129,AP
Vehículo Privado,7,1403900010454,1403900010238,226,31,13,AP
Vehículo Privado,7,1403900010454,1403900011170,226,31,96,AP
Vehículo Privado,7,1403900010454,1403900012287,226,31,190,AP
Vehículo Privado,7,1403900010469,1403900010473,226,32,33,AP
Vehículo Privado,7,1403900010473,1403900010793,226,33,60,AP
Vehículo Privado,7,1403900010473,1403900012427,226,33,201,AP
Vehículo Privado,7,1403900010505,1403900011378,226,35,113,AP
Vehículo Privado,7,1403900010505,1403900013088,226,35,232,AP
Vehículo Privado,7,1403900010505,140390001083A,226,35,64,AP
Vehículo Privado,7,1403900010524,1403900010492,226,37,34,AP
Vehículo Privado,7,1403900010524,1403900011467,226,37,122,AP
Vehículo Privado,7,1403900010524,1403900011880,226,37,157,AP
Vehículo Privado,7,1403900010524,1403900013317,226,37,236,AP
Vehículo Privado,7,1403900010524,140390001083A,226,37,64,AP
Vehículo Privado,7,1403900010539,1409701150890,249,38,5212,AP
Vehículo Privado,7,1403900010562,1403900010308,75,40,18,AP
Vehículo Privado,7,1403900010562,1403900011170,75,40,96,AP
Vehículo Privado,7,1403900010562,1403900011804,75,40,149,AP
Vehículo Privado,7,1403900010562,1403900013143,75,40,233,AP
Vehículo Privado,7,1403900010562,1403900014546,75,40,335,AP
Vehículo Privado,7,1403900010562,1403900014866,75,40,363,AP
Vehículo Privado,7,1403900010562,1412000011225,75,40,8038,AP
Vehículo Privado,7,1403900010562,1412000011278,150,40,8039,AP
Vehículo Privado,7,1403900010562,1412000015266,75,40,8305,AP
Vehículo Privado,7,1403900010577,1403900010295,75,41,17,AP
Vehículo Privado,7,1403900010577,1403900010613,75,41,44,AP
Vehículo Privado,7,1403900010577,1412000013274,110,41,8168,AP
Vehículo Privado,7,1403900010577,1412000013293,150,41,8170,AP
Vehículo Privado,7,1403900010577,1412000016828,75,41,8394,AP
Vehículo Privado,7,1403900010596,1403900010280,150,42,16,AP
Vehículo Privado,7,1403900010596,1403900010596,75,42,42,AP
Vehículo Privado,7,1403900010596,1403900011293,75,42,105,AP
Vehículo Privado,7,1403900010596,1409800011928,150,42,6099,AP
Vehículo Privado,7,1403900010596,1412000010354,75,42,8007,AP
Vehículo Privado,7,1403900010596,1412000010405,75,42,8011,AP
Vehículo Privado,7,1403900010609,1403900011166,75,43,95,AP
Vehículo Privado,7,1403900010609,1403900011753,75,43,145,AP
Vehículo Privado,7,1403900010609,1403900013143,75,43,233,AP
Vehículo Privado,7,1403900010609,1409800011928,75,43,6099,AP
Vehículo Privado,7,1403900010609,1412000010547,75,43,8012,AP
Vehículo Privado,7,1403900010609,1412000010655,75,43,8017,AP
Vehículo Privado,7,1403900010609,1412000012971,75,43,8143,AP
Vehículo Privado,7,1403900010609,1412000013293,75,43,8170,AP
Vehículo Privado,7,1403900010613,1403900011077,75,44,86,AP
Vehículo Privado,7,1403900010632,1403900011325,606,45,108,AP
Vehículo Privado,7,1403900010632,1412000013518,202,45,8186,AP
Vehículo Privado,7,1403900010647,1403900011325,404,46,108,AP
Vehículo Privado,7,1403900010651,1412000011865,202,47,8060,AP
Vehículo Privado,7,1403900010651,140980001007A,202,47,6004,AP
Vehículo Privado,7,1403900010721,1403900010721,202,54,54,AP
Vehículo Privado,7,1403900010736,1403900011170,404,55,96,AP
Vehículo Privado,7,1403900010736,1403900011310,202,55,107,AP
Vehículo Privado,7,1403900010736,1403900011556,202,55,127,AP
Vehículo Privado,7,1403900010736,1412400010512,202,55,9033,AP
Vehículo Privado,7,1403900010774,1403900011096,111,58,88,AP
Vehículo Privado,7,1403900010774,1403900013641,222,58,255,AP
Vehículo Privado,7,1403900010789,1403900011753,249,59,145,AP
Vehículo Privado,7,1403900010789,1403900012554,249,59,209,AP
Vehículo Privado,7,1403900010789,1410100010931,249,59,7051,AP
Vehículo Privado,7,1403900010789,1412400010495,249,59,9031,AP
Vehículo Privado,7,1403900010825,1403900010416,249,63,28,AP
Vehículo Privado,7,1403900010859,1412000016423,249,66,8364,AP
Vehículo Privado,7,1403900010859,140390001083A,249,66,64,AP
Vehículo Privado,7,1403900010863,1410100011268,18,67,7078,AP
Vehículo Privado,7,1403900010897,1403900010115,249,70,6,AP
Vehículo Privado,7,1403900010897,1403900011467,309,70,122,AP
Vehículo Privado,7,1403900010929,1403900010308,150,72,18,AP
Vehículo Privado,7,1403900010929,1403900010613,75,72,44,AP
Vehículo Privado,7,1403900010929,1403900012554,75,72,209,AP
Vehículo Privado,7,1403900010929,1403900014546,75,72,335,AP
Vehículo Privado,7,1403900010929,1403900014902,75,72,367,AP
Vehículo Privado,7,1403900010929,1412000012914,75,72,8137,AP
Vehículo Privado,7,1403900010933,1403900012130,75,73,178,AP
Vehículo Privado,7,1403900010933,1412000012914,450,73,8137,AP
Vehículo Privado,7,1403900010967,1403900012130,202,76,178,AP
Vehículo Privado,7,1403900010986,1403900010647,404,78,46,AP
Vehículo Privado,7,1403900010986,1403900011556,202,78,127,AP
Vehículo Privado,7,1403900010986,1403900012130,202,78,178,AP
Vehículo Privado,7,1403900010986,140390001069A,202,78,51,AP
Vehículo Privado,7,1403900011024,1403900012183,202,82,183,AP
Vehículo Privado,7,1403900011024,1403900013656,202,82,256,AP
Vehículo Privado,7,1403900011043,1403900011768,75,84,146,AP
Vehículo Privado,7,1403900011043,1403900015652,75,84,440,AP
Vehículo Privado,7,1403900011043,1412000010405,75,84,8011,AP
Vehículo Privado,7,1403900011062,1403900010295,75,85,17,AP
Vehículo Privado,7,1403900011062,1403900010929,75,85,72,AP
Vehículo Privado,7,1403900011077,1403900010295,75,86,17,AP
Vehículo Privado,7,1403900011077,1403900010613,150,86,44,AP
Vehículo Privado,7,1403900011077,1403900011062,75,86,85,AP
Vehículo Privado,7,1403900011077,1403900011753,75,86,145,AP
Vehículo Privado,7,1403900011077,1412000014836,75,86,8281,AP
Vehículo Privado,7,1403900011077,141200001066A,75,86,8018,AP
Vehículo Privado,7,1403900011081,1403900010651,404,87,47,AP
Vehículo Privado,7,1403900011081,1412002315887,404,87,8489,AP
Vehículo Privado,7,1403900011113,1403900010365,606,90,23,AP
Vehículo Privado,7,1403900011147,1403900011128,1818,93,91,AP
Vehículo Privado,7,1403900011147,1403900011147,19,93,93,AP
Vehículo Privado,7,1403900011166,1403900010295,111,95,17,AP
Vehículo Privado,7,1403900011166,1403900013603,111,95,252,AP
Vehículo Privado,7,1403900011166,1412000014836,111,95,8281,AP
Vehículo Privado,7,1403900011170,1403900010280,75,96,16,AP
Vehículo Privado,7,1403900011170,1403900011170,92,96,96,AP
Vehículo Privado,7,1403900011185,1403900011185,111,97,97,AP
Vehículo Privado,7,1403900011217,1410100011319,249,100,7083,AP
Vehículo Privado,7,1403900011289,999990005,150,104,10004,AP
Vehículo Privado,7,1403900011289,1403900011575,75,104,129,AP
Vehículo Privado,7,1403900011289,1403900012145,75,104,179,AP
Vehículo Privado,7,1403900011293,1403900011359,75,105,111,AP
Vehículo Privado,7,1403900011325,1403900011359,404,108,111,AP
Vehículo Privado,7,1403900011325,1412000017031,31,108,8408,AP
Vehículo Privado,7,1403900011359,1403900011359,321,111,111,AP
Vehículo Privado,7,1403900011359,1410100010522,109,111,7019,AP
Vehículo Privado,7,1403900011359,1412000010706,119,111,8020,AP
Vehículo Privado,7,1403900011359,1412000011225,100,111,8038,AP
Vehículo Privado,7,1403900011359,1412000013170,100,111,8161,AP
Vehículo Privado,7,1403900011359,1412000015158,96,111,8297,AP
Vehículo Privado,7,1403900011359,140970424098A,38,111,5231,AP
Vehículo Privado,7,1403900011397,1412000013217,111,115,8165,AP
Vehículo Privado,7,1403900011429,1403900010897,249,118,70,AP
Vehículo Privado,7,1403900011448,1409800010347,178,120,6012,AP
Vehículo Privado,7,1403900011452,1403900010863,249,121,67,AP
Vehículo Privado,7,1403900011452,1403900011202,249,121,99,AP
Vehículo Privado,7,1403900011452,1409800010031,249,121,6001,AP
Vehículo Privado,7,1403900011452,1412000014836,249,121,8281,AP
Vehículo Privado,7,1403900011452,1412000016758,249,121,8387,AP
Vehículo Privado,7,1403900011452,140390001119A,996,121,98,AP
Vehículo Privado,7,1403900011537,1403900011359,234,126,111,AP
Vehículo Privado,7,1403900011556,1403900011556,178,127,127,AP
Vehículo Privado,7,1403900011560,1403900011043,75,128,84,AP
Vehículo Privado,7,1403900011560,1412000012914,88,128,8137,AP
Vehículo Privado,7,1403900011645,140390001101A,444,135,81,AP
Vehículo Privado,7,1403900011679,1403900011359,111,138,111,AP
Vehículo Privado,7,1403900011715,1403900010030,246,142,2,AP
Vehículo Privado,7,1403900011715,1403900010863,246,142,67,AP
Vehículo Privado,7,1403900011715,1403900013834,246,142,271,AP
Vehículo Privado,7,1403900011715,1409800010031,246,142,6001,AP
Vehículo Privado,7,1403900011715,140390001083A,246,142,64,AP
Vehículo Privado,7,1403900011734,1410100010537,234,144,7020,AP
Vehículo Privado,7,1403900011753,1403900010308,119,145,18,AP
Vehículo Privado,7,1403900011753,1403900010952,119,145,75,AP
Vehículo Privado,7,1403900011753,1403900011043,119,145,84,AP
Vehículo Privado,7,1403900011753,1403900011359,119,145,111,AP
Vehículo Privado,7,1403900011753,1403900011556,119,145,127,AP
Vehículo Privado,7,1403900011753,1403900013961,119,145,283,AP
Vehículo Privado,7,1403900011753,1412000012914,119,145,8137,AP
Vehículo Privado,7,1403900011753,1412000014376,100,145,8246,AP
Vehículo Privado,7,1403900011768,1403900011043,119,146,84,AP
Vehículo Privado,7,1403900011768,1403900012728,119,146,224,AP
Vehículo Privado,7,1403900011768,1412000011225,119,146,8038,AP
Vehículo Privado,7,1403900011768,140390001158A,119,146,130,AP
Vehículo Privado,7,1403900011768,141200001098A,119,146,8027,AP
Vehículo Privado,7,1403900011787,1403900010030,75,147,2,AP
Vehículo Privado,7,1403900011804,1403900011804,96,149,149,AP
Vehículo Privado,7,1403900011823,1403900011132,202,151,92,AP
Vehículo Privado,7,1403900011861,1403900010863,202,155,67,AP
Vehículo Privado,7,1403900011880,140390001069A,222,157,51,AP
Vehículo Privado,7,1403900011880,140390001101A,111,157,81,AP
Vehículo Privado,7,1403900011912,1403900011378,444,160,113,AP
Vehículo Privado,7,1403900011927,1403900012183,111,161,183,AP
Vehículo Privado,7,1403900011927,1403900013641,555,161,255,AP
Vehículo Privado,7,1403900011927,1403900013976,111,161,284,AP
Vehículo Privado,7,1403900012022,1403900010365,246,171,23,AP
Vehículo Privado,7,1403900012022,1403900013641,246,171,255,AP
Vehículo Privado,7,1403900012056,1403900010350,246,174,22,AP
Vehículo Privado,7,1403900012056,1403900011005,246,174,80,AP
Vehículo Privado,7,1403900012056,1403900011429,246,174,118,AP
Vehículo Privado,7,1403900012056,1409800010031,492,174,6001,AP
Vehículo Privado,7,1403900012111,1412002314179,48,176,8478,AP
Vehículo Privado,7,1403900012126,1403900012427,119,177,201,AP
Vehículo Privado,7,1403900012126,1403900012569,119,177,210,AP
Vehículo Privado,7,1403900012179,1403900012592,48,182,213,AP
Vehículo Privado,7,1403900012200,1403900011804,111,184,149,AP
Vehículo Privado,7,1403900012200,1403900012130,111,184,178,AP
Vehículo Privado,7,1403900012249,1403900012249,234,186,186,AP
Vehículo Privado,7,1403900012268,1403900011359,246,188,111,AP
Vehículo Privado,7,1403900012287,1403900012272,246,190,189,AP
Vehículo Privado,7,1403900012304,1403900015135,246,192,390,AP
Vehículo Privado,7,1403900012304,99999000A,246,192,10002,AP
Vehículo Privado,7,1403900012376,1403900011359,119,197,111,AP
Vehículo Privado,7,1403900012376,1403900012427,119,197,201,AP
Vehículo Privado,7,1403900012376,1412000010547,119,197,8012,AP
Vehículo Privado,7,1403900012395,1412000013128,119,199,8156,AP
Vehículo Privado,7,1403900012446,1403900015563,96,203,431,AP
Vehículo Privado,7,1403900012501,1412000011297,119,204,8041,AP
Vehículo Privado,7,1403900012520,1403900011927,119,206,161,AP
Vehículo Privado,7,1403900012535,1409800010031,119,207,6001,AP
Vehículo Privado,7,1403900012535,1412000012990,119,207,8145,AP
Vehículo Privado,7,1403900012554,1403900012554,75,209,209,AP
Vehículo Privado,7,1403900012554,1409708432647,94,209,5334,AP
Vehículo Privado,7,1403900012569,1403900011170,48,210,96,AP
Vehículo Privado,7,1403900012569,1403900012427,48,210,201,AP
Vehículo Privado,7,1403900012569,1403900013143,144,210,233,AP
Vehículo Privado,7,1403900012588,1409800010351,144,212,6013,AP
Vehículo Privado,7,1403900012588,14097059A,48,212,5241,AP
Vehículo Privado,7,1403900012592,1403900012569,48,213,210,AP
Vehículo Privado,7,1403900012624,1403900013726,246,216,262,AP
Vehículo Privado,7,1403900012681,1403900012427,119,220,201,AP
Vehículo Privado,7,1403900012681,1403900013783,238,220,266,AP
Vehículo Privado,7,1403900012681,1403900014936,119,220,370,AP
Vehículo Privado,7,1403900012681,1409800011928,119,220,6099,AP
Vehículo Privado,7,1403900012696,140980243,119,221,6237,AP
Vehículo Privado,7,1403900012696,1412000011278,238,221,8039,AP
Vehículo Privado,7,1403900012696,1412000013306,238,221,8171,AP
Vehículo Privado,7,1403900012709,1403900013340,119,222,239,AP
Vehículo Privado,7,1403900012709,1409704241761,119,222,5232,AP
Vehículo Privado,7,1403900012709,1409800010879,119,222,6028,AP
Vehículo Privado,7,1403900012709,1409800011928,119,222,6099,AP
Vehículo Privado,7,1403900012709,1412000011210,119,222,8037,AP
Vehículo Privado,7,1403900012802,1403900012446,48,227,203,AP
Vehículo Privado,7,1403900012802,1403900012592,227,227,213,AP
Vehículo Privado,7,1403900012802,1403900015309,227,227,406,AP
Vehículo Privado,7,1403900013088,1403900010238,904,232,13,AP
Vehículo Privado,7,1403900013088,1403900010505,226,232,35,AP
Vehículo Privado,7,1403900013088,1403900013586,226,232,250,AP
Vehículo Privado,7,1403900013088,1409708312030,226,232,5300,AP
Vehículo Privado,7,1403900013143,1403900010929,88,233,72,AP
Vehículo Privado,7,1403900013143,1412000010636,75,233,8015,AP
Vehículo Privado,7,1403900013143,1412000011920,176,233,8065,AP
Vehículo Privado,7,1403900013143,1412000012914,264,233,8137,AP
Vehículo Privado,7,1403900013143,1412000013306,88,233,8171,AP
Vehículo Privado,7,1403900013143,1412000015340,45,233,8312,AP
Vehículo Privado,7,1403900013143,1412002434709,88,233,8516,AP
Vehículo Privado,7,1403900013177,1412000010617,498,234,8014,AP
Vehículo Privado,7,1403900013209,1412000011225,249,235,8038,AP
Vehículo Privado,7,1403900013321,1403900011804,119,237,149,AP
Vehículo Privado,7,1403900013321,1403900014989,119,237,375,AP
Vehículo Privado,7,1403900013321,1403900015309,119,237,406,AP
Vehículo Privado,7,1403900013321,1403900015652,119,237,440,AP
Vehículo Privado,7,1403900013321,1409800011928,119,237,6099,AP
Vehículo Privado,7,1403900013321,1412000010636,100,237,8015,AP
Vehículo Privado,7,1403900013321,1412000013166,100,237,8160,AP
Vehículo Privado,7,1403900013321,1412000014376,119,237,8246,AP
Vehículo Privado,7,1403900013321,1412000014408,119,237,8249,AP
Vehículo Privado,7,1403900013336,1403900011359,238,238,111,AP
Vehículo Privado,7,1403900013336,1403900011804,119,238,149,AP
Vehículo Privado,7,1403900013336,1403900015309,119,238,406,AP
Vehículo Privado,7,1403900013336,1409800011294,119,238,6054,AP
Vehículo Privado,7,1403900013336,1412400010175,119,238,9005,AP
Vehículo Privado,7,1403900013336,140390001368A,119,238,258,AP
Vehículo Privado,7,1403900013340,1403900011359,119,239,111,AP
Vehículo Privado,7,1403900013340,1403900012408,119,239,200,AP
Vehículo Privado,7,1403900013340,1403900012709,238,239,222,AP
Vehículo Privado,7,1403900013340,1403900013957,238,239,282,AP
Vehículo Privado,7,1403900013340,1409800011928,119,239,6099,AP
Vehículo Privado,7,1403900013340,1412400010175,119,239,9005,AP
Vehículo Privado,7,1403900013482,1409700010918,226,242,5009,AP
Vehículo Privado,7,1403900013552,1403900012554,227,248,209,AP
Vehículo Privado,7,1403900013552,1403900013726,227,248,262,AP
Vehículo Privado,7,1403900013552,1403900014033,227,248,290,AP
Vehículo Privado,7,1403900013552,1403900015328,681,248,408,AP
Vehículo Privado,7,1403900013552,1409800010120,454,248,6008,AP
Vehículo Privado,7,1403900013641,1412000010405,249,255,8011,AP
Vehículo Privado,7,1403900013656,1412000010373,202,256,8009,AP
Vehículo Privado,7,1403900013694,1407000130401,48,259,3033,AP
Vehículo Privado,7,1403900013694,14097059A,48,259,5241,AP
Vehículo Privado,7,1403900013707,141012552,48,260,7231,AP
Vehículo Privado,7,1403900013707,1403900012427,48,260,201,AP
Vehículo Privado,7,1403900013707,1403900012569,48,260,210,AP
Vehículo Privado,7,1403900013707,1403900014033,48,260,290,AP
Vehículo Privado,7,1403900013707,1409800010120,96,260,6008,AP
Vehículo Privado,7,1403900013707,1412000012929,48,260,8138,AP
Vehículo Privado,7,1403900013711,1403900010365,48,261,23,AP
Vehículo Privado,7,1403900013711,1403900013529,48,261,245,AP
Vehículo Privado,7,1403900013711,1403900013923,48,261,279,AP
Vehículo Privado,7,1403900013711,1403900014546,48,261,335,AP
Vehículo Privado,7,1403900013711,1409800010525,48,261,6018,AP
Vehículo Privado,7,1403900013711,140980001053A,48,261,6019,AP
Vehículo Privado,7,1403900013726,1403900011768,48,262,146,AP
Vehículo Privado,7,1403900013798,1403900013143,1356,267,233,AP
Vehículo Privado,7,1403900013798,1403900013798,226,267,267,AP
Vehículo Privado,7,1403900013798,1409700010918,226,267,5009,AP
Vehículo Privado,7,1403900013923,1403900012342,226,279,194,AP
Vehículo Privado,7,1403900013923,1409800010525,226,279,6018,AP
Vehículo Privado,7,1403900013957,1412000014732,100,282,8276,AP
Vehículo Privado,7,1403900013957,140390001464A,119,282,345,AP
Vehículo Privado,7,1403900013980,1403900013976,555,285,284,AP
Vehículo Privado,7,1403900013995,1409800012428,246,286,6131,AP
Vehículo Privado,7,1403900014014,1403900012395,227,288,199,AP
Vehículo Privado,7,1403900014033,1403900015440,96,290,420,AP
Vehículo Privado,7,1403900014033,1409800012786,178,290,6164,AP
Vehículo Privado,7,1403900014048,1403900014033,454,291,290,AP
Vehículo Privado,7,1403900014052,1412000010617,119,292,8014,AP
Vehículo Privado,7,1403900014052,140390001279A,238,292,226,AP
Vehículo Privado,7,1403900014067,1410100010895,119,293,7048,AP
Vehículo Privado,7,1403900014067,1412000010655,119,293,8017,AP
Vehículo Privado,7,1403900014071,1412000013077,137,294,8152,AP
Vehículo Privado,7,1403900014118,1403900010312,202,298,19,AP
Vehículo Privado,7,1403900014118,1403900011185,606,298,97,AP
Vehículo Privado,7,1403900014118,1403900011556,202,298,127,AP
Vehículo Privado,7,1403900014118,1403900014122,1010,298,299,AP
Vehículo Privado,7,1403900014194,1403900011359,249,305,111,AP
Vehículo Privado,7,1403900014226,1403900014226,249,308,308,AP
Vehículo Privado,7,1403900014226,1403900015313,249,308,407,AP
Vehículo Privado,7,1403900014283,1403900011448,249,314,120,AP
Vehículo Privado,7,1403900014353,1403900011448,246,318,120,AP
Vehículo Privado,7,1403900014368,1403900014368,234,319,319,AP
Vehículo Privado,7,1403900014387,1403900014122,226,320,299,AP
Vehículo Privado,7,1403900014423,999990005,452,323,10004,AP
Vehículo Privado,7,1403900014457,1403900014461,75,326,327,AP
Vehículo Privado,7,1403900014461,1403900011556,150,327,127,AP
Vehículo Privado,7,1403900014461,1403900011575,75,327,129,AP
Vehículo Privado,7,1403900014461,1403900012130,75,327,178,AP
Vehículo Privado,7,1403900014461,1403900014457,225,327,326,AP
Vehículo Privado,7,1403900014461,1409700201013,75,327,5079,AP
Vehículo Privado,7,1403900014461,1409700931028,75,327,5208,AP
Vehículo Privado,7,1403900014461,1412000012242,150,327,8077,AP
Vehículo Privado,7,1403900014461,1412000012914,75,327,8137,AP
Vehículo Privado,7,1403900014461,1412000013293,75,327,8170,AP
Vehículo Privado,7,1403900014527,1403900011823,234,333,151,AP
Vehículo Privado,7,1403900014565,141200157,19,337,8460,AP
Vehículo Privado,7,1403900014565,1412000012914,88,337,8137,AP
Vehículo Privado,7,1403900014565,1412000013575,19,337,8189,AP
Vehículo Privado,7,1403900014584,1403900011378,119,339,113,AP
Vehículo Privado,7,1403900014584,1403900011556,119,339,127,AP
Vehículo Privado,7,1403900014584,1403900013321,119,339,237,AP
Vehículo Privado,7,1403900014584,1403900015366,119,339,412,AP
Vehículo Privado,7,1403900014584,1403900015370,119,339,413,AP
Vehículo Privado,7,1403900014584,1409700201013,119,339,5079,AP
Vehículo Privado,7,1403900014584,1409800141114,119,339,6218,AP
Vehículo Privado,7,1403900014584,1412000010706,119,339,8020,AP
Vehículo Privado,7,1403900014599,1403900011556,119,340,127,AP
Vehículo Privado,7,1403900014599,1403900012130,119,340,178,AP
Vehículo Privado,7,1403900014599,1409701800301,119,340,5223,AP
Vehículo Privado,7,1403900014599,1412000010710,238,340,8021,AP
Vehículo Privado,7,1403900014743,1403900012130,48,352,178,AP
Vehículo Privado,7,1403900014777,1403900014762,150,354,353,AP
Vehículo Privado,7,1403900014777,1412000013289,75,354,8169,AP
Vehículo Privado,7,1403900014809,1403900014118,202,357,298,AP
Vehículo Privado,7,1403900014828,1403900010825,226,359,63,AP
Vehículo Privado,7,1403900014828,1412000013293,226,359,8170,AP
Vehículo Privado,7,1403900014847,1412000013664,226,361,8197,AP
Vehículo Privado,7,1403900014866,1409701150890,59,363,5212,AP
Vehículo Privado,7,1403900014870,1412000013293,202,364,8170,AP
Vehículo Privado,7,1403900014902,1403900012130,150,367,178,AP
Vehículo Privado,7,1403900014902,1403900014673,75,367,348,AP
Vehículo Privado,7,1403900014902,1409800143178,75,367,6229,AP
Vehículo Privado,7,1403900014902,1412000012914,75,367,8137,AP
Vehículo Privado,7,1403900014902,1412000014944,75,367,8290,AP
Vehículo Privado,7,1403900014917,1403900010308,75,368,18,AP
Vehículo Privado,7,1403900014917,1403900010613,75,368,44,AP
Vehículo Privado,7,1403900014917,1403900011170,75,368,96,AP
Vehículo Privado,7,1403900014917,1403900011274,75,368,103,AP
Vehículo Privado,7,1403900014917,1403900014917,75,368,368,AP
Vehículo Privado,7,1403900014917,1409704240443,75,368,5228,AP
Vehículo Privado,7,1403900014921,1403900013586,226,369,250,AP
Vehículo Privado,7,1403900014921,1410100010382,226,369,7008,AP
Vehículo Privado,7,1403900015008,1403900014245,249,377,310,AP
Vehículo Privado,7,1403900015012,1409708221935,249,378,5265,AP
Vehículo Privado,7,1403900015012,1409708221954,249,378,5267,AP
Vehículo Privado,7,1403900015065,1403900011861,234,383,155,AP
Vehículo Privado,7,1403900015084,1403900011467,3,385,122,AP
Vehículo Privado,7,1403900015116,1409800010879,234,388,6028,AP
Vehículo Privado,7,1403900015120,140980001007A,234,389,6004,AP
Vehículo Privado,7,1403900015188,1403900015192,234,395,396,AP
Vehículo Privado,7,1403900015188,1403900015205,468,395,397,AP
Vehículo Privado,7,1403900015188,1410100010522,234,395,7019,AP
Vehículo Privado,7,1403900015188,1410100011338,234,395,7085,AP
Vehículo Privado,7,1403900015188,1410100011361,234,395,7087,AP
Vehículo Privado,7,1403900015205,1403900015135,234,397,390,AP
Vehículo Privado,7,1403900015224,1403900011537,234,399,126,AP
Vehículo Privado,7,1403900015296,1403900010859,249,405,66,AP
Vehículo Privado,7,1403900015296,1403900011325,249,405,108,AP
Vehículo Privado,7,1403900015296,1403900011556,249,405,127,AP
Vehículo Privado,7,1403900015313,1403900010613,119,407,44,AP
Vehículo Privado,7,1403900015313,1403900011359,238,407,111,AP
Vehículo Privado,7,1403900015313,1403900011838,119,407,152,AP
Vehículo Privado,7,1403900015313,1410100010931,119,407,7051,AP
Vehículo Privado,7,1403900015313,140390001215A,119,407,180,AP
Vehículo Privado,7,1403900015328,1403900013552,454,408,248,AP
Vehículo Privado,7,1403900015332,1403900012395,48,409,199,AP
Vehículo Privado,7,1403900015332,1403900012569,96,409,210,AP
Vehículo Privado,7,1403900015366,1403900011556,23,412,127,AP
Vehículo Privado,7,1403900015366,1403900012501,357,412,204,AP
Vehículo Privado,7,1403900015366,1407000130350,126,412,3031,AP
Vehículo Privado,7,1403900015366,1409700340250,19,412,5156,AP
Vehículo Privado,7,1403900015366,1410100220024,288,412,7193,AP
Vehículo Privado,7,1403900015366,1412000012295,49,412,8082,AP
Vehículo Privado,7,1403900015366,1412000015158,144,412,8297,AP
Vehículo Privado,7,1403900015417,1403900010115,163,417,6,AP
Vehículo Privado,7,1403900015417,1403900011096,163,417,88,AP
Vehículo Privado,7,1403900015440,1403900012446,48,420,203,AP
Vehículo Privado,7,1403900015489,1407000140276,96,423,3046,AP
Vehículo Privado,7,1403900015597,1403900013020,226,434,231,AP
Vehículo Privado,7,1403900015652,1403900011753,119,440,145,AP
Vehículo Privado,7,1403900015652,1403900015652,119,440,440,AP
Vehículo Privado,7,1403900015652,1412000012613,119,440,8112,AP
Vehículo Privado,7,1403900015652,1412000014516,119,440,8260,AP
Vehículo Privado,7,1404400010083,140440011,10,1003,1031,AP
Vehículo Privado,7,1404400010098,999990005,40,1004,10004,AP
Vehículo Privado,7,1404400010098,1403900013976,10,1004,284,AP
Vehículo Privado,7,1404400010098,1404400010079,10,1004,1002,AP
Vehículo Privado,7,1404400010098,1404400010098,20,1004,1004,AP
Vehículo Privado,7,1404400010098,1404400010100,10,1004,1005,AP
Vehículo Privado,7,1404400010098,1404400010280,10,1004,1006,AP
Vehículo Privado,7,1404400010098,1404400050257,20,1004,1024,AP
Vehículo Privado,7,1404400010098,1409707771780,10,1004,5247,AP
Vehículo Privado,7,1404400010098,14097059A,20,1004,5241,AP
Vehículo Privado,7,1404400010100,140440011,10,1005,1031,AP
Vehículo Privado,7,1404400010100,1404400010098,20,1005,1004,AP
Vehículo Privado,7,1404400010100,1409700411263,10,1005,5193,AP
Vehículo Privado,7,1404400010100,140970005034A,20,1005,5036,AP
Vehículo Privado,7,1404400010280,999990005,40,1006,10004,AP
Vehículo Privado,7,1404400010280,1403900011359,10,1006,111,AP
Vehículo Privado,7,1404400010280,1403900012022,10,1006,171,AP
Vehículo Privado,7,1404400010280,1404400010098,10,1006,1004,AP
Vehículo Privado,7,1404400010280,1404400010100,20,1006,1005,AP
Vehículo Privado,7,1404400010280,1412000010994,10,1006,8028,AP
Vehículo Privado,7,1404400010280,141010027236A,10,1006,7210,AP
Vehículo Privado,7,1404400010295,1404400010098,60,1007,1004,AP
Vehículo Privado,7,1404400020115,140440011,7,1014,1031,AP
Vehículo Privado,7,1404400020115,140440026,21,1014,1032,AP
Vehículo Privado,7,1404400020115,999990005,28,1014,10004,AP
Vehículo Privado,7,1404400020115,999990006,7,1014,10005,AP
Vehículo Privado,7,1404400020115,1404400020134,7,1014,1016,AP
Vehículo Privado,7,1404400020115,1404400540416,7,1014,1034,AP
Vehículo Privado,7,1404400020115,1409707772365,7,1014,5248,AP
Vehículo Privado,7,1404400020115,1409708634111,7,1014,5367,AP
Vehículo Privado,7,1404400020115,1409800140027,7,1014,6217,AP
Vehículo Privado,7,1404400020115,140440002012A,7,1014,1015,AP
Vehículo Privado,7,1404400020115,140510001004A,7,1014,2001,AP
Vehículo Privado,7,1404400020115,14097059A,7,1014,5241,AP
Vehículo Privado,7,1404400020115,99999000A,7,1014,10002,AP
Vehículo Privado,7,1404400020134,140440011,14,1016,1031,AP
Vehículo Privado,7,1404400020134,999990005,7,1016,10004,AP
Vehículo Privado,7,1404400020134,1404400020115,7,1016,1014,AP
Vehículo Privado,7,1404400020134,1404400020134,14,1016,1016,AP
Vehículo Privado,7,1404400020134,1407000200257,7,1016,3069,AP
Vehículo Privado,7,1404400020134,1409800012199,7,1016,6115,AP
Vehículo Privado,7,1404400020134,140980001053A,7,1016,6019,AP
Vehículo Privado,7,1404400020153,1404400050261,14,1018,1025,AP
Vehículo Privado,7,1404400020153,140440002012A,14,1018,1015,AP
Vehículo Privado,7,1404400020346,999990005,14,1022,10004,AP
Vehículo Privado,7,1404400020346,1405100010054,7,1022,2002,AP
Vehículo Privado,7,1404400020346,1407000130350,7,1022,3031,AP
Vehículo Privado,7,1404400020346,1412000014535,7,1022,8262,AP
Vehículo Privado,7,1404400050257,1404400010280,27,1024,1006,AP
Vehículo Privado,7,1404400100223,140440011,57,1027,1031,AP
Vehículo Privado,7,1404400100223,1409800012381,57,1027,6129,AP
Vehículo Privado,7,1404400100223,14097059A,57,1027,5241,AP
Vehículo Privado,7,1404400540401,140440011,27,1033,1031,AP
Vehículo Privado,7,1404400540401,1404400010098,27,1033,1004,AP
Vehículo Privado,7,1404400540401,140440002012A,27,1033,1015,AP
Vehículo Privado,7,1404400540416,999990006,27,1034,10005,AP
Vehículo Privado,7,1404400540416,1407000010115,54,1034,3005,AP
Vehículo Privado,7,1404400540416,1407000130238,27,1034,3029,AP
Vehículo Privado,7,1404400540416,1407000140223,27,1034,3045,AP
Vehículo Privado,7,1404400540420,140440026,54,1035,1032,AP
Vehículo Privado,7,1404400540420,1404400010098,27,1035,1004,AP
Vehículo Privado,7,1404400540420,1409800010296,27,1035,6011,AP
Vehículo Privado,7,1404400540420,99999000A,27,1035,10002,AP
Vehículo Privado,7,1404400540435,1409800011434,27,1036,6063,AP
Vehículo Privado,7,1404401700399,140972308,27,1039,5384,AP
Vehículo Privado,7,1405100010054,1405100010069,236,2002,2003,AP
Vehículo Privado,7,1405100010054,1407000131429,59,2002,3038,AP
Vehículo Privado,7,1405100010054,1409800011608,59,2002,6074,AP
Vehículo Privado,7,1405100010054,140510001004A,61,2002,2001,AP
Vehículo Privado,7,1405100010069,1403900011626,59,2003,133,AP
Vehículo Privado,7,1405100010069,1410100011592,2,2003,7104,AP
Vehículo Privado,7,1405100010139,1405100010069,4,2010,2003,AP
Vehículo Privado,7,1405100010139,1405100010139,2,2010,2010,AP
Vehículo Privado,7,1405100010139,1407000010115,2,2010,3005,AP
Vehículo Privado,7,1405100010139,140510001004A,4,2010,2001,AP
Vehículo Privado,7,1405100020181,1409700350138,21,2015,5169,AP
Vehículo Privado,7,1405100020181,1410100010931,21,2015,7051,AP
Vehículo Privado,7,1405100020181,1412400940387,21,2015,9048,AP
Vehículo Privado,7,1405100020196,141240090,21,2016,9047,AP
Vehículo Privado,7,1405100020196,999990004,21,2016,10001,AP
Vehículo Privado,7,1405100020196,1403900011359,21,2016,111,AP
Vehículo Privado,7,1405100020196,1405100020196,21,2016,2016,AP
Vehículo Privado,7,1405100020196,1410100010931,21,2016,7051,AP
Vehículo Privado,7,1405100020196,1412400010175,21,2016,9005,AP
Vehículo Privado,7,1405100020196,140980001053A,21,2016,6019,AP
Vehículo Privado,7,1405100020209,140980243,21,2017,6237,AP
Vehículo Privado,7,1405100020209,141012567,21,2017,7232,AP
Vehículo Privado,7,1405100020209,1403900015366,21,2017,412,AP
Vehículo Privado,7,1405100020209,1405100020209,21,2017,2017,AP
Vehículo Privado,7,1405100020209,1409800010597,21,2017,6020,AP
Vehículo Privado,7,1405100020209,1412400010175,84,2017,9005,AP
Vehículo Privado,7,1405100020209,1412400940391,21,2017,9049,AP
Vehículo Privado,7,1405100020213,140510016,42,2018,2019,AP
Vehículo Privado,7,1405100020213,141240090,63,2018,9047,AP
Vehículo Privado,7,1405100020213,999990004,21,2018,10001,AP
Vehículo Privado,7,1405100020213,999990005,21,2018,10004,AP
Vehículo Privado,7,1405100020213,1403900011359,21,2018,111,AP
Vehículo Privado,7,1405100020213,1403900012554,21,2018,209,AP
Vehículo Privado,7,1405100020213,1403900012592,21,2018,213,AP
Vehículo Privado,7,1405100020213,1407000010045,21,2018,3002,AP
Vehículo Privado,7,1405100020213,1409800010879,21,2018,6028,AP
Vehículo Privado,7,1405100020213,1409800012818,21,2018,6167,AP
Vehículo Privado,7,1405100020213,1410100010679,21,2018,7031,AP
Vehículo Privado,7,1405100020213,1410100010912,21,2018,7049,AP
Vehículo Privado,7,1405100020213,1410100010931,42,2018,7051,AP
Vehículo Privado,7,1405100020213,1410100011588,21,2018,7103,AP
Vehículo Privado,7,1405100020213,1412000010405,21,2018,8011,AP
Vehículo Privado,7,1405100020213,1412400010175,21,2018,9005,AP
Vehículo Privado,7,1405100020213,14097059A,21,2018,5241,AP
Vehículo Privado,7,1407000010045,1407000010030,59,3002,3001,AP
Vehículo Privado,7,1407000010045,1407000010045,23,3002,3002,AP
Vehículo Privado,7,1407000010098,1407000010115,59,3003,3005,AP
Vehículo Privado,7,1407000010098,14070140A,59,3003,3131,AP
Vehículo Privado,7,1407000010115,1407000010115,2,3005,3005,AP
Vehículo Privado,7,1407000010115,1407000130401,59,3005,3033,AP
Vehículo Privado,7,1407000010134,1409701151511,59,3007,5214,AP
Vehículo Privado,7,1407000010702,1403900011626,59,3015,133,AP
Vehículo Privado,7,1407000010702,1407000010702,59,3015,3015,AP
Vehículo Privado,7,1407000010702,1407000430308,125,3015,3097,AP
Vehículo Privado,7,1407000010702,1410100011516,59,3015,7099,AP
Vehículo Privado,7,1407000011058,141012552,59,3020,7231,AP
Vehículo Privado,7,1407000011058,1405100010054,59,3020,2002,AP
Vehículo Privado,7,1407000011058,1407000010702,59,3020,3015,AP
Vehículo Privado,7,1407000011058,14070140A,118,3020,3131,AP
Vehículo Privado,7,1407000011058,14097059A,59,3020,5241,AP
Vehículo Privado,7,1407000011503,1403900010651,59,3026,47,AP
Vehículo Privado,7,1407000011503,1405100010054,59,3026,2002,AP
Vehículo Privado,7,1407000011503,1409700250763,59,3026,5094,AP
Vehículo Privado,7,1407000130350,1407000010100,126,3031,3004,AP
Vehículo Privado,7,1407000130350,1407000130350,63,3031,3031,AP
Vehículo Privado,7,1407000130401,1407000140558,23,3033,3055,AP
Vehículo Privado,7,1407000130401,1409800010968,23,3033,6030,AP
Vehículo Privado,7,1407000130416,1403900011626,63,3034,133,AP
Vehículo Privado,7,1407000130416,1407000140223,63,3034,3045,AP
Vehículo Privado,7,1407000130420,1407000010100,63,3035,3004,AP
Vehículo Privado,7,1407000130435,1412000010405,63,3036,8011,AP
Vehículo Privado,7,1407000131448,1409800011824,192,3040,6091,AP
Vehículo Privado,7,1407000131486,1407000130327,96,3043,3030,AP
Vehículo Privado,7,1407000140219,1403900015559,189,3044,430,AP
Vehículo Privado,7,1407000140219,1409800012790,63,3044,6165,AP
Vehículo Privado,7,1407000140223,1403900011359,63,3045,111,AP
Vehículo Privado,7,1407000140223,1410100010927,63,3045,7050,AP
Vehículo Privado,7,1407000140276,140980243,23,3046,6237,AP
Vehículo Privado,7,1407000140276,1409800010385,23,3046,6015,AP
Vehículo Privado,7,1407000140276,140980001053A,23,3046,6019,AP
Vehículo Privado,7,1407000140346,1412000010405,63,3048,8011,AP
Vehículo Privado,7,1407000140488,1403900013980,63,3053,285,AP
Vehículo Privado,7,1407000140825,1412000013166,126,3059,8160,AP
Vehículo Privado,7,1407000140844,99999000A,63,3061,10002,AP
Vehículo Privado,7,1407000200079,140980001053A,59,3065,6019,AP
Vehículo Privado,7,1407000200191,1407000200191,59,3066,3066,AP
Vehículo Privado,7,1407000200191,1409700340250,59,3066,5156,AP
Vehículo Privado,7,1407000200191,1409701150886,118,3066,5211,AP
Vehículo Privado,7,1407000200204,1403900011147,59,3067,93,AP
Vehículo Privado,7,1407000200204,1407000010030,59,3067,3001,AP
Vehículo Privado,7,1407000200204,1407000200079,59,3067,3065,AP
Vehículo Privado,7,1407000200204,1410100010927,59,3067,7050,AP
Vehículo Privado,7,1407000200789,141012552,59,3072,7231,AP
Vehículo Privado,7,1407000200789,1405100010054,59,3072,2002,AP
Vehículo Privado,7,1407000200789,1407000010702,59,3072,3015,AP
Vehículo Privado,7,1407000200789,1407000430295,59,3072,3096,AP
Vehículo Privado,7,1407000200789,140700020126A,59,3072,3078,AP
Vehículo Privado,7,1407000200789,140700021101A,59,3072,3088,AP
Vehículo Privado,7,1407000200789,14070140A,118,3072,3131,AP
Vehículo Privado,7,1407000200789,14097059A,177,3072,5241,AP
Vehículo Privado,7,1407000200789,99999000A,59,3072,10002,AP
Vehículo Privado,7,1407000201236,1409708221969,59,3076,5268,AP
Vehículo Privado,7,1407000201382,1407000010030,59,3079,3001,AP
Vehículo Privado,7,1407000201382,1409700350138,59,3079,5169,AP
Vehículo Privado,7,1407000201397,140980243,59,3080,6237,AP
Vehículo Privado,7,1407000201397,141012552,118,3080,7231,AP
Vehículo Privado,7,1407000201397,1407000200789,177,3080,3072,AP
Vehículo Privado,7,1407000201397,1407000211005,59,3080,3087,AP
Vehículo Privado,7,1407000201397,99999000A,59,3080,10002,AP
Vehículo Privado,7,1407000210736,1403900015366,15,3082,412,AP
Vehículo Privado,7,1407000210736,1407000210736,30,3082,3082,AP
Vehículo Privado,7,1407000210736,1407000430647,15,3082,3102,AP
Vehículo Privado,7,1407000210736,1409700411263,30,3082,5193,AP
Vehículo Privado,7,1407000210736,1409800011608,15,3082,6074,AP
Vehículo Privado,7,1407000210736,1409800012095,15,3082,6108,AP
Vehículo Privado,7,1407000210736,140700021101A,15,3082,3088,AP
Vehículo Privado,7,1407000210736,99999000A,30,3082,10002,AP
Vehículo Privado,7,1407000210755,1407000210736,60,3084,3082,AP
Vehículo Privado,7,1407000210755,1409701800301,15,3084,5223,AP
Vehículo Privado,7,1407000210967,1403900013143,15,3086,233,AP
Vehículo Privado,7,1407000210967,1403900015366,15,3086,412,AP
Vehículo Privado,7,1407000210967,1410100010645,15,3086,7029,AP
Vehículo Privado,7,1407000211005,1410100312317,23,3087,7211,AP
Vehículo Privado,7,1407000211113,1407000010045,63,3091,3002,AP
Vehículo Privado,7,1407000211113,1407000140276,126,3091,3046,AP
Vehículo Privado,7,1407000211113,1407000201221,126,3091,3075,AP
Vehículo Privado,7,1407000211151,1403900013641,63,3093,255,AP
Vehículo Privado,7,1407000211151,1403900014705,63,3093,349,AP
Vehículo Privado,7,1407000211151,1409800012428,126,3093,6131,AP
Vehículo Privado,7,1407000211151,140980001053A,63,3093,6019,AP
Vehículo Privado,7,1407000430295,1403900011359,63,3096,111,AP
Vehículo Privado,7,1407000430295,1403900012573,63,3096,211,AP
Vehículo Privado,7,1407000430295,1407000140844,63,3096,3061,AP
Vehículo Privado,7,1407000430295,1407000430295,126,3096,3096,AP
Vehículo Privado,7,1407000430295,1409800010879,63,3096,6028,AP
Vehículo Privado,7,1407000430295,1409800012767,63,3096,6162,AP
Vehículo Privado,7,1407000430308,1407000430295,125,3097,3096,AP
Vehículo Privado,7,1407000430308,1407000430897,63,3097,3106,AP
Vehículo Privado,7,1407000430492,1407000431039,63,3098,3112,AP
Vehículo Privado,7,1407000430492,1409800011294,63,3098,6054,AP
Vehículo Privado,7,1407000430492,14070140A,126,3098,3131,AP
Vehículo Privado,7,1407000430651,140700014083A,15,3103,3060,AP
Vehículo Privado,7,1407000430806,1403900011429,15,3105,118,AP
Vehículo Privado,7,1407000430806,1403900015366,15,3105,412,AP
Vehículo Privado,7,1407000430897,1403900011626,63,3106,133,AP
Vehículo Privado,7,1407000430897,1407000430308,125,3106,3097,AP
Vehículo Privado,7,1407000431024,1403900011359,15,3111,111,AP
Vehículo Privado,7,1407000431024,1403900014584,15,3111,339,AP
Vehículo Privado,7,1407000431024,1407000431039,75,3111,3112,AP
Vehículo Privado,7,1407000431024,1409800011237,15,3111,6050,AP
Vehículo Privado,7,1407000431024,1409800011928,15,3111,6099,AP
Vehículo Privado,7,1407000431024,14097059A,15,3111,5241,AP
Vehículo Privado,7,1407000431024,99999000A,15,3111,10002,AP
Vehículo Privado,7,1407000431147,1409800012150,15,3115,6112,AP
Vehículo Privado,7,1407000431147,14070140A,15,3115,3131,AP
Vehículo Privado,7,1407000641306,999990005,59,3118,10004,AP
Vehículo Privado,7,1407000641306,1403900012588,59,3118,212,AP
Vehículo Privado,7,1407000641306,1407000201255,59,3118,3077,AP
Vehículo Privado,7,1407000641306,1407001111378,59,3118,3125,AP
Vehículo Privado,7,1407000641306,1409800012413,59,3118,6130,AP
Vehículo Privado,7,1407000641306,1410100010912,59,3118,7049,AP
Vehículo Privado,7,1407000641306,140700021101A,59,3118,3088,AP
Vehículo Privado,7,1407000641306,14070140A,59,3118,3131,AP
Vehículo Privado,7,1407001111310,1403900010670,59,3119,49,AP
Vehículo Privado,7,1407001111310,1407000010100,59,3119,3004,AP
Vehículo Privado,7,1407001111310,1407000010399,59,3119,3010,AP
Vehículo Privado,7,1407001111310,140700021101A,59,3119,3088,AP
Vehículo Privado,7,1407001111310,14097059A,118,3119,5241,AP
Vehículo Privado,7,1407001111325,1407000010030,59,3120,3001,AP
Vehículo Privado,7,1407001111325,1407000010384,59,3120,3009,AP
Vehículo Privado,7,1407001111325,140390001133A,59,3120,109,AP
Vehículo Privado,7,1407001111325,14070140A,177,3120,3131,AP
Vehículo Privado,7,1407001111325,99999000A,59,3120,10002,AP
Vehículo Privado,7,1407001111363,141240029,59,3124,9042,AP
Vehículo Privado,7,1407001111363,1403900011359,59,3124,111,AP
Vehículo Privado,7,1407001111363,1407000130401,59,3124,3033,AP
Vehículo Privado,7,1407001111363,1409800010879,59,3124,6028,AP
Vehículo Privado,7,1407001111363,1410100010927,59,3124,7050,AP
Vehículo Privado,7,1407001111363,99999000A,59,3124,10002,AP
Vehículo Privado,7,1407001211518,140701467,23,3127,3133,AP
Vehículo Privado,7,1407001211518,1403900013976,23,3127,284,AP
Vehículo Privado,7,1407001211518,1407000010045,23,3127,3002,AP
Vehículo Privado,7,1407001211518,1410100260683,46,3127,7197,AP
Vehículo Privado,7,1407001211518,1410100342463,23,3127,7215,AP
Vehículo Privado,7,1409700010195,1409700010195,75,5001,5001,AP
Vehículo Privado,7,1409700010195,1409700010941,15,5001,5012,AP
Vehículo Privado,7,1409700010195,1409700320481,15,5001,5140,AP
Vehículo Privado,7,1409700010208,140970015,15,5002,5060,AP
Vehículo Privado,7,1409700010208,1409700432613,15,5002,5204,AP
Vehículo Privado,7,1409700010212,1409700010528,54,5003,5005,AP
Vehículo Privado,7,1409700010212,1412000010814,54,5003,8022,AP
Vehículo Privado,7,1409700010528,1409700010212,216,5005,5003,AP
Vehículo Privado,7,1409700010532,1403900011626,54,5006,133,AP
Vehículo Privado,7,1409700010532,1409700010918,54,5006,5009,AP
Vehículo Privado,7,1409700010532,1409800010370,54,5006,6014,AP
Vehículo Privado,7,1409700010532,1409800012428,54,5006,6131,AP
Vehículo Privado,7,1409700010918,140970123,15,5009,5222,AP
Vehículo Privado,7,1409700010918,999990006,15,5009,10005,AP
Vehículo Privado,7,1409700010918,1403900010596,51,5009,42,AP
Vehículo Privado,7,1409700010918,1407000140346,63,5009,3048,AP
Vehículo Privado,7,1409700010918,1409700213857,19,5009,5082,AP
Vehículo Privado,7,1409700010918,1409700312789,15,5009,5133,AP
Vehículo Privado,7,1409700010918,1409700342505,15,5009,5165,AP
Vehículo Privado,7,1409700010918,1409700463876,15,5009,5207,AP
Vehículo Privado,7,1409700010918,1409708223077,15,5009,5279,AP
Vehículo Privado,7,1409700010918,1409708443804,15,5009,5350,AP
Vehículo Privado,7,1409700010918,140970005034A,15,5009,5036,AP
Vehículo Privado,7,1409700010918,141200001447A,15,5009,8256,AP
Vehículo Privado,7,1409700010922,1409700010212,15,5010,5003,AP
Vehículo Privado,7,1409700010922,1409700010918,15,5010,5009,AP
Vehículo Privado,7,1409700010922,1409700010922,15,5010,5010,AP
Vehículo Privado,7,1409700010922,1409700010941,15,5010,5012,AP
Vehículo Privado,7,1409700010922,1409700013113,15,5010,5031,AP
Vehículo Privado,7,1409700010922,1409700250354,66,5010,5087,AP
Vehículo Privado,7,1409700010922,1409700250477,15,5010,5091,AP
Vehículo Privado,7,1409700010922,1409700340848,15,5010,5160,AP
Vehículo Privado,7,1409700010922,1409708623414,15,5010,5366,AP
Vehículo Privado,7,1409700010922,1412000010706,15,5010,8020,AP
Vehículo Privado,7,1409700010937,999990006,15,5011,10005,AP
Vehículo Privado,7,1409700010937,1409700340250,15,5011,5156,AP
Vehículo Privado,7,1409700010937,1409700340373,30,5011,5157,AP
Vehículo Privado,7,1409700010941,1403900012183,15,5012,183,AP
Vehículo Privado,7,1409700010941,1409700010212,30,5012,5003,AP
Vehículo Privado,7,1409700010941,1409700010918,15,5012,5009,AP
Vehículo Privado,7,1409700010941,1409700010941,15,5012,5012,AP
Vehículo Privado,7,1409700010941,1409700012098,54,5012,5021,AP
Vehículo Privado,7,1409700010941,1409800010879,15,5012,6028,AP
Vehículo Privado,7,1409700010941,1412000013575,19,5012,8189,AP
Vehículo Privado,7,1409700012098,1409800011928,108,5021,6099,AP
Vehículo Privado,7,1409700012100,1409708222469,54,5022,5274,AP
Vehículo Privado,7,1409700012115,140970015,54,5023,5060,AP
Vehículo Privado,7,1409700012115,1403900013834,54,5023,271,AP
Vehículo Privado,7,1409700012115,1412000011009,54,5023,8029,AP
Vehículo Privado,7,1409700012134,140973679,54,5025,5390,AP
Vehículo Privado,7,1409700012134,1409700010918,54,5025,5009,AP
Vehículo Privado,7,1409700012134,1409700250369,54,5025,5088,AP
Vehículo Privado,7,1409700012134,1409708623414,54,5025,5366,AP
Vehículo Privado,7,1409700013113,140970104,15,5031,5209,AP
Vehículo Privado,7,1409700013113,1409700010918,30,5031,5009,AP
Vehículo Privado,7,1409700013113,1409700010922,15,5031,5010,AP
Vehículo Privado,7,1409700013113,1409700250354,15,5031,5087,AP
Vehículo Privado,7,1409700013113,1409700250369,15,5031,5088,AP
Vehículo Privado,7,1409700013113,1409700320053,15,5031,5135,AP
Vehículo Privado,7,1409700013113,1409704240443,15,5031,5228,AP
Vehículo Privado,7,1409700050335,1404400050257,19,5035,1024,AP
Vehículo Privado,7,1409700050335,1404400050261,19,5035,1025,AP
Vehículo Privado,7,1409700050335,1409700010212,19,5035,5003,AP
Vehículo Privado,7,1409700050335,1409700050335,38,5035,5035,AP
Vehículo Privado,7,1409700053147,1409700053166,19,5043,5045,AP
Vehículo Privado,7,1409700053147,1410100010927,19,5043,7050,AP
Vehículo Privado,7,1409700053147,1412401760160,19,5043,9051,AP
Vehículo Privado,7,1409700053147,140970005034A,57,5043,5036,AP
Vehículo Privado,7,1409700053151,14097059A,19,5044,5241,AP
Vehículo Privado,7,1409700053166,1409700010918,19,5045,5009,AP
Vehículo Privado,7,1409700053166,1409700050335,95,5045,5035,AP
Vehículo Privado,7,1409700053166,1409700050655,76,5045,5038,AP
Vehículo Privado,7,1409700053166,1409700053166,19,5045,5045,AP
Vehículo Privado,7,1409700053166,1409800011398,19,5045,6061,AP
Vehículo Privado,7,1409700053166,1409800011928,38,5045,6099,AP
Vehículo Privado,7,1409700053166,14097059A,19,5045,5241,AP
Vehículo Privado,7,1409700053166,99999000A,19,5045,10002,AP
Vehículo Privado,7,1409700053503,999990005,19,5047,10004,AP
Vehículo Privado,7,1409700053503,1409700053166,76,5047,5045,AP
Vehículo Privado,7,1409700053518,140972308,19,5048,5384,AP
Vehículo Privado,7,1409700053518,1409700050655,19,5048,5038,AP
Vehículo Privado,7,1409700053518,1409700150960,19,5048,5069,AP
Vehículo Privado,7,1409700053518,1409700350138,19,5048,5169,AP
Vehículo Privado,7,1409700053518,1409701150890,19,5048,5212,AP
Vehículo Privado,7,1409700053518,140970005034A,19,5048,5036,AP
Vehículo Privado,7,1409700053768,999990005,19,5050,10004,AP
Vehículo Privado,7,1409700053768,140970005034A,19,5050,5036,AP
Vehículo Privado,7,1409700092810,1403900011861,57,5051,155,AP
Vehículo Privado,7,1409700092810,1403900013321,57,5051,237,AP
Vehículo Privado,7,1409700092810,1412000011210,57,5051,8037,AP
Vehículo Privado,7,1409700092810,14097059A,114,5051,5241,AP
Vehículo Privado,7,1409700092844,140970005034A,57,5054,5036,AP
Vehículo Privado,7,1409700092863,1403900012554,57,5056,209,AP
Vehículo Privado,7,1409700092882,1409800010525,57,5058,6018,AP
Vehículo Privado,7,1409700150227,999990005,20,5061,10004,AP
Vehículo Privado,7,1409700150227,1409700010918,10,5061,5009,AP
Vehículo Privado,7,1409700150710,1409700010918,10,5066,5009,AP
Vehículo Privado,7,1409700150710,1409700152064,10,5066,5074,AP
Vehículo Privado,7,1409700150710,1412000015942,10,5066,8342,AP
Vehículo Privado,7,1409700150956,140973679,20,5068,5390,AP
Vehículo Privado,7,1409700150960,140440011,10,5069,1031,AP
Vehículo Privado,7,1409700150960,140970015,10,5069,5060,AP
Vehículo Privado,7,1409700150960,140970123,10,5069,5222,AP
Vehículo Privado,7,1409700150960,140973679,10,5069,5390,AP
Vehículo Privado,7,1409700150960,1403900011378,10,5069,113,AP
Vehículo Privado,7,1409700150960,1409700010212,10,5069,5003,AP
Vehículo Privado,7,1409700150960,1409700010918,10,5069,5009,AP
Vehículo Privado,7,1409700150960,1409700010922,20,5069,5010,AP
Vehículo Privado,7,1409700150960,1409700010941,10,5069,5012,AP
Vehículo Privado,7,1409700150960,1409700150956,10,5069,5068,AP
Vehículo Privado,7,1409700150960,1409700150960,30,5069,5069,AP
Vehículo Privado,7,1409700150960,1409708352721,10,5069,5322,AP
Vehículo Privado,7,1409700150960,1409708623414,10,5069,5366,AP
Vehículo Privado,7,1409700152064,1409700250354,10,5074,5087,AP
Vehículo Privado,7,1409700201013,1403900010308,51,5079,18,AP
Vehículo Privado,7,1409700201013,1403900011062,51,5079,85,AP
Vehículo Privado,7,1409700201013,1403900015652,51,5079,440,AP
Vehículo Privado,7,1409700201013,1409700010918,51,5079,5009,AP
Vehículo Privado,7,1409700201013,1409700201013,51,5079,5079,AP
Vehículo Privado,7,1409700201013,1409701801244,51,5079,5226,AP
Vehículo Privado,7,1409700201013,1409704240443,153,5079,5228,AP
Vehículo Privado,7,1409700201013,1409704241761,38,5079,5232,AP
Vehículo Privado,7,1409700201013,1409800012381,51,5079,6129,AP
Vehículo Privado,7,1409700201013,1412000010689,51,5079,8019,AP
Vehículo Privado,7,1409700201013,1412000011155,102,5079,8032,AP
Vehículo Privado,7,1409700201013,1412000012505,51,5079,8103,AP
Vehículo Privado,7,1409700201013,1412000013293,51,5079,8170,AP
Vehículo Privado,7,1409700201013,1412000014836,38,5079,8281,AP
Vehículo Privado,7,1409700201013,140700021101A,51,5079,3088,AP
Vehículo Privado,7,1409700213842,1403900010613,19,5081,44,AP
Vehículo Privado,7,1409700213842,1403900011556,19,5081,127,AP
Vehículo Privado,7,1409700213842,1403900014584,19,5081,339,AP
Vehículo Privado,7,1409700213842,1403900015366,19,5081,412,AP
Vehículo Privado,7,1409700213842,1409700010918,95,5081,5009,AP
Vehículo Privado,7,1409700213842,1409700010941,19,5081,5012,AP
Vehículo Privado,7,1409700213842,1409700201013,19,5081,5079,AP
Vehículo Privado,7,1409700213842,1409700250477,19,5081,5091,AP
Vehículo Privado,7,1409700213842,1409700340250,19,5081,5156,AP
Vehículo Privado,7,1409700213842,1409704240443,38,5081,5228,AP
Vehículo Privado,7,1409700213842,1412000010710,19,5081,8021,AP
Vehículo Privado,7,1409700213857,1403900011594,19,5082,131,AP
Vehículo Privado,7,1409700213857,1403900012003,19,5082,169,AP
Vehículo Privado,7,1409700213857,1409700010918,19,5082,5009,AP
Vehículo Privado,7,1409700213857,1409700010937,57,5082,5011,AP
Vehículo Privado,7,1409700213857,1409700201013,19,5082,5079,AP
Vehículo Privado,7,1409700213857,1409704241776,19,5082,5233,AP
Vehículo Privado,7,1409700213857,1412000010710,19,5082,8021,AP
Vehículo Privado,7,1409700213857,141200001340A,19,5082,8177,AP
Vehículo Privado,7,1409700233202,1409700010212,108,5085,5003,AP
Vehículo Privado,7,1409700250299,1403900011876,104,5086,156,AP
Vehículo Privado,7,1409700250299,1412000016739,104,5086,8385,AP
Vehículo Privado,7,1409700250354,999990006,51,5087,10005,AP
Vehículo Privado,7,1409700250354,1403900015366,51,5087,412,AP
Vehículo Privado,7,1409700250354,1403900015652,51,5087,440,AP
Vehículo Privado,7,1409700250354,1407000130401,51,5087,3033,AP
Vehículo Privado,7,1409700250354,1409700250354,51,5087,5087,AP
Vehículo Privado,7,1409700250354,1409700250462,51,5087,5090,AP
Vehículo Privado,7,1409700250354,1409700253560,51,5087,5128,AP
Vehículo Privado,7,1409700250354,1409700320053,102,5087,5135,AP
Vehículo Privado,7,1409700250354,1409700340373,51,5087,5157,AP
Vehículo Privado,7,1409700250354,1409704240443,102,5087,5228,AP
Vehículo Privado,7,1409700250354,1409704241761,51,5087,5232,AP
Vehículo Privado,7,1409700250354,1409800011928,51,5087,6099,AP
Vehículo Privado,7,1409700250354,1409800012042,51,5087,6105,AP
Vehículo Privado,7,1409700250354,1409800140027,51,5087,6217,AP
Vehículo Privado,7,1409700250354,1412000010706,51,5087,8020,AP
Vehículo Privado,7,1409700250354,1412000012505,102,5087,8103,AP
Vehículo Privado,7,1409700250354,140970025130A,51,5087,5106,AP
Vehículo Privado,7,1409700250369,999990006,204,5088,10005,AP
Vehículo Privado,7,1409700250369,1403900013641,51,5088,255,AP
Vehículo Privado,7,1409700250369,1403900015366,51,5088,412,AP
Vehículo Privado,7,1409700250369,1409700010918,51,5088,5009,AP
Vehículo Privado,7,1409700250369,1409700250763,51,5088,5094,AP
Vehículo Privado,7,1409700250369,1409700250797,102,5088,5097,AP
Vehículo Privado,7,1409700250369,1409700320180,51,5088,5136,AP
Vehículo Privado,7,1409700250369,1409700350138,51,5088,5169,AP
Vehículo Privado,7,1409700250369,1409708623414,51,5088,5366,AP
Vehículo Privado,7,1409700250369,1409800011928,102,5088,6099,AP
Vehículo Privado,7,1409700250369,1412000010706,102,5088,8020,AP
Vehículo Privado,7,1409700250462,1403900010863,51,5090,67,AP
Vehículo Privado,7,1409700250477,1412000015266,51,5091,8305,AP
Vehículo Privado,7,1409700250763,1403900011804,51,5094,149,AP
Vehículo Privado,7,1409700250763,1409700250354,51,5094,5087,AP
Vehículo Privado,7,1409700250763,1409700931028,51,5094,5208,AP
Vehículo Privado,7,1409700250763,1412000014198,51,5094,8228,AP
Vehículo Privado,7,1409700251418,1407001111378,51,5109,3125,AP
Vehículo Privado,7,1409700251418,1409700250354,561,5109,5087,AP
Vehículo Privado,7,1409700251418,1409700251418,153,5109,5109,AP
Vehículo Privado,7,1409700251418,1409701801244,51,5109,5226,AP
Vehículo Privado,7,1409700251418,1412000013293,51,5109,8170,AP
Vehículo Privado,7,1409700251456,1412000011278,104,5111,8039,AP
Vehículo Privado,7,1409700251456,1412000016584,104,5111,8375,AP
Vehículo Privado,7,1409700252399,1403900013694,104,5118,259,AP
Vehículo Privado,7,1409700252399,1409700010212,104,5118,5003,AP
Vehículo Privado,7,1409700252399,1412000010405,104,5118,8011,AP
Vehículo Privado,7,1409700312774,140970123,10,5132,5222,AP
Vehículo Privado,7,1409700312774,1409700010918,10,5132,5009,AP
Vehículo Privado,7,1409700312774,1409700312774,10,5132,5132,AP
Vehículo Privado,7,1409700312789,1409700312789,50,5133,5133,AP
Vehículo Privado,7,1409700320053,1403900011999,104,5135,168,AP
Vehículo Privado,7,1409700320284,1409704240443,104,5139,5228,AP
Vehículo Privado,7,1409700320284,1409800141114,104,5139,6218,AP
Vehículo Privado,7,1409700340250,999990001,19,5156,10006,AP
Vehículo Privado,7,1409700340250,1409700010195,38,5156,5001,AP
Vehículo Privado,7,1409700340250,1409700010918,57,5156,5009,AP
Vehículo Privado,7,1409700340250,1409700201013,57,5156,5079,AP
Vehículo Privado,7,1409700340250,1409700340250,133,5156,5156,AP
Vehículo Privado,7,1409700340250,1409700340388,38,5156,5158,AP
Vehículo Privado,7,1409700340373,1409700010918,19,5157,5009,AP
Vehículo Privado,7,1409700340373,1409700342505,19,5157,5165,AP
Vehículo Privado,7,1409700340388,1407000010045,19,5158,3002,AP
Vehículo Privado,7,1409700340388,1409700340250,19,5158,5156,AP
Vehículo Privado,7,1409700340388,1409700350138,19,5158,5169,AP
Vehículo Privado,7,1409700340388,1409700432628,19,5158,5205,AP
Vehículo Privado,7,1409700340388,1412000012505,19,5158,8103,AP
Vehículo Privado,7,1409700341352,1412000012505,19,5161,8103,AP
Vehículo Privado,7,1409700350138,1403900014673,96,5169,348,AP
Vehículo Privado,7,1409700350138,1409700350138,288,5169,5169,AP
Vehículo Privado,7,1409700350138,1409708312030,192,5169,5300,AP
Vehículo Privado,7,1409700350138,1409800011928,96,5169,6099,AP
Vehículo Privado,7,1409700350138,1412000012558,96,5169,8108,AP
Vehículo Privado,7,1409700350231,1409800010972,96,5170,6031,AP
Vehículo Privado,7,1409700353734,1409700201013,96,5178,5079,AP
Vehículo Privado,7,1409700353734,1409800011260,96,5178,6053,AP
Vehículo Privado,7,1409700353734,1409800012377,96,5178,6128,AP
Vehículo Privado,7,1409700353734,99999000A,96,5178,10002,AP
Vehículo Privado,7,1409700353772,1407000140276,96,5179,3046,AP
Vehículo Privado,7,1409700381827,1412000010405,242,5184,8011,AP
Vehículo Privado,7,1409700411259,141012552,57,5192,7231,AP
Vehículo Privado,7,1409700411259,1403900013603,57,5192,252,AP
Vehículo Privado,7,1409700411259,1407000140859,57,5192,3062,AP
Vehículo Privado,7,1409700411259,1409700411263,57,5192,5193,AP
Vehículo Privado,7,1409700411259,1409708623414,114,5192,5366,AP
Vehículo Privado,7,1409700411263,1403900012183,57,5193,183,AP
Vehículo Privado,7,1409700411263,1403900012605,114,5193,214,AP
Vehículo Privado,7,1409700411263,1403900013976,57,5193,284,AP
Vehículo Privado,7,1409700411263,140980001007A,57,5193,6004,AP
Vehículo Privado,7,1409700432613,999990001,19,5204,10006,AP
Vehículo Privado,7,1409700432613,1409700340250,38,5204,5156,AP
Vehículo Privado,7,1409700432613,1409700340388,38,5204,5158,AP
Vehículo Privado,7,1409700432628,999990001,38,5205,10006,AP
Vehículo Privado,7,1409700432628,1409700432613,38,5205,5204,AP
Vehículo Privado,7,1409701150890,14070140A,59,5212,3131,AP
Vehículo Privado,7,1409701151511,1407000010030,59,5214,3001,AP
Vehículo Privado,7,1409701151992,1407000010045,59,5215,3002,AP
Vehículo Privado,7,1409701151992,14097059A,59,5215,5241,AP
Vehículo Privado,7,1409701800301,1403900014584,29,5223,339,AP
Vehículo Privado,7,1409701800301,1409704241761,29,5223,5232,AP
Vehículo Privado,7,1409701800301,1412000012473,29,5223,8100,AP
Vehículo Privado,7,1409701800301,1412000012914,29,5223,8137,AP
Vehículo Privado,7,1409701800301,1412000013293,29,5223,8170,AP
Vehículo Privado,7,1409701800301,1412000014836,29,5223,8281,AP
Vehículo Privado,7,1409701800301,1412000016828,29,5223,8394,AP
Vehículo Privado,7,1409701800301,140390001457A,29,5223,338,AP
Vehículo Privado,7,1409704240570,1403900012427,38,5229,201,AP
Vehículo Privado,7,1409704240570,1412000014198,38,5229,8228,AP
Vehículo Privado,7,1409704240975,1403900010596,38,5230,42,AP
Vehículo Privado,7,1409704240975,1403900011289,38,5230,104,AP
Vehículo Privado,7,1409704240975,1403900011575,76,5230,129,AP
Vehículo Privado,7,1409704240975,1403900011626,38,5230,133,AP
Vehículo Privado,7,1409704240975,1403900015309,38,5230,406,AP
Vehículo Privado,7,1409704240975,1403900015652,76,5230,440,AP
Vehículo Privado,7,1409704240975,1412000010710,38,5230,8021,AP
Vehículo Privado,7,1409704240975,1412000010994,76,5230,8028,AP
Vehículo Privado,7,1409704240975,1412000014836,76,5230,8281,AP
Vehículo Privado,7,1409704241761,140980012,38,5232,6216,AP
Vehículo Privado,7,1409704241761,1407000200257,38,5232,3069,AP
Vehículo Privado,7,1409704241761,1409700010918,38,5232,5009,AP
Vehículo Privado,7,1409704241761,1409700201013,114,5232,5079,AP
Vehículo Privado,7,1409704241761,1409704241761,38,5232,5232,AP
Vehículo Privado,7,1409704241761,1409708352736,38,5232,5323,AP
Vehículo Privado,7,1409704241761,1409800010879,38,5232,6028,AP
Vehículo Privado,7,1409704241761,1409800011735,38,5232,6084,AP
Vehículo Privado,7,1409704241761,1409800012381,76,5232,6129,AP
Vehículo Privado,7,1409704241761,1412000010405,96,5232,8011,AP
Vehículo Privado,7,1409704241761,1412000012539,38,5232,8106,AP
Vehículo Privado,7,1409704241761,140970424098A,38,5232,5231,AP
Vehículo Privado,7,1409704241776,1409704240443,38,5233,5228,AP
Vehículo Privado,7,1409704241776,1409800011928,38,5233,6099,AP
Vehículo Privado,7,1409704241776,1409800012381,38,5233,6129,AP
Vehículo Privado,7,1409704241776,1412000010710,38,5233,8021,AP
Vehículo Privado,7,1409704393895,1403900013783,54,5235,266,AP
Vehículo Privado,7,1409705603467,1409800012428,104,5239,6131,AP
Vehículo Privado,7,1409705603467,1412002315887,104,5239,8489,AP
Vehículo Privado,7,1409706133927,999990005,94,5243,10004,AP
Vehículo Privado,7,1409706133927,1409800011928,94,5243,6099,AP
Vehículo Privado,7,1409706133927,1412000010636,282,5243,8015,AP
Vehículo Privado,7,1409706133931,1409700010212,94,5244,5003,AP
Vehículo Privado,7,1409706133931,1409708432651,94,5244,5335,AP
Vehículo Privado,7,1409706133931,1409800012042,94,5244,6105,AP
Vehículo Privado,7,1409706133946,1409800011928,282,5245,6099,AP
Vehículo Privado,7,1409707771780,999990005,57,5247,10004,AP
Vehículo Privado,7,1409707771780,140700014083A,57,5247,3060,AP
Vehículo Privado,7,1409707772365,140440011,57,5248,1031,AP
Vehículo Privado,7,1409707772365,1409700050655,57,5248,5038,AP
Vehículo Privado,7,1409707772365,1409800010120,57,5248,6008,AP
Vehículo Privado,7,1409707772365,140970005034A,57,5248,5036,AP
Vehículo Privado,7,1409708221530,140972308,242,5252,5384,AP
Vehículo Privado,7,1409708221530,1409700381812,242,5252,5183,AP
Vehículo Privado,7,1409708221530,1409708221530,484,5252,5252,AP
Vehículo Privado,7,1409708221530,1409708221579,242,5252,5256,AP
Vehículo Privado,7,1409708221530,1412401760160,3,5252,9051,AP
Vehículo Privado,7,1409708221530,99999000A,242,5252,10002,AP
Vehículo Privado,7,1409708221564,1409700381795,726,5255,5181,AP
Vehículo Privado,7,1409708221583,1409700053166,242,5257,5045,AP
Vehículo Privado,7,1409708221583,1409708823984,242,5257,5377,AP
Vehículo Privado,7,1409708221583,1409800011928,242,5257,6099,AP
Vehículo Privado,7,1409708221600,1409700201013,242,5259,5079,AP
Vehículo Privado,7,1409708221600,1410100012020,242,5259,7128,AP
Vehículo Privado,7,1409708221935,1409700010918,242,5265,5009,AP
Vehículo Privado,7,1409708222469,1407000010115,242,5274,3005,AP
Vehículo Privado,7,1409708223077,1409700010937,242,5279,5011,AP
Vehículo Privado,7,1409708223077,1409708221935,484,5279,5265,AP
Vehículo Privado,7,1409708223486,1409708221530,242,5283,5252,AP
Vehículo Privado,7,1409708223486,1409708221935,242,5283,5265,AP
Vehículo Privado,7,1409708223486,1410100010927,242,5283,7050,AP
Vehículo Privado,7,1409708223486,140980001053A,242,5283,6019,AP
Vehículo Privado,7,1409708223700,1409708221598,484,5287,5258,AP
Vehículo Privado,7,1409708234003,1409700250797,94,5291,5097,AP
Vehículo Privado,7,1409708234041,1409700340250,94,5292,5156,AP
Vehículo Privado,7,1409708311653,1403900011819,96,5297,150,AP
Vehículo Privado,7,1409708311653,1403900012145,96,5297,179,AP
Vehículo Privado,7,1409708311653,1409700010922,96,5297,5010,AP
Vehículo Privado,7,1409708311653,1412000010710,96,5297,8021,AP
Vehículo Privado,7,1409708311653,1412000014836,192,5297,8281,AP
Vehículo Privado,7,1409708312011,140972308,96,5298,5384,AP
Vehículo Privado,7,1409708312011,1407000130401,96,5298,3033,AP
Vehículo Privado,7,1409708312011,1407000140276,96,5298,3046,AP
Vehículo Privado,7,1409708312011,1409708311653,192,5298,5297,AP
Vehículo Privado,7,1409708312045,1409800013110,242,5301,6191,AP
Vehículo Privado,7,1409708332933,1403900011556,242,5316,127,AP
Vehículo Privado,7,1409708352721,1409700250763,54,5322,5094,AP
Vehículo Privado,7,1409708352721,1409800011928,54,5322,6099,AP
Vehículo Privado,7,1409708352721,141200001066A,54,5322,8018,AP
Vehículo Privado,7,1409708352736,1409700010918,54,5323,5009,AP
Vehículo Privado,7,1409708352736,140970023276A,54,5323,5084,AP
Vehículo Privado,7,1409708352740,1409700010937,54,5324,5011,AP
Vehículo Privado,7,1409708353378,1409700010918,54,5325,5009,AP
Vehículo Privado,7,1409708353378,140970005034A,54,5325,5036,AP
Vehículo Privado,7,1409708362793,1409708221579,94,5328,5256,AP
Vehículo Privado,7,1409708374200,140970602,242,5332,5242,AP
Vehículo Privado,7,1409708432647,1409708221530,188,5334,5252,AP
Vehículo Privado,7,1409708432666,1409708221530,94,5336,5252,AP
Vehículo Privado,7,1409708432666,1412000010636,188,5336,8015,AP
Vehículo Privado,7,1409708432670,1412000010636,94,5337,8015,AP
Vehículo Privado,7,1409708432670,1412002314179,94,5337,8478,AP
Vehículo Privado,7,1409708432702,1409700010208,94,5340,5002,AP
Vehículo Privado,7,1409708432702,1409700201013,94,5340,5079,AP
Vehículo Privado,7,1409708432702,1409800011631,94,5340,6075,AP
Vehículo Privado,7,1409708432702,1409800011928,94,5340,6099,AP
Vehículo Privado,7,1409708432702,140970884397A,94,5340,5380,AP
Vehículo Privado,7,1409708432717,1412000010636,564,5341,8015,AP
Vehículo Privado,7,1409708432952,1409700320265,470,5342,5137,AP
Vehículo Privado,7,1409708441687,1409700250814,104,5345,5099,AP
Vehículo Privado,7,1409708441687,1409708441687,19,5345,5345,AP
Vehículo Privado,7,1409708441704,1409700320053,104,5347,5135,AP
Vehículo Privado,7,1409708441704,1409800011256,104,5347,6052,AP
Vehículo Privado,7,1409708441704,1410100010946,104,5347,7052,AP
Vehículo Privado,7,1409708441704,1412000013166,104,5347,8160,AP
Vehículo Privado,7,1409708524179,99999000A,54,5353,10002,AP
Vehículo Privado,7,1409708524183,140973679,54,5354,5390,AP
Vehículo Privado,7,1409708614075,1403900013815,242,5361,269,AP
Vehículo Privado,7,1409708614075,1403900015366,242,5361,412,AP
Vehículo Privado,7,1409708614075,1409800011260,484,5361,6053,AP
Vehículo Privado,7,1409708622914,1409800141114,94,5363,6218,AP
Vehículo Privado,7,1409708622929,1403900011753,94,5364,145,AP
Vehículo Privado,7,1409708623414,1409700463876,188,5366,5207,AP
Vehículo Privado,7,1409708623414,1409708432647,94,5366,5334,AP
Vehículo Privado,7,1409708623414,1409708432651,94,5366,5335,AP
Vehículo Privado,7,1409708623414,1409708432670,160,5366,5337,AP
Vehículo Privado,7,1409708623414,1409800011928,188,5366,6099,AP
Vehículo Privado,7,1409708634145,141012552,57,5369,7231,AP
Vehículo Privado,7,1409708634145,999990004,57,5369,10001,AP
Vehículo Privado,7,1409708634145,1407000130401,114,5369,3033,AP
Vehículo Privado,7,1409708714056,999990001,96,5371,10006,AP
Vehículo Privado,7,1409708714056,1403900011359,96,5371,111,AP
Vehículo Privado,7,1409708744018,1409700350138,242,5374,5169,AP
Vehículo Privado,7,1409708744022,140972308,242,5375,5384,AP
Vehículo Privado,7,1409708744022,1409708744022,242,5375,5375,AP
Vehículo Privado,7,1409708744022,140980001167A,242,5375,6079,AP
Vehículo Privado,7,1409708843965,1409700010212,104,5379,5003,AP
Vehículo Privado,7,1409708843965,1409708441704,312,5379,5347,AP
Vehículo Privado,7,1409708843965,1409800012381,104,5379,6129,AP
Vehículo Privado,7,1409709033908,1409700010918,91,5381,5009,AP
Vehículo Privado,7,1409709033908,1409709033908,91,5381,5381,AP
Vehículo Privado,7,1409709033908,1409800012150,91,5381,6112,AP
Vehículo Privado,7,1409709033908,1412000011206,91,5381,8036,AP
Vehículo Privado,7,1409709033912,140972308,91,5382,5384,AP
Vehículo Privado,7,1409709033912,1403900011556,91,5382,127,AP
Vehículo Privado,7,1409709033912,1409800011928,91,5382,6099,AP
Vehículo Privado,7,1409800010046,1409800012165,492,6002,6113,AP
Vehículo Privado,7,1409800010084,1403900012677,246,6005,219,AP
Vehículo Privado,7,1409800010084,1412000015482,246,6005,8320,AP
Vehículo Privado,7,1409800010120,1409800011928,267,6008,6099,AP
Vehículo Privado,7,1409800010262,1409800010262,178,6009,6009,AP
Vehículo Privado,7,1409800010262,1409800010879,178,6009,6028,AP
Vehículo Privado,7,1409800010281,1409800011966,163,6010,6101,AP
Vehículo Privado,7,1409800010347,1403900011170,178,6012,96,AP
Vehículo Privado,7,1409800010347,140980001007A,178,6012,6004,AP
Vehículo Privado,7,1409800010370,1409700320053,23,6014,5135,AP
Vehículo Privado,7,1409800010370,1409700381808,23,6014,5182,AP
Vehículo Privado,7,1409800010370,1409800010525,23,6014,6018,AP
Vehículo Privado,7,1409800010370,1409800010879,23,6014,6028,AP
Vehículo Privado,7,1409800010370,1409800011928,46,6014,6099,AP
Vehículo Privado,7,1409800010370,1409800012589,163,6014,6147,AP
Vehículo Privado,7,1409800010370,1409800143159,69,6014,6228,AP
Vehículo Privado,7,1409800010370,1412000011032,23,6014,8030,AP
Vehículo Privado,7,1409800010370,141200001066A,23,6014,8018,AP
Vehículo Privado,7,1409800010506,1409800012413,246,6017,6130,AP
Vehículo Privado,7,1409800010525,1403900012427,48,6018,201,AP
Vehículo Privado,7,1409800010525,1409800010525,227,6018,6018,AP
Vehículo Privado,7,1409800010671,1409800010671,15,6021,6021,AP
Vehículo Privado,7,1409800010671,1409800010718,227,6021,6023,AP
Vehículo Privado,7,1409800010718,1407000130401,454,6023,3033,AP
Vehículo Privado,7,1409800010879,1410100260683,242,6028,7197,AP
Vehículo Privado,7,1409800010953,1409800011063,1068,6029,6037,AP
Vehículo Privado,7,1409800010953,1412000014836,178,6029,8281,AP
Vehículo Privado,7,1409800010968,1412000014732,178,6030,8276,AP
Vehículo Privado,7,1409800010987,1403900012573,163,6032,211,AP
Vehículo Privado,7,1409800010987,1403900014033,326,6032,290,AP
Vehículo Privado,7,1409800010987,1412000010405,163,6032,8011,AP
Vehículo Privado,7,1409800011044,1403900012304,178,6035,192,AP
Vehículo Privado,7,1409800011044,1403900012605,178,6035,214,AP
Vehículo Privado,7,1409800011078,1409800011684,356,6038,6080,AP
Vehículo Privado,7,1409800011078,1412000016601,178,6038,8377,AP
Vehículo Privado,7,1409800011097,1403900014743,178,6040,352,AP
Vehículo Privado,7,1409800011152,1409800011152,227,6042,6042,AP
Vehículo Privado,7,1409800011167,1409800010718,227,6043,6023,AP
Vehículo Privado,7,1409800011203,140972308,227,6047,5384,AP
Vehículo Privado,7,1409800011203,999990006,454,6047,10005,AP
Vehículo Privado,7,1409800011203,1412000011723,227,6047,8052,AP
Vehículo Privado,7,1409800011237,1409800011241,192,6050,6051,AP
Vehículo Privado,7,1409800011345,140390001400A,738,6056,287,AP
Vehículo Privado,7,1409800011379,1403900013641,178,6059,255,AP
Vehículo Privado,7,1409800011379,140980001007A,178,6059,6004,AP
Vehículo Privado,7,1409800011383,1403900015366,23,6060,412,AP
Vehículo Privado,7,1409800011383,1407000200257,46,6060,3069,AP
Vehículo Privado,7,1409800011383,1409800012254,23,6060,6121,AP
Vehículo Privado,7,1409800011383,99999000A,46,6060,10002,AP
Vehículo Privado,7,1409800011398,1403900011378,23,6061,113,AP
Vehículo Privado,7,1409800011398,1407000200257,23,6061,3069,AP
Vehículo Privado,7,1409800011398,1409800011398,23,6061,6061,AP
Vehículo Privado,7,1409800011398,1409800011576,23,6061,6072,AP
Vehículo Privado,7,1409800011398,140980001053A,24,6061,6019,AP
Vehículo Privado,7,1409800011398,99999000A,23,6061,10002,AP
Vehículo Privado,7,1409800011468,1412000013293,91,6066,8170,AP
Vehículo Privado,7,1409800011576,1403900011626,23,6072,133,AP
Vehículo Privado,7,1409800011576,1409800010031,23,6072,6001,AP
Vehículo Privado,7,1409800011576,1409800010718,23,6072,6023,AP
Vehículo Privado,7,1409800011576,1409800011383,23,6072,6060,AP
Vehículo Privado,7,1409800011576,1409800011398,23,6072,6061,AP
Vehículo Privado,7,1409800011576,1409800011576,92,6072,6072,AP
Vehículo Privado,7,1409800011576,1409800011608,23,6072,6074,AP
Vehículo Privado,7,1409800011576,1409800011877,46,6072,6096,AP
Vehículo Privado,7,1409800011608,1403900011556,178,6074,127,AP
Vehículo Privado,7,1409800011631,1403900011363,91,6075,112,AP
Vehículo Privado,7,1409800011646,1409800010281,91,6076,6010,AP
Vehículo Privado,7,1409800011684,1409800011256,182,6080,6052,AP
Vehículo Privado,7,1409800011684,1409800012150,91,6080,6112,AP
Vehículo Privado,7,1409800011716,140700021101A,63,6082,3088,AP
Vehículo Privado,7,1409800011769,1403900011753,178,6085,145,AP
Vehículo Privado,7,1409800011769,1403900013730,178,6085,263,AP
Vehículo Privado,7,1409800011769,1403900015366,178,6085,412,AP
Vehículo Privado,7,1409800011769,1410100010397,178,6085,7009,AP
Vehículo Privado,7,1409800011769,1410100010823,356,6085,7043,AP
Vehículo Privado,7,1409800011769,141010001147A,178,6085,7095,AP
Vehículo Privado,7,1409800011824,1409708623414,23,6091,5366,AP
Vehículo Privado,7,1409800011824,1409800010347,23,6091,6012,AP
Vehículo Privado,7,1409800011824,1409800011383,23,6091,6060,AP
Vehículo Privado,7,1409800011839,1403900012569,227,6092,210,AP
Vehículo Privado,7,1409800011928,1403900013783,163,6099,266,AP
Vehículo Privado,7,1409800011970,1409800010031,163,6102,6001,AP
Vehículo Privado,7,1409800012004,1410100011126,41,6104,7068,AP
Vehículo Privado,7,1409800012004,14070140A,41,6104,3131,AP
Vehículo Privado,7,1409800012042,1412000010405,38,6105,8011,AP
Vehículo Privado,7,1409800012112,1409800011928,23,6110,6099,AP
Vehículo Privado,7,1409800012112,1409800012112,23,6110,6110,AP
Vehículo Privado,7,1409800012112,1409800012381,46,6110,6129,AP
Vehículo Privado,7,1409800012112,140390001261A,23,6110,215,AP
Vehículo Privado,7,1409800012131,1403900013783,163,6111,266,AP
Vehículo Privado,7,1409800012131,1403900014546,91,6111,335,AP
Vehículo Privado,7,1409800012131,1409800012150,163,6111,6112,AP
Vehículo Privado,7,1409800012150,140980012,23,6112,6216,AP
Vehículo Privado,7,1409800012150,1403900010365,23,6112,23,AP
Vehículo Privado,7,1409800012150,1403900011170,23,6112,96,AP
Vehículo Privado,7,1409800012150,1403900011861,46,6112,155,AP
Vehículo Privado,7,1409800012150,1403900012145,23,6112,179,AP
Vehículo Privado,7,1409800012150,1403900013730,23,6112,263,AP
Vehículo Privado,7,1409800012150,1403900014052,23,6112,292,AP
Vehículo Privado,7,1409800012150,1403900015366,46,6112,412,AP
Vehículo Privado,7,1409800012150,1403900015402,23,6112,416,AP
Vehículo Privado,7,1409800012150,1409708332933,23,6112,5316,AP
Vehículo Privado,7,1409800012150,1409800010370,23,6112,6014,AP
Vehículo Privado,7,1409800012150,1409800011928,46,6112,6099,AP
Vehículo Privado,7,1409800012150,1409800011966,46,6112,6101,AP
Vehículo Privado,7,1409800012150,1409800012381,23,6112,6129,AP
Vehículo Privado,7,1409800012150,1409800140027,23,6112,6217,AP
Vehículo Privado,7,1409800012150,1412000011278,23,6112,8039,AP
Vehículo Privado,7,1409800012150,1412000012539,23,6112,8106,AP
Vehículo Privado,7,1409800012150,1412000014395,23,6112,8248,AP
Vehículo Privado,7,1409800012150,1412000016599,23,6112,8376,AP
Vehículo Privado,7,1409800012150,140390001101A,23,6112,81,AP
Vehículo Privado,7,1409800012165,1409800010046,246,6113,6002,AP
Vehículo Privado,7,1409800012254,1409800011260,178,6121,6053,AP
Vehículo Privado,7,1409800012254,1412400010495,178,6121,9031,AP
Vehículo Privado,7,1409800012273,1403900011359,178,6123,111,AP
Vehículo Privado,7,1409800012273,1409800010506,178,6123,6017,AP
Vehículo Privado,7,1409800012273,1410100010946,178,6123,7052,AP
Vehículo Privado,7,1409800012273,1410100011126,178,6123,7068,AP
Vehículo Privado,7,1409800012292,14070140A,163,6124,3131,AP
Vehículo Privado,7,1409800012292,140980001053A,163,6124,6019,AP
Vehículo Privado,7,1409800012377,1403900012427,163,6128,201,AP
Vehículo Privado,7,1409800012377,1403900012605,163,6128,214,AP
Vehículo Privado,7,1409800012377,1412000011723,163,6128,8052,AP
Vehículo Privado,7,1409800012428,1403900011005,246,6131,80,AP
Vehículo Privado,7,1409800012428,1403900013995,738,6131,286,AP
Vehículo Privado,7,1409800012428,1409800012428,155,6131,6131,AP
Vehículo Privado,7,1409800012428,1412000014198,246,6131,8228,AP
Vehículo Privado,7,1409800012432,140390001158A,227,6132,130,AP
Vehículo Privado,7,1409800012432,99999000A,227,6132,10002,AP
Vehículo Privado,7,1409800012555,1409704240443,23,6144,5228,AP
Vehículo Privado,7,1409800012574,1403900010596,163,6146,42,AP
Vehículo Privado,7,1409800012574,1409800010370,489,6146,6014,AP
Vehículo Privado,7,1409800012574,1409800011928,326,6146,6099,AP
Vehículo Privado,7,1409800012574,1409800012555,326,6146,6144,AP
Vehículo Privado,7,1409800012574,1409800141129,163,6146,6219,AP
Vehículo Privado,7,1409800012574,14070140A,163,6146,3131,AP
Vehículo Privado,7,1409800012574,140970180123A,163,6146,5225,AP
Vehículo Privado,7,1409800012589,1409800011928,163,6147,6099,AP
Vehículo Privado,7,1409800012589,1412000013575,163,6147,8189,AP
Vehículo Privado,7,1409800012625,1403900012183,178,6150,183,AP
Vehículo Privado,7,1409800012625,1403900012592,178,6150,213,AP
Vehículo Privado,7,1409800012625,1407000130401,178,6150,3033,AP
Vehículo Privado,7,1409800012625,1409800010351,178,6150,6013,AP
Vehículo Privado,7,1409800012625,140980001053A,178,6150,6019,AP
Vehículo Privado,7,1409800012663,1409800012150,69,6154,6112,AP
Vehículo Privado,7,1409800012663,1409800012659,23,6154,6153,AP
Vehículo Privado,7,1409800012663,1409800012911,46,6154,6175,AP
Vehículo Privado,7,1409800012663,1410100012020,23,6154,7128,AP
Vehículo Privado,7,1409800012663,141200001066A,46,6154,8018,AP
Vehículo Privado,7,1409800012697,1409708623414,91,6155,5366,AP
Vehículo Privado,7,1409800012697,1409800012733,182,6155,6159,AP
Vehículo Privado,7,1409800012697,141200001066A,91,6155,8018,AP
Vehículo Privado,7,1409800012714,1403900013143,91,6157,233,AP
Vehículo Privado,7,1409800012714,1403900015313,91,6157,407,AP
Vehículo Privado,7,1409800012714,1409700010918,91,6157,5009,AP
Vehículo Privado,7,1409800012714,1409700010922,91,6157,5010,AP
Vehículo Privado,7,1409800012714,1409800011260,91,6157,6053,AP
Vehículo Privado,7,1409800012714,1409800011699,91,6157,6081,AP
Vehículo Privado,7,1409800012714,1409800012733,637,6157,6159,AP
Vehículo Privado,7,1409800012729,1403900011791,91,6158,148,AP
Vehículo Privado,7,1409800012729,1409800012729,91,6158,6158,AP
Vehículo Privado,7,1409800012733,1403900013730,91,6159,263,AP
Vehículo Privado,7,1409800012733,1403900015012,91,6159,378,AP
Vehículo Privado,7,1409800012733,1409800012697,91,6159,6155,AP
Vehículo Privado,7,1409800012733,1409800012752,91,6159,6161,AP
Vehículo Privado,7,1409800012752,1403900012319,23,6161,193,AP
Vehículo Privado,7,1409800012752,1407000430295,23,6161,3096,AP
Vehículo Privado,7,1409800012752,1409800011928,23,6161,6099,AP
Vehículo Privado,7,1409800012752,1412000010405,23,6161,8011,AP
Vehículo Privado,7,1409800012786,1403900012605,356,6164,214,AP
Vehículo Privado,7,1409800012786,1412000012914,178,6164,8137,AP
Vehículo Privado,7,1409800012803,1409701801244,178,6166,5226,AP
Vehículo Privado,7,1409800012837,1409800012381,23,6169,6129,AP
Vehículo Privado,7,1409800012837,1409800142023,23,6169,6221,AP
Vehículo Privado,7,1409800012837,140700021101A,23,6169,3088,AP
Vehículo Privado,7,1409800012841,1403900011310,23,6170,107,AP
Vehículo Privado,7,1409800012841,1403900011359,46,6170,111,AP
Vehículo Privado,7,1409800012841,1403900012554,23,6170,209,AP
Vehículo Privado,7,1409800012841,1403900013783,23,6170,266,AP
Vehículo Privado,7,1409800012841,1403900014033,46,6170,290,AP
Vehículo Privado,7,1409800012841,1403900014550,23,6170,336,AP
Vehículo Privado,7,1409800012841,1403900015366,23,6170,412,AP
Vehículo Privado,7,1409800012841,1409800012150,69,6170,6112,AP
Vehículo Privado,7,1409800012841,1412000013170,23,6170,8161,AP
Vehículo Privado,7,1409800012841,1412000014395,23,6170,8248,AP
Vehículo Privado,7,1409800012841,140980001053A,23,6170,6019,AP
Vehículo Privado,7,1409800012841,141200001066A,23,6170,8018,AP
Vehículo Privado,7,1409800012860,1403900015328,23,6172,408,AP
Vehículo Privado,7,1409800012979,1403900012569,23,6179,210,AP
Vehículo Privado,7,1409800012979,1403900012728,46,6179,224,AP
Vehículo Privado,7,1409800012979,1403900014546,23,6179,335,AP
Vehículo Privado,7,1409800012979,1410100010927,23,6179,7050,AP
Vehículo Privado,7,1409800012979,1412000013185,46,6179,8162,AP
Vehículo Privado,7,1409800012983,1412000014501,23,6180,8259,AP
Vehículo Privado,7,1409800013055,141010001097A,41,6185,7055,AP
Vehículo Privado,7,1409800013182,1412000011757,178,6196,8054,AP
Vehículo Privado,7,1409800013214,1409701801244,96,6199,5226,AP
Vehículo Privado,7,1409800013214,1409800012752,96,6199,6161,AP
Vehículo Privado,7,1409800013290,14070140A,23,6204,3131,AP
Vehículo Privado,7,1409800013290,141200001066A,23,6204,8018,AP
Vehículo Privado,7,1409800013290,99999000A,23,6204,10002,AP
Vehículo Privado,7,1409800013375,1409800011646,91,6212,6076,AP
Vehículo Privado,7,1409800013375,1409800013267,91,6212,6201,AP
Vehículo Privado,7,1409800013394,1410100010433,41,6214,7011,AP
Vehículo Privado,7,1409800013394,1410100011592,41,6214,7104,AP
Vehículo Privado,7,1409800140027,1412000011460,104,6217,8044,AP
Vehículo Privado,7,1409800141114,140970602,104,6218,5242,AP
Vehículo Privado,7,1409800141129,1409700250354,51,6219,5087,AP
Vehículo Privado,7,1409800142019,999990006,208,6220,10005,AP
Vehículo Privado,7,1409800142127,1409700342079,104,6223,5163,AP
Vehículo Privado,7,1409800142127,1409704240443,104,6223,5228,AP
Vehículo Privado,7,1409800142127,1410100010931,104,6223,7051,AP
Vehículo Privado,7,1409800143159,1409700010918,19,6228,5009,AP
Vehículo Privado,7,1409800143159,1409800010370,23,6228,6014,AP
Vehículo Privado,7,1409800143229,1409800141129,104,6230,6219,AP
Vehículo Privado,7,1409800143229,1409800143229,104,6230,6230,AP
Vehículo Privado,7,1409801282875,1407000010045,91,6234,3002,AP
Vehículo Privado,7,1409801282875,1409800012131,182,6234,6111,AP
Vehículo Privado,7,1409801282875,1409800012697,91,6234,6155,AP
Vehículo Privado,7,1410100010147,1403900010543,18,7001,39,AP
Vehículo Privado,7,1410100010147,1403900010863,18,7001,67,AP
Vehículo Privado,7,1410100010147,1403900012145,18,7001,179,AP
Vehículo Privado,7,1410100010147,1410100010378,36,7001,7007,AP
Vehículo Privado,7,1410100010147,1410100010927,18,7001,7050,AP
Vehículo Privado,7,1410100010147,1412000011009,18,7001,8029,AP
Vehículo Privado,7,1410100010147,141010001097A,36,7001,7055,AP
Vehículo Privado,7,1410100010202,1403900011556,234,7004,127,AP
Vehículo Privado,7,1410100010310,1410100010433,144,7005,7011,AP
Vehículo Privado,7,1410100010310,1412000014836,144,7005,8281,AP
Vehículo Privado,7,1410100010378,1410100010378,234,7007,7007,AP
Vehículo Privado,7,1410100010397,1410100010147,109,7009,7001,AP
Vehículo Privado,7,1410100010397,1410100011997,109,7009,7125,AP
Vehículo Privado,7,1410100010452,141200142,41,7013,8459,AP
Vehículo Privado,7,1410100010452,1410100010679,41,7013,7031,AP
Vehículo Privado,7,1410100010471,1403900012592,41,7014,213,AP
Vehículo Privado,7,1410100010471,1410100010448,82,7014,7012,AP
Vehículo Privado,7,1410100010471,1410100011056,41,7014,7063,AP
Vehículo Privado,7,1410100010471,1410100272336,82,7014,7207,AP
Vehículo Privado,7,1410100010490,1410100010575,702,7016,7023,AP
Vehículo Privado,7,1410100010522,1403900011537,109,7019,126,AP
Vehículo Privado,7,1410100010522,1409800012150,109,7019,6112,AP
Vehículo Privado,7,1410100010537,1403900011927,18,7020,161,AP
Vehículo Privado,7,1410100010541,1410100010433,1404,7021,7011,AP
Vehículo Privado,7,1410100010594,140701467,109,7024,3133,AP
Vehículo Privado,7,1410100010594,1409800010031,109,7024,6001,AP
Vehículo Privado,7,1410100010594,1410100010490,109,7024,7016,AP
Vehículo Privado,7,1410100010594,1410100011997,436,7024,7125,AP
Vehículo Privado,7,1410100010630,1410100091465,109,7028,7151,AP
Vehículo Privado,7,1410100010679,141011959,41,7031,7229,AP
Vehículo Privado,7,1410100010679,1403900011999,41,7031,168,AP
Vehículo Privado,7,1410100010679,1410100010471,82,7031,7014,AP
Vehículo Privado,7,1410100010679,1410100010679,41,7031,7031,AP
Vehículo Privado,7,1410100010679,1410100011126,41,7031,7068,AP
Vehículo Privado,7,1410100010679,1410100092139,41,7031,7171,AP
Vehículo Privado,7,1410100010679,1412002314179,41,7031,8478,AP
Vehículo Privado,7,1410100010679,141010001097A,82,7031,7055,AP
Vehículo Privado,7,1410100010749,1403900015667,234,7036,441,AP
Vehículo Privado,7,1410100010768,1403900011359,234,7038,111,AP
Vehículo Privado,7,1410100010787,1410100010791,234,7040,7041,AP
Vehículo Privado,7,1410100010819,1410100010791,468,7042,7041,AP
Vehículo Privado,7,1410100010861,1410100011446,144,7046,7094,AP
Vehículo Privado,7,1410100010861,1410100342641,144,7046,7217,AP
Vehículo Privado,7,1410100010895,1409700350138,144,7048,5169,AP
Vehículo Privado,7,1410100010895,1409800010879,144,7048,6028,AP
Vehículo Privado,7,1410100010895,1409800011595,144,7048,6073,AP
Vehículo Privado,7,1410100010895,1412000011009,144,7048,8029,AP
Vehículo Privado,7,1410100010912,1403900011359,144,7049,111,AP
Vehículo Privado,7,1410100010927,1410100010927,95,7050,7050,AP
Vehículo Privado,7,1410100010931,1409800011519,144,7051,6069,AP
Vehículo Privado,7,1410100010931,1410100011997,432,7051,7125,AP
Vehículo Privado,7,1410100010946,1410100010927,144,7052,7050,AP
Vehículo Privado,7,1410100010946,141010001097A,144,7052,7055,AP
Vehículo Privado,7,1410100010950,1403900013961,144,7053,283,AP
Vehículo Privado,7,1410100010965,1403900012408,144,7054,200,AP
Vehículo Privado,7,1410100010965,1410100010965,144,7054,7054,AP
Vehículo Privado,7,1410100010999,1410100010931,288,7057,7051,AP
Vehículo Privado,7,1410100011037,1410100010895,144,7061,7048,AP
Vehículo Privado,7,1410100011037,1410100010912,144,7061,7049,AP
Vehículo Privado,7,1410100011075,1403900012183,246,7064,183,AP
Vehículo Privado,7,1410100011126,141010001097A,82,7068,7055,AP
Vehículo Privado,7,1410100011130,1410100010452,41,7069,7013,AP
Vehículo Privado,7,1410100011164,1409700340250,288,7072,5156,AP
Vehículo Privado,7,1410100011164,1410100011997,144,7072,7125,AP
Vehículo Privado,7,1410100011164,1412000010405,144,7072,8011,AP
Vehículo Privado,7,1410100011164,1412000011225,144,7072,8038,AP
Vehículo Privado,7,1410100011268,999990005,72,7078,10004,AP
Vehículo Privado,7,1410100011268,1403900010416,18,7078,28,AP
Vehículo Privado,7,1410100011268,1403900010435,18,7078,29,AP
Vehículo Privado,7,1410100011268,1403900010793,18,7078,60,AP
Vehículo Privado,7,1410100011268,1403900010859,54,7078,66,AP
Vehículo Privado,7,1410100011268,1403900013209,18,7078,235,AP
Vehículo Privado,7,1410100011268,1403900013730,18,7078,263,AP
Vehículo Privado,7,1410100011268,1403900014283,18,7078,314,AP
Vehículo Privado,7,1410100011268,1410100010147,108,7078,7001,AP
Vehículo Privado,7,1410100011268,1410100010397,54,7078,7009,AP
Vehículo Privado,7,1410100011268,1410100010490,18,7078,7016,AP
Vehículo Privado,7,1410100011268,1410100010931,18,7078,7051,AP
Vehículo Privado,7,1410100011268,1410100011268,54,7078,7078,AP
Vehículo Privado,7,1410100011268,1410100091465,18,7078,7151,AP
Vehículo Privado,7,1410100011268,1412000012276,18,7078,8080,AP
Vehículo Privado,7,1410100011268,141200001098A,18,7078,8027,AP
Vehículo Privado,7,1410100011272,1410100011272,18,7079,7079,AP
Vehículo Privado,7,1410100011272,141010001072A,18,7079,7034,AP
Vehículo Privado,7,1410100011357,1410100011056,246,7086,7063,AP
Vehículo Privado,7,1410100011395,140980001007A,246,7089,6004,AP
Vehículo Privado,7,1410100011446,1403900015671,246,7094,442,AP
Vehículo Privado,7,1410100011446,1410100011022,246,7094,7060,AP
Vehículo Privado,7,1410100011516,1410100312317,23,7099,7211,AP
Vehículo Privado,7,1410100011554,1409700010918,23,7100,5009,AP
Vehículo Privado,7,1410100011554,1409800010953,23,7100,6029,AP
Vehículo Privado,7,1410100011554,1409800011294,23,7100,6054,AP
Vehículo Privado,7,1410100011554,1410100011516,46,7100,7099,AP
Vehículo Privado,7,1410100011554,1410100260698,23,7100,7198,AP
Vehículo Privado,7,1410100011554,141010001097A,23,7100,7055,AP
Vehículo Privado,7,1410100011569,1409800010879,23,7101,6028,AP
Vehículo Privado,7,1410100011569,141010001097A,23,7101,7055,AP
Vehículo Privado,7,1410100011573,1410100010433,23,7102,7011,AP
Vehículo Privado,7,1410100011573,1410100010931,23,7102,7051,AP
Vehículo Privado,7,1410100011573,1410100011624,23,7102,7107,AP
Vehículo Privado,7,1410100011573,1412000011189,23,7102,8034,AP
Vehículo Privado,7,1410100011573,140980001007A,23,7102,6004,AP
Vehículo Privado,7,1410100011588,1410100010946,46,7103,7052,AP
Vehículo Privado,7,1410100011592,999990004,82,7104,10001,AP
Vehículo Privado,7,1410100011592,1403900012427,41,7104,201,AP
Vehículo Privado,7,1410100011592,1410100011573,82,7104,7102,AP
Vehículo Privado,7,1410100011639,1409800010991,178,7108,6033,AP
Vehículo Privado,7,1410100011766,141011959,288,7115,7229,AP
Vehículo Privado,7,1410100011982,1403900013088,109,7124,232,AP
Vehículo Privado,7,1410100011997,1403900011359,109,7125,111,AP
Vehículo Privado,7,1410100011997,1410100010147,109,7125,7001,AP
Vehículo Privado,7,1410100011997,1410100010397,218,7125,7009,AP
Vehículo Privado,7,1410100011997,1410100011997,109,7125,7125,AP
Vehículo Privado,7,1410100011997,1412000013293,109,7125,8170,AP
Vehículo Privado,7,1410100012054,1412000012971,144,7131,8143,AP
Vehículo Privado,7,1410100012603,1403900011147,144,7149,93,AP
Vehículo Privado,7,1410100012603,1410100011056,144,7149,7063,AP
Vehículo Privado,7,1410100012603,1412000011210,144,7149,8037,AP
Vehículo Privado,7,1410100091465,141011959,109,7151,7229,AP
Vehículo Privado,7,1410100091465,1403900011931,109,7151,162,AP
Vehículo Privado,7,1410100091465,1403900014936,109,7151,370,AP
Vehículo Privado,7,1410100091465,1410100011997,109,7151,7125,AP
Vehículo Privado,7,1410100091465,1410100091465,218,7151,7151,AP
Vehículo Privado,7,1410100091677,1410100010147,109,7155,7001,AP
Vehículo Privado,7,1410100091677,1410100011982,218,7155,7124,AP
Vehículo Privado,7,1410100091677,1410100091465,109,7155,7151,AP
Vehículo Privado,7,1410100091677,1412000010212,109,7155,8001,AP
Vehículo Privado,7,1410100091802,1410100091450,109,7159,7150,AP
Vehículo Privado,7,1410100091802,1412400010175,109,7159,9005,AP
Vehículo Privado,7,1410100091910,1403900011170,109,7163,96,AP
Vehículo Privado,7,1410100091910,1403900011556,109,7163,127,AP
Vehículo Privado,7,1410100091910,1403900013177,109,7163,234,AP
Vehículo Privado,7,1410100091910,1410100010927,109,7163,7050,AP
Vehículo Privado,7,1410100092143,1403900011378,109,7172,113,AP
Vehículo Privado,7,1410100092143,1403900011861,109,7172,155,AP
Vehículo Privado,7,1410100092143,1410100342463,109,7172,7215,AP
Vehículo Privado,7,1410100092181,1403900010863,109,7176,67,AP
Vehículo Privado,7,1410100092181,1403900012588,109,7176,212,AP
Vehículo Privado,7,1410100092181,1403900014936,109,7176,370,AP
Vehículo Privado,7,1410100092181,1410100010927,109,7176,7050,AP
Vehículo Privado,7,1410100092209,1403900013730,109,7178,263,AP
Vehículo Privado,7,1410100092209,1412000011009,109,7178,8029,AP
Vehículo Privado,7,1410100092209,1412000012280,109,7178,8081,AP
Vehículo Privado,7,1410100092209,1412000012632,109,7178,8114,AP
Vehículo Privado,7,1410100092209,141200001319A,109,7178,8163,AP
Vehículo Privado,7,1410100092213,1403900011170,109,7179,96,AP
Vehículo Privado,7,1410100092213,1409800010879,109,7179,6028,AP
Vehículo Privado,7,1410100092213,1410100011056,109,7179,7063,AP
Vehículo Privado,7,1410100092393,1403900011857,109,7185,154,AP
Vehículo Privado,7,1410100092393,1410100010927,109,7185,7050,AP
Vehículo Privado,7,1410100092393,1410100091465,109,7185,7151,AP
Vehículo Privado,7,1410100092393,141010001065A,109,7185,7030,AP
Vehículo Privado,7,1410100092410,1410100092209,218,7187,7178,AP
Vehículo Privado,7,1410100220113,1403900011999,144,7196,168,AP
Vehículo Privado,7,1410100220113,1410100010912,144,7196,7049,AP
Vehículo Privado,7,1410100220113,1410100380166,144,7196,7220,AP
Vehículo Privado,7,1410100260683,141240033,23,7197,9043,AP
Vehículo Privado,7,1410100260683,1403900011908,21,7197,159,AP
Vehículo Privado,7,1410100260683,1409800012199,23,7197,6115,AP
Vehículo Privado,7,1410100260683,1410100010927,23,7197,7050,AP
Vehículo Privado,7,1410100260683,1410100011592,23,7197,7104,AP
Vehículo Privado,7,1410100260683,1410100272355,23,7197,7209,AP
Vehículo Privado,7,1410100260683,1412400010175,23,7197,9005,AP
Vehículo Privado,7,1410100260698,999990005,115,7198,10004,AP
Vehículo Privado,7,1410100260698,1410100010927,46,7198,7050,AP
Vehículo Privado,7,1410100260698,140980001053A,23,7198,6019,AP
Vehículo Privado,7,1410100261709,1412400940387,23,7203,9048,AP
Vehículo Privado,7,1410100261709,141010001097A,23,7203,7055,AP
Vehículo Privado,7,1410100272336,140980001053A,69,7207,6019,AP
Vehículo Privado,7,1410100272340,1403900012605,23,7208,214,AP
Vehículo Privado,7,1410100272355,141010001097A,46,7209,7055,AP
Vehículo Privado,7,1410100312317,1407000200191,23,7211,3066,AP
Vehículo Privado,7,1410100312317,1407000211005,23,7211,3087,AP
Vehículo Privado,7,1410100312317,1409800010879,23,7211,6028,AP
Vehículo Privado,7,1410100312317,1410100010927,46,7211,7050,AP
Vehículo Privado,7,1410100312317,1410100011075,23,7211,7064,AP
Vehículo Privado,7,1410100312317,1410100011554,23,7211,7100,AP
Vehículo Privado,7,1410100312317,1410100260698,23,7211,7198,AP
Vehículo Privado,7,1410100312317,1410100272355,23,7211,7209,AP
Vehículo Privado,7,1410100312317,1412400940387,23,7211,9048,AP
Vehículo Privado,7,1410100312321,1403900012183,23,7212,183,AP
Vehículo Privado,7,1410100312321,1403900012592,23,7212,213,AP
Vehículo Privado,7,1410100312321,1407000010717,23,7212,3016,AP
Vehículo Privado,7,1410100341978,141012552,144,7214,7231,AP
Vehículo Privado,7,1410100341978,1410100011126,144,7214,7068,AP
Vehículo Privado,7,1410100342463,1410100010927,144,7215,7050,AP
Vehículo Privado,7,1410100342463,1410100342641,144,7215,7217,AP
Vehículo Privado,7,1410100342641,1410100010912,144,7217,7049,AP
Vehículo Privado,7,1410100342641,1410100010927,144,7217,7050,AP
Vehículo Privado,7,1410100342641,1410100342463,864,7217,7215,AP
Vehículo Privado,7,1410100342641,14070140A,144,7217,3131,AP
Vehículo Privado,7,1410100380132,1410100011094,144,7219,7066,AP
Vehículo Privado,7,1410101892656,1403900012554,288,7221,209,AP
Vehículo Privado,7,1410101892656,1409800010101,432,7221,6006,AP
Vehículo Privado,7,1410101892656,1410100010984,144,7221,7056,AP
Vehículo Privado,7,1410101892656,1412000011189,144,7221,8034,AP
Vehículo Privado,7,1410101902374,1403900011359,23,7224,111,AP
Vehículo Privado,7,1410101902374,1410100011573,23,7224,7102,AP
Vehículo Privado,7,1410101902374,1412000011206,23,7224,8036,AP
Vehículo Privado,7,1410101932694,1410100091465,109,7226,7151,AP
Vehículo Privado,7,1412000010212,1403900011804,110,8001,149,AP
Vehículo Privado,7,1412000010212,1412000012064,110,8001,8068,AP
Vehículo Privado,7,1412000010212,1412000012929,110,8001,8138,AP
Vehículo Privado,7,1412000010212,1412000013293,220,8001,8170,AP
Vehículo Privado,7,1412000010212,1412000014836,110,8001,8281,AP
Vehículo Privado,7,1412000010212,1412000016512,110,8001,8368,AP
Vehículo Privado,7,1412000010212,1412000016758,110,8001,8387,AP
Vehículo Privado,7,1412000010212,141200001098A,110,8001,8027,AP
Vehículo Privado,7,1412000010212,141200001319A,110,8001,8163,AP
Vehículo Privado,7,1412000010212,141200001326A,110,8001,8167,AP
Vehículo Privado,7,1412000010227,1412000011155,178,8002,8032,AP
Vehículo Privado,7,1412000010227,1412000013293,178,8002,8170,AP
Vehículo Privado,7,1412000010227,1412000014836,356,8002,8281,AP
Vehículo Privado,7,1412000010227,1412000015478,178,8002,8319,AP
Vehículo Privado,7,1412000010227,1412000016762,178,8002,8388,AP
Vehículo Privado,7,1412000010227,141200001027A,178,8002,8006,AP
Vehículo Privado,7,1412000010227,141200001326A,356,8002,8167,AP
Vehículo Privado,7,1412000010231,1403900010613,178,8003,44,AP
Vehículo Privado,7,1412000010231,1412000010231,178,8003,8003,AP
Vehículo Privado,7,1412000010231,1412000011206,178,8003,8036,AP
Vehículo Privado,7,1412000010231,1412000015374,178,8003,8315,AP
Vehículo Privado,7,1412000010265,1403900011077,178,8005,86,AP
Vehículo Privado,7,1412000010369,1403900015031,137,8008,380,AP
Vehículo Privado,7,1412000010369,1412000010392,137,8008,8010,AP
Vehículo Privado,7,1412000010405,1403900010308,178,8011,18,AP
Vehículo Privado,7,1412000010405,1403900010596,75,8011,42,AP
Vehículo Privado,7,1412000010405,1412000010265,119,8011,8005,AP
Vehículo Privado,7,1412000010405,1412000010405,697,8011,8011,AP
Vehículo Privado,7,1412000010405,1412000012613,178,8011,8112,AP
Vehículo Privado,7,1412000010405,1412000014573,178,8011,8266,AP
Vehículo Privado,7,1412000010547,1403900010609,75,8012,43,AP
Vehículo Privado,7,1412000010547,1412000010636,100,8012,8015,AP
Vehículo Privado,7,1412000010602,1409800011260,45,8013,6053,AP
Vehículo Privado,7,1412000010602,1412000010710,45,8013,8021,AP
Vehículo Privado,7,1412000010602,1412000011757,45,8013,8054,AP
Vehículo Privado,7,1412000010602,1412000012473,45,8013,8100,AP
Vehículo Privado,7,1412000010602,1412000015196,45,8013,8301,AP
Vehículo Privado,7,1412000010602,1412000017332,45,8013,8433,AP
Vehículo Privado,7,1412000010602,141200001657A,45,8013,8374,AP
Vehículo Privado,7,1412000010602,99999000A,45,8013,10002,AP
Vehículo Privado,7,1412000010617,141200142,673,8014,8459,AP
Vehículo Privado,7,1412000010617,1412000010617,110,8014,8014,AP
Vehículo Privado,7,1412000010617,1412000012914,220,8014,8137,AP
Vehículo Privado,7,1412000010617,1412000014836,110,8014,8281,AP
Vehículo Privado,7,1412000010617,1412000016743,110,8014,8386,AP
Vehículo Privado,7,1412000010617,1412000016758,110,8014,8387,AP
Vehículo Privado,7,1412000010617,1412001395995,110,8014,8458,AP
Vehículo Privado,7,1412000010617,1412002434713,110,8014,8517,AP
Vehículo Privado,7,1412000010636,1403900011594,100,8015,131,AP
Vehículo Privado,7,1412000010636,1403900012427,100,8015,201,AP
Vehículo Privado,7,1412000010636,1409700201013,100,8015,5079,AP
Vehículo Privado,7,1412000010636,1409708234003,188,8015,5291,AP
Vehículo Privado,7,1412000010636,1409708432702,94,8015,5340,AP
Vehículo Privado,7,1412000010636,1409708622914,94,8015,5363,AP
Vehículo Privado,7,1412000010636,1412000010547,100,8015,8012,AP
Vehículo Privado,7,1412000010636,1412000010636,288,8015,8015,AP
Vehículo Privado,7,1412000010636,1412000014198,100,8015,8228,AP
Vehículo Privado,7,1412000010640,1403900015652,267,8016,440,AP
Vehículo Privado,7,1412000010640,1409700320180,267,8016,5136,AP
Vehículo Privado,7,1412000010640,1412000012914,267,8016,8137,AP
Vehículo Privado,7,1412000010710,1412000012897,267,8021,8135,AP
Vehículo Privado,7,1412000010710,1412000014380,267,8021,8247,AP
Vehículo Privado,7,1412000010814,1403900010596,110,8022,42,AP
Vehículo Privado,7,1412000010814,1403900011556,110,8022,127,AP
Vehículo Privado,7,1412000010814,1409700411009,110,8022,5191,AP
Vehículo Privado,7,1412000010814,1412000013293,110,8022,8170,AP
Vehículo Privado,7,1412000010814,141200001098A,110,8022,8027,AP
Vehículo Privado,7,1412000010890,1403900010613,137,8023,44,AP
Vehículo Privado,7,1412000010890,1412000010617,137,8023,8014,AP
Vehículo Privado,7,1412000010890,1412000011206,137,8023,8036,AP
Vehículo Privado,7,1412000010890,1412000012609,137,8023,8111,AP
Vehículo Privado,7,1412000010918,1403900010312,137,8024,19,AP
Vehículo Privado,7,1412000010918,1403900010562,137,8024,40,AP
Vehículo Privado,7,1412000010918,1403900011448,137,8024,120,AP
Vehículo Privado,7,1412000010918,1412000010246,137,8024,8004,AP
Vehículo Privado,7,1412000010918,1412000012914,137,8024,8137,AP
Vehículo Privado,7,1412000010918,1412000014446,137,8024,8253,AP
Vehículo Privado,7,1412000010918,141200001098A,137,8024,8027,AP
Vehículo Privado,7,1412000010994,1412000014200,411,8028,8229,AP
Vehículo Privado,7,1412000011032,1412000013058,137,8030,8150,AP
Vehículo Privado,7,1412000011032,1412000015478,96,8030,8319,AP
Vehículo Privado,7,1412000011155,1403900010030,88,8032,2,AP
Vehículo Privado,7,1412000011155,1403900010295,88,8032,17,AP
Vehículo Privado,7,1412000011155,1403900010346,88,8032,21,AP
Vehículo Privado,7,1412000011155,1403900010613,88,8032,44,AP
Vehículo Privado,7,1412000011155,1403900010666,88,8032,48,AP
Vehículo Privado,7,1412000011155,1403900014546,88,8032,335,AP
Vehículo Privado,7,1412000011155,1409800011928,88,8032,6099,AP
Vehículo Privado,7,1412000011155,1412000010405,88,8032,8011,AP
Vehículo Privado,7,1412000011155,1412000012416,264,8032,8094,AP
Vehículo Privado,7,1412000011155,1412000012914,88,8032,8137,AP
Vehículo Privado,7,1412000011155,1412000013293,88,8032,8170,AP
Vehículo Privado,7,1412000011155,1412000014836,88,8032,8281,AP
Vehículo Privado,7,1412000011189,1403900010613,100,8034,44,AP
Vehículo Privado,7,1412000011189,1403900013656,100,8034,256,AP
Vehículo Privado,7,1412000011189,1403900015366,100,8034,412,AP
Vehículo Privado,7,1412000011189,1412000012990,100,8034,8145,AP
Vehículo Privado,7,1412000011189,1412000014836,100,8034,8281,AP
Vehículo Privado,7,1412000011189,1412000015266,100,8034,8305,AP
Vehículo Privado,7,1412000011193,141200142,88,8035,8459,AP
Vehículo Privado,7,1412000011193,1403900011359,88,8035,111,AP
Vehículo Privado,7,1412000011193,1409700250354,13,8035,5087,AP
Vehículo Privado,7,1412000011193,1412000010405,88,8035,8011,AP
Vehículo Privado,7,1412000011193,1412000011206,88,8035,8036,AP
Vehículo Privado,7,1412000011193,1412000011225,264,8035,8038,AP
Vehículo Privado,7,1412000011193,1412000011920,13,8035,8065,AP
Vehículo Privado,7,1412000011193,1412000012863,88,8035,8133,AP
Vehículo Privado,7,1412000011193,1412000012914,88,8035,8137,AP
Vehículo Privado,7,1412000011193,1412000013664,88,8035,8197,AP
Vehículo Privado,7,1412000011193,140980001007A,88,8035,6004,AP
Vehículo Privado,7,1412000011193,140980001053A,13,8035,6019,AP
Vehículo Privado,7,1412000011193,141200001447A,13,8035,8256,AP
Vehículo Privado,7,1412000011206,141205567,19,8036,8546,AP
Vehículo Privado,7,1412000011206,1403900011147,19,8036,93,AP
Vehículo Privado,7,1412000011206,1403900011804,19,8036,149,AP
Vehículo Privado,7,1412000011206,1403900012554,19,8036,209,AP
Vehículo Privado,7,1412000011206,1403900015366,38,8036,412,AP
Vehículo Privado,7,1412000011206,1403900015652,19,8036,440,AP
Vehículo Privado,7,1412000011206,1412000010547,19,8036,8012,AP
Vehículo Privado,7,1412000011206,1412000010710,19,8036,8021,AP
Vehículo Privado,7,1412000011206,1412000011206,19,8036,8036,AP
Vehículo Privado,7,1412000011206,1412000011278,19,8036,8039,AP
Vehículo Privado,7,1412000011206,1412000012948,19,8036,8140,AP
Vehículo Privado,7,1412000011206,1412000013217,19,8036,8165,AP
Vehículo Privado,7,1412000011206,1412000013293,19,8036,8170,AP
Vehículo Privado,7,1412000011206,1412000014836,38,8036,8281,AP
Vehículo Privado,7,1412000011206,1412002313823,19,8036,8469,AP
Vehículo Privado,7,1412000011206,141200001027A,19,8036,8006,AP
Vehículo Privado,7,1412000011206,141200001397A,19,8036,8216,AP
Vehículo Privado,7,1412000011210,1403900011170,264,8037,96,AP
Vehículo Privado,7,1412000011210,1403900011359,88,8037,111,AP
Vehículo Privado,7,1412000011210,1403900013586,88,8037,250,AP
Vehículo Privado,7,1412000011210,1410100010931,88,8037,7051,AP
Vehículo Privado,7,1412000011210,1412000011210,88,8037,8037,AP
Vehículo Privado,7,1412000011210,1412000012914,88,8037,8137,AP
Vehículo Privado,7,1412000011210,1412000014836,88,8037,8281,AP
Vehículo Privado,7,1412000011210,141200001066A,88,8037,8018,AP
Vehículo Privado,7,1412000011225,1403900010933,100,8038,73,AP
Vehículo Privado,7,1412000011225,1403900011359,100,8038,111,AP
Vehículo Privado,7,1412000011225,1407001111378,100,8038,3125,AP
Vehículo Privado,7,1412000011225,1409800013036,100,8038,6183,AP
Vehículo Privado,7,1412000011225,1412000015266,200,8038,8305,AP
Vehículo Privado,7,1412000011225,1412000015340,45,8038,8312,AP
Vehículo Privado,7,1412000011278,1403900011043,100,8039,84,AP
Vehículo Privado,7,1412000011278,1409800011928,100,8039,6099,AP
Vehículo Privado,7,1412000011278,141200001301A,100,8039,8147,AP
Vehículo Privado,7,1412000011282,1403900011147,100,8040,93,AP
Vehículo Privado,7,1412000011282,1403900011556,200,8040,127,AP
Vehículo Privado,7,1412000011282,1403900011861,100,8040,155,AP
Vehículo Privado,7,1412000011282,1409700931028,100,8040,5208,AP
Vehículo Privado,7,1412000011282,1412000010636,100,8040,8015,AP
Vehículo Privado,7,1412000011282,1412000010706,100,8040,8020,AP
Vehículo Privado,7,1412000011282,1412000010710,100,8040,8021,AP
Vehículo Privado,7,1412000011282,1412000012914,200,8040,8137,AP
Vehículo Privado,7,1412000011282,1412000012948,100,8040,8140,AP
Vehículo Privado,7,1412000011282,1412000013397,100,8040,8176,AP
Vehículo Privado,7,1412000011282,1412000014836,100,8040,8281,AP
Vehículo Privado,7,1412000011282,141200001066A,100,8040,8018,AP
Vehículo Privado,7,1412000011297,1403900010308,267,8041,18,AP
Vehículo Privado,7,1412000011297,1412000010640,267,8041,8016,AP
Vehículo Privado,7,1412000011297,1412000010689,534,8041,8019,AP
Vehículo Privado,7,1412000011297,1412000011278,534,8041,8039,AP
Vehículo Privado,7,1412000011297,1412000011297,801,8041,8041,AP
Vehículo Privado,7,1412000011297,1412000011418,267,8041,8042,AP
Vehículo Privado,7,1412000011297,1412000013594,267,8041,8190,AP
Vehículo Privado,7,1412000011441,1412000012558,534,8043,8108,AP
Vehículo Privado,7,1412000011460,1412000016300,267,8044,8360,AP
Vehículo Privado,7,1412000011526,1409700250369,38,8045,5088,AP
Vehículo Privado,7,1412000011526,1412000012454,38,8045,8098,AP
Vehículo Privado,7,1412000011526,1412000012952,38,8045,8141,AP
Vehículo Privado,7,1412000011579,1412007570439,59,8046,8529,AP
Vehículo Privado,7,1412000011653,1412000010617,274,8049,8014,AP
Vehículo Privado,7,1412000011653,1412000014821,137,8049,8280,AP
Vehículo Privado,7,1412000011687,1412000014520,49,8050,8261,AP
Vehículo Privado,7,1412000011723,999990005,267,8052,10004,AP
Vehículo Privado,7,1412000011795,1412000010405,890,8055,8011,AP
Vehículo Privado,7,1412000011812,1412000013518,178,8057,8186,AP
Vehículo Privado,7,1412000011850,1403900015648,178,8059,439,AP
Vehículo Privado,7,1412000011850,1412000012384,178,8059,8091,AP
Vehículo Privado,7,1412000011920,1409800012381,13,8065,6129,AP
Vehículo Privado,7,1412000011920,1412002312026,267,8065,8465,AP
Vehículo Privado,7,1412000011935,1409800011097,534,8066,6040,AP
Vehículo Privado,7,1412000011935,1412000011920,267,8066,8065,AP
Vehículo Privado,7,1412000012134,1403900010859,96,8071,66,AP
Vehículo Privado,7,1412000012134,1409800011608,96,8071,6074,AP
Vehículo Privado,7,1412000012172,1412000016550,96,8072,8372,AP
Vehículo Privado,7,1412000012204,1403900010613,95,8073,44,AP
Vehículo Privado,7,1412000012204,1403900011096,95,8073,88,AP
Vehículo Privado,7,1412000012204,1412000010975,95,8073,8026,AP
Vehículo Privado,7,1412000012204,1412000012280,95,8073,8081,AP
Vehículo Privado,7,1412000012204,1412000014836,95,8073,8281,AP
Vehículo Privado,7,1412000012204,1412000016550,95,8073,8372,AP
Vehículo Privado,7,1412000012204,141200001027A,190,8073,8006,AP
Vehículo Privado,7,1412000012219,1403900014298,96,8074,315,AP
Vehículo Privado,7,1412000012219,1412000014200,96,8074,8229,AP
Vehículo Privado,7,1412000012219,1412000014889,96,8074,8286,AP
Vehículo Privado,7,1412000012219,140390001158A,96,8074,130,AP
Vehículo Privado,7,1412000012242,1412000012242,96,8077,8077,AP
Vehículo Privado,7,1412000012242,140980001053A,137,8077,6019,AP
Vehículo Privado,7,1412000012257,1412000010937,137,8078,8025,AP
Vehículo Privado,7,1412000012257,1412000011206,96,8078,8036,AP
Vehículo Privado,7,1412000012257,1412000012257,96,8078,8078,AP
Vehículo Privado,7,1412000012280,1412000012628,137,8081,8113,AP
Vehículo Privado,7,1412000012280,1412000012929,137,8081,8138,AP
Vehículo Privado,7,1412000012280,1412000015177,48,8081,8299,AP
Vehículo Privado,7,1412000012280,1412000016423,137,8081,8364,AP
Vehículo Privado,7,1412000012295,1403900015366,98,8082,412,AP
Vehículo Privado,7,1412000012295,1412000010710,98,8082,8021,AP
Vehículo Privado,7,1412000012295,99999000A,49,8082,10002,AP
Vehículo Privado,7,1412000012312,1412002315887,49,8084,8489,AP
Vehículo Privado,7,1412000012346,1403900013586,137,8087,250,AP
Vehículo Privado,7,1412000012350,1403900011043,88,8088,84,AP
Vehículo Privado,7,1412000012350,1403900011170,88,8088,96,AP
Vehículo Privado,7,1412000012350,1403900013143,88,8088,233,AP
Vehículo Privado,7,1412000012350,1409800011928,88,8088,6099,AP
Vehículo Privado,7,1412000012350,1412000010617,88,8088,8014,AP
Vehículo Privado,7,1412000012350,1412000015478,88,8088,8319,AP
Vehículo Privado,7,1412000012350,1412002434709,176,8088,8516,AP
Vehículo Privado,7,1412000012399,1410100010382,96,8092,7008,AP
Vehículo Privado,7,1412000012401,140390001350A,96,8093,243,AP
Vehículo Privado,7,1412000012420,1412000011278,200,8095,8039,AP
Vehículo Privado,7,1412000012420,1412000013575,200,8095,8189,AP
Vehículo Privado,7,1412000012435,141200001422A,137,8096,8231,AP
Vehículo Privado,7,1412000012454,1403900011043,76,8098,84,AP
Vehículo Privado,7,1412000012454,1403900012130,38,8098,178,AP
Vehículo Privado,7,1412000012454,1409701801244,38,8098,5226,AP
Vehículo Privado,7,1412000012454,1409800010296,38,8098,6011,AP
Vehículo Privado,7,1412000012454,1409800010879,38,8098,6028,AP
Vehículo Privado,7,1412000012454,1412000015552,114,8098,8325,AP
Vehículo Privado,7,1412000012469,1403900014565,38,8099,337,AP
Vehículo Privado,7,1412000012469,1409800012856,38,8099,6171,AP
Vehículo Privado,7,1412000012469,1412000012454,38,8099,8098,AP
Vehículo Privado,7,1412000012473,141205567,29,8100,8546,AP
Vehículo Privado,7,1412000012473,999990006,29,8100,10005,AP
Vehículo Privado,7,1412000012473,1403900011359,58,8100,111,AP
Vehículo Privado,7,1412000012473,1403900012554,29,8100,209,AP
Vehículo Privado,7,1412000012473,1403900013321,116,8100,237,AP
Vehículo Privado,7,1412000012473,1403900013656,58,8100,256,AP
Vehículo Privado,7,1412000012473,1403900015366,29,8100,412,AP
Vehículo Privado,7,1412000012473,1409700010918,29,8100,5009,AP
Vehículo Privado,7,1412000012473,1409700320180,29,8100,5136,AP
Vehículo Privado,7,1412000012473,1409701800301,58,8100,5223,AP
Vehículo Privado,7,1412000012473,1409800011928,145,8100,6099,AP
Vehículo Privado,7,1412000012473,1409800141114,29,8100,6218,AP
Vehículo Privado,7,1412000012473,1412000010405,58,8100,8011,AP
Vehículo Privado,7,1412000012473,1412000011225,29,8100,8038,AP
Vehículo Privado,7,1412000012473,1412000011460,29,8100,8044,AP
Vehículo Privado,7,1412000012473,1412000012505,116,8100,8103,AP
Vehículo Privado,7,1412000012473,1412000013128,29,8100,8156,AP
Vehículo Privado,7,1412000012473,1412000013293,29,8100,8170,AP
Vehículo Privado,7,1412000012473,1412000014198,29,8100,8228,AP
Vehículo Privado,7,1412000012473,1412000014836,29,8100,8281,AP
Vehículo Privado,7,1412000012473,14097059A,29,8100,5241,AP
Vehículo Privado,7,1412000012488,1403900015309,29,8101,406,AP
Vehículo Privado,7,1412000012488,1409700250354,29,8101,5087,AP
Vehículo Privado,7,1412000012488,1409700250763,29,8101,5094,AP
Vehículo Privado,7,1412000012488,1409704241761,58,8101,5232,AP
Vehículo Privado,7,1412000012488,1409800011928,29,8101,6099,AP
Vehículo Privado,7,1412000012488,1409800012381,58,8101,6129,AP
Vehículo Privado,7,1412000012488,1412000010706,58,8101,8020,AP
Vehículo Privado,7,1412000012488,1412000012488,29,8101,8101,AP
Vehículo Privado,7,1412000012488,1412000012505,29,8101,8103,AP
Vehículo Privado,7,1412000012488,1412000013518,29,8101,8186,AP
Vehículo Privado,7,1412000012488,1412000014836,58,8101,8281,AP
Vehículo Privado,7,1412000012488,1412000015270,29,8101,8306,AP
Vehículo Privado,7,1412000012488,1412000016584,174,8101,8375,AP
Vehículo Privado,7,1412000012488,140390001457A,29,8101,338,AP
Vehículo Privado,7,1412000012488,141200001066A,29,8101,8018,AP
Vehículo Privado,7,1412000012492,1403900010350,29,8102,22,AP
Vehículo Privado,7,1412000012492,1403900011556,29,8102,127,AP
Vehículo Privado,7,1412000012492,1403900011804,29,8102,149,AP
Vehículo Privado,7,1412000012492,1409700201013,116,8102,5079,AP
Vehículo Privado,7,1412000012492,1409701800301,29,8102,5223,AP
Vehículo Privado,7,1412000012492,1409800011928,29,8102,6099,AP
Vehículo Privado,7,1412000012492,1412000010655,29,8102,8017,AP
Vehículo Privado,7,1412000012492,1412000013575,29,8102,8189,AP
Vehículo Privado,7,1412000012492,1412000014516,29,8102,8260,AP
Vehículo Privado,7,1412000012492,141200001066A,29,8102,8018,AP
Vehículo Privado,7,1412000012505,141200142,29,8103,8459,AP
Vehículo Privado,7,1412000012505,1403900010350,29,8103,22,AP
Vehículo Privado,7,1412000012505,1409700250763,29,8103,5094,AP
Vehículo Privado,7,1412000012505,1409800012428,29,8103,6131,AP
Vehículo Privado,7,1412000012505,1412000012473,58,8103,8100,AP
Vehículo Privado,7,1412000012505,1412000014431,29,8103,8252,AP
Vehículo Privado,7,1412000012505,1412000014605,29,8103,8269,AP
Vehículo Privado,7,1412000012505,140390001101A,29,8103,81,AP
Vehículo Privado,7,1412000012505,141200001066A,58,8103,8018,AP
Vehículo Privado,7,1412000012539,1412000014501,38,8106,8259,AP
Vehículo Privado,7,1412000012539,1412000014516,38,8106,8260,AP
Vehículo Privado,7,1412000012562,1403900015366,23,8109,412,AP
Vehículo Privado,7,1412000012562,141200001237A,267,8109,8090,AP
Vehículo Privado,7,1412000012609,1412000016902,110,8111,8402,AP
Vehículo Privado,7,1412000012628,1412000015478,202,8113,8319,AP
Vehículo Privado,7,1412000012666,1412000012666,95,8117,8117,AP
Vehículo Privado,7,1412000012666,141200001422A,178,8117,8231,AP
Vehículo Privado,7,1412000012670,1403900010613,178,8118,44,AP
Vehículo Privado,7,1412000012670,141200001244A,178,8118,8097,AP
Vehículo Privado,7,1412000012755,1403900011397,96,8124,115,AP
Vehículo Privado,7,1412000012755,1412000013043,96,8124,8149,AP
Vehículo Privado,7,1412000012755,1412002065054,96,8124,8462,AP
Vehículo Privado,7,1412000012789,1410100091520,96,8126,7152,AP
Vehículo Privado,7,1412000012789,141200001098A,96,8126,8027,AP
Vehículo Privado,7,1412000012789,141200001372A,96,8126,8203,AP
Vehículo Privado,7,1412000012793,141200087,288,8127,8452,AP
Vehículo Privado,7,1412000012793,1403900010115,48,8127,6,AP
Vehículo Privado,7,1412000012793,1403900014071,48,8127,294,AP
Vehículo Privado,7,1412000012793,1412000010265,48,8127,8005,AP
Vehículo Privado,7,1412000012793,1412000010814,144,8127,8022,AP
Vehículo Privado,7,1412000012793,1412000011634,48,8127,8047,AP
Vehículo Privado,7,1412000012793,1412000012280,144,8127,8081,AP
Vehículo Privado,7,1412000012793,1412000015548,48,8127,8324,AP
Vehículo Privado,7,1412000012793,141200001664A,48,8127,8381,AP
Vehículo Privado,7,1412000012806,1409708221901,48,8128,5262,AP
Vehículo Privado,7,1412000012825,1412000011846,96,8130,8058,AP
Vehículo Privado,7,1412000012825,141200001664A,192,8130,8381,AP
Vehículo Privado,7,1412000012863,1403900011293,19,8133,105,AP
Vehículo Privado,7,1412000012863,1403900011310,19,8133,107,AP
Vehículo Privado,7,1412000012863,1403900011359,19,8133,111,AP
Vehículo Privado,7,1412000012863,1403900014584,19,8133,339,AP
Vehículo Privado,7,1412000012863,1412000012863,19,8133,8133,AP
Vehículo Privado,7,1412000012863,1412000016724,19,8133,8384,AP
Vehículo Privado,7,1412000012863,1412000017309,49,8133,8430,AP
Vehículo Privado,7,1412000012897,1409701801244,267,8135,5226,AP
Vehículo Privado,7,1412000012897,1412000016828,267,8135,8394,AP
Vehículo Privado,7,1412000012897,141200001066A,534,8135,8018,AP
Vehículo Privado,7,1412000012914,1403900010308,88,8137,18,AP
Vehículo Privado,7,1412000012914,1403900010435,222,8137,29,AP
Vehículo Privado,7,1412000012914,1403900010685,88,8137,50,AP
Vehículo Privado,7,1412000012914,1403900011556,88,8137,127,AP
Vehículo Privado,7,1412000012914,1403900012183,88,8137,183,AP
Vehículo Privado,7,1412000012914,1412000010405,88,8137,8011,AP
Vehículo Privado,7,1412000012914,1412000012914,616,8137,8137,AP
Vehículo Privado,7,1412000012914,1412000013293,88,8137,8170,AP
Vehículo Privado,7,1412000012914,1412000014198,88,8137,8228,AP
Vehículo Privado,7,1412000012914,1412000014605,88,8137,8269,AP
Vehículo Privado,7,1412000012914,141200001098A,88,8137,8027,AP
Vehículo Privado,7,1412000012914,141200001187A,264,8137,8061,AP
Vehículo Privado,7,1412000012929,1403900010238,137,8138,13,AP
Vehículo Privado,7,1412000012933,1412000013236,137,8139,8166,AP
Vehículo Privado,7,1412000012948,1403900011556,176,8140,127,AP
Vehículo Privado,7,1412000012948,1403900011753,88,8140,145,AP
Vehículo Privado,7,1412000012948,1412000010640,176,8140,8016,AP
Vehículo Privado,7,1412000012948,1412000012914,88,8140,8137,AP
Vehículo Privado,7,1412000012952,1412000014836,100,8141,8281,AP
Vehículo Privado,7,1412000012967,141205567,100,8142,8546,AP
Vehículo Privado,7,1412000012967,141200001066A,100,8142,8018,AP
Vehículo Privado,7,1412000012971,1403900011289,200,8143,104,AP
Vehículo Privado,7,1412000012971,1412000012914,100,8143,8137,AP
Vehículo Privado,7,1412000012971,1412000014836,100,8143,8281,AP
Vehículo Privado,7,1412000012971,1412000015270,200,8143,8306,AP
Vehículo Privado,7,1412000012986,1403900011043,75,8144,84,AP
Vehículo Privado,7,1412000013005,1403900011556,300,8146,127,AP
Vehículo Privado,7,1412000013005,1412000011206,100,8146,8036,AP
Vehículo Privado,7,1412000013005,1412000015266,100,8146,8305,AP
Vehículo Privado,7,1412000013039,1412000010918,96,8148,8024,AP
Vehículo Privado,7,1412000013039,1412000014198,96,8148,8228,AP
Vehículo Privado,7,1412000013043,1403900014071,137,8149,294,AP
Vehículo Privado,7,1412000013043,140390001101A,137,8149,81,AP
Vehículo Privado,7,1412000013062,1412000010265,137,8151,8005,AP
Vehículo Privado,7,1412000013077,1412000013062,137,8152,8151,AP
Vehículo Privado,7,1412000013077,1412000014215,137,8152,8230,AP
Vehículo Privado,7,1412000013113,1412000012346,96,8155,8087,AP
Vehículo Privado,7,1412000013132,1403900011753,267,8157,145,AP
Vehículo Privado,7,1412000013147,1409704241761,267,8158,5232,AP
Vehículo Privado,7,1412000013147,141200001066A,267,8158,8018,AP
Vehículo Privado,7,1412000013166,1403900013321,300,8160,237,AP
Vehículo Privado,7,1412000013166,1412000016828,100,8160,8394,AP
Vehículo Privado,7,1412000013166,1412000016832,110,8160,8395,AP
Vehículo Privado,7,1412000013166,141200001066A,600,8160,8018,AP
Vehículo Privado,7,1412000013170,1403900011170,100,8161,96,AP
Vehículo Privado,7,1412000013170,1412000010405,200,8161,8011,AP
Vehículo Privado,7,1412000013170,1412000012384,200,8161,8091,AP
Vehículo Privado,7,1412000013170,1412000014342,100,8161,8243,AP
Vehículo Privado,7,1412000013170,1412000015266,100,8161,8305,AP
Vehículo Privado,7,1412000013170,140390001005A,75,8161,3,AP
Vehículo Privado,7,1412000013185,1412000013378,178,8162,8174,AP
Vehículo Privado,7,1412000013217,1412000011920,267,8165,8065,AP
Vehículo Privado,7,1412000013217,1412000013217,100,8165,8165,AP
Vehículo Privado,7,1412000013236,999990001,548,8166,10006,AP
Vehículo Privado,7,1412000013236,1403900013641,137,8166,255,AP
Vehículo Privado,7,1412000013236,1412000010405,137,8166,8011,AP
Vehículo Privado,7,1412000013236,1412000013236,137,8166,8166,AP
Vehículo Privado,7,1412000013274,1412000011579,110,8168,8046,AP
Vehículo Privado,7,1412000013274,1412000013293,110,8168,8170,AP
Vehículo Privado,7,1412000013274,1412000013772,110,8168,8206,AP
Vehículo Privado,7,1412000013274,1412000016550,110,8168,8372,AP
Vehículo Privado,7,1412000013274,1412000017046,440,8168,8409,AP
Vehículo Privado,7,1412000013293,1412000013293,119,8170,8170,AP
Vehículo Privado,7,1412000013306,1412000013306,100,8171,8171,AP
Vehículo Privado,7,1412000013325,1409700010918,178,8173,5009,AP
Vehículo Privado,7,1412000013325,1412000016777,178,8173,8389,AP
Vehículo Privado,7,1412000013325,141200001098A,178,8173,8027,AP
Vehículo Privado,7,1412000013378,1412000016635,110,8174,8380,AP
Vehículo Privado,7,1412000013397,1403900011927,110,8176,161,AP
Vehículo Privado,7,1412000013397,1403900014936,178,8176,370,AP
Vehículo Privado,7,1412000013414,1409800011928,38,8178,6099,AP
Vehículo Privado,7,1412000013433,1412000016777,95,8180,8389,AP
Vehículo Privado,7,1412000013433,140980001256A,95,8180,6145,AP
Vehículo Privado,7,1412000013448,1403900010365,95,8181,23,AP
Vehículo Privado,7,1412000013448,1403900013923,95,8181,279,AP
Vehículo Privado,7,1412000013448,1412000010405,190,8181,8011,AP
Vehículo Privado,7,1412000013448,1412000012948,95,8181,8140,AP
Vehículo Privado,7,1412000013448,1412000016599,95,8181,8376,AP
Vehículo Privado,7,1412000013448,141200001098A,95,8181,8027,AP
Vehículo Privado,7,1412000013556,1403900011359,267,8187,111,AP
Vehículo Privado,7,1412000013556,1412000010405,267,8187,8011,AP
Vehículo Privado,7,1412000013556,1412000013664,267,8187,8197,AP
Vehículo Privado,7,1412000013575,999990001,38,8189,10006,AP
Vehículo Privado,7,1412000013575,999990006,38,8189,10005,AP
Vehículo Privado,7,1412000013575,1403900011378,19,8189,113,AP
Vehículo Privado,7,1412000013575,1403900011556,19,8189,127,AP
Vehículo Privado,7,1412000013575,1403900014546,19,8189,335,AP
Vehículo Privado,7,1412000013575,1403900014584,19,8189,339,AP
Vehículo Privado,7,1412000013575,1412000011193,38,8189,8035,AP
Vehículo Privado,7,1412000013575,1412000011206,323,8189,8036,AP
Vehículo Privado,7,1412000013575,1412000011225,19,8189,8038,AP
Vehículo Privado,7,1412000013575,1412000012863,19,8189,8133,AP
Vehículo Privado,7,1412000013575,1412000012952,19,8189,8141,AP
Vehículo Privado,7,1412000013575,1412000013293,19,8189,8170,AP
Vehículo Privado,7,1412000013575,1412000013575,61,8189,8189,AP
Vehículo Privado,7,1412000013575,1412000013594,19,8189,8190,AP
Vehículo Privado,7,1412000013575,1412000015266,38,8189,8305,AP
Vehículo Privado,7,1412000013575,140390001133A,19,8189,109,AP
Vehículo Privado,7,1412000013575,140980001053A,19,8189,6019,AP
Vehículo Privado,7,1412000013575,141200001116A,19,8189,8033,AP
Vehículo Privado,7,1412000013594,1412000013664,19,8190,8197,AP
Vehículo Privado,7,1412000013594,1412000014431,19,8190,8252,AP
Vehículo Privado,7,1412000013611,1412000013518,49,8192,8186,AP
Vehículo Privado,7,1412000013664,1412000011206,19,8197,8036,AP
Vehículo Privado,7,1412000013664,1412000013664,267,8197,8197,AP
Vehículo Privado,7,1412000013698,1412000010405,100,8200,8011,AP
Vehículo Privado,7,1412000013700,1412000011920,95,8201,8065,AP
Vehículo Privado,7,1412000013700,1412000012863,95,8201,8133,AP
Vehículo Privado,7,1412000013734,1412000012755,192,8204,8124,AP
Vehículo Privado,7,1412000013772,1403900010613,178,8206,44,AP
Vehículo Privado,7,1412000013772,1403900010990,178,8206,79,AP
Vehículo Privado,7,1412000013772,1412000011121,178,8206,8031,AP
Vehículo Privado,7,1412000013772,1412000016601,178,8206,8377,AP
Vehículo Privado,7,1412000013787,1403900010115,144,8207,6,AP
Vehículo Privado,7,1412000013787,1403900010399,96,8207,26,AP
Vehículo Privado,7,1412000013787,1412000012914,48,8207,8137,AP
Vehículo Privado,7,1412000013787,140390001101A,48,8207,81,AP
Vehículo Privado,7,1412000013791,1412000012115,48,8208,8069,AP
Vehículo Privado,7,1412000013791,1412000014198,48,8208,8228,AP
Vehículo Privado,7,1412000013819,1403900014531,48,8210,334,AP
Vehículo Privado,7,1412000013819,1410100010946,48,8210,7052,AP
Vehículo Privado,7,1412000013819,1412000013062,48,8210,8151,AP
Vehículo Privado,7,1412000013819,140700021101A,48,8210,3088,AP
Vehículo Privado,7,1412000013861,1412000013787,48,8212,8207,AP
Vehículo Privado,7,1412000013861,141200001372A,48,8212,8203,AP
Vehículo Privado,7,1412000013876,1403900011005,96,8213,80,AP
Vehículo Privado,7,1412000013876,1403900011043,96,8213,84,AP
Vehículo Privado,7,1412000013984,1403900014546,88,8217,335,AP
Vehículo Privado,7,1412000013984,1412000013984,88,8217,8217,AP
Vehículo Privado,7,1412000014060,1403900011556,95,8219,127,AP
Vehículo Privado,7,1412000014060,1403900013603,95,8219,252,AP
Vehículo Privado,7,1412000014060,1412000011206,95,8219,8036,AP
Vehículo Privado,7,1412000014060,1412000011225,95,8219,8038,AP
Vehículo Privado,7,1412000014060,1412000012238,95,8219,8076,AP
Vehículo Privado,7,1412000014060,1412000014836,95,8219,8281,AP
Vehículo Privado,7,1412000014060,141200001098A,190,8219,8027,AP
Vehículo Privado,7,1412000014075,1403900010280,95,8220,16,AP
Vehículo Privado,7,1412000014075,1403900013143,95,8220,233,AP
Vehículo Privado,7,1412000014075,1412000010231,95,8220,8003,AP
Vehículo Privado,7,1412000014075,1412000013575,95,8220,8189,AP
Vehículo Privado,7,1412000014094,1412000010975,190,8222,8026,AP
Vehículo Privado,7,1412000014183,999990001,178,8227,10006,AP
Vehículo Privado,7,1412000014198,1403900013853,111,8228,273,AP
Vehículo Privado,7,1412000014198,1412000014198,75,8228,8228,AP
Vehículo Privado,7,1412000014234,1410100010927,137,8232,7050,AP
Vehículo Privado,7,1412000014268,1403900010863,96,8235,67,AP
Vehículo Privado,7,1412000014268,1412002315887,96,8235,8489,AP
Vehículo Privado,7,1412000014291,1412000012399,48,8238,8092,AP
Vehículo Privado,7,1412000014291,1412000015177,48,8238,8299,AP
Vehículo Privado,7,1412000014304,1403900010030,96,8239,2,AP
Vehículo Privado,7,1412000014304,1403900010365,96,8239,23,AP
Vehículo Privado,7,1412000014304,1403900010666,96,8239,48,AP
Vehículo Privado,7,1412000014304,1412000011009,96,8239,8029,AP
Vehículo Privado,7,1412000014304,1412000016739,96,8239,8385,AP
Vehículo Privado,7,1412000014304,1412000016777,96,8239,8389,AP
Vehículo Privado,7,1412000014323,1403900015309,48,8241,406,AP
Vehículo Privado,7,1412000014323,1412000013113,96,8241,8155,AP
Vehículo Privado,7,1412000014338,1403900010083,144,8242,5,AP
Vehículo Privado,7,1412000014338,141200001372A,48,8242,8203,AP
Vehículo Privado,7,1412000014357,1403900011359,100,8244,111,AP
Vehículo Privado,7,1412000014357,1412000010689,100,8244,8019,AP
Vehículo Privado,7,1412000014357,1412000013217,100,8244,8165,AP
Vehículo Privado,7,1412000014357,1412000013293,200,8244,8170,AP
Vehículo Privado,7,1412000014376,1409800011928,100,8246,6099,AP
Vehículo Privado,7,1412000014376,141200001066A,300,8246,8018,AP
Vehículo Privado,7,1412000014380,999990006,801,8247,10005,AP
Vehículo Privado,7,1412000014380,1403900014584,267,8247,339,AP
Vehículo Privado,7,1412000014380,141200001447A,267,8247,8256,AP
Vehículo Privado,7,1412000014395,1412000014380,23,8248,8247,AP
Vehículo Privado,7,1412000014408,1403900011170,100,8249,96,AP
Vehículo Privado,7,1412000014408,1403900011819,100,8249,150,AP
Vehículo Privado,7,1412000014408,1409800011928,100,8249,6099,AP
Vehículo Privado,7,1412000014408,1412000010405,100,8249,8011,AP
Vehículo Privado,7,1412000014408,1412000011189,100,8249,8034,AP
Vehículo Privado,7,1412000014408,1412000012914,100,8249,8137,AP
Vehículo Privado,7,1412000014408,14097059A,100,8249,5241,AP
Vehículo Privado,7,1412000014412,1403900011594,100,8250,131,AP
Vehículo Privado,7,1412000014412,1412000011225,100,8250,8038,AP
Vehículo Privado,7,1412000014412,1412000013698,200,8250,8200,AP
Vehículo Privado,7,1412000014431,1412000010710,267,8252,8021,AP
Vehículo Privado,7,1412000014431,1412000013575,19,8252,8189,AP
Vehículo Privado,7,1412000014431,1412000014431,90,8252,8252,AP
Vehículo Privado,7,1412000014465,999990005,267,8255,10004,AP
Vehículo Privado,7,1412000014465,1403900012130,267,8255,178,AP
Vehículo Privado,7,1412000014465,1412000010710,534,8255,8021,AP
Vehículo Privado,7,1412000014465,1412000012505,267,8255,8103,AP
Vehículo Privado,7,1412000014465,1412000015340,267,8255,8312,AP
Vehículo Privado,7,1412000014465,141010001040A,267,8255,7010,AP
Vehículo Privado,7,1412000014465,141200001066A,267,8255,8018,AP
Vehículo Privado,7,1412000014516,1412000013414,163,8260,8178,AP
Vehículo Privado,7,1412000014520,999990006,49,8261,10005,AP
Vehículo Privado,7,1412000014520,1409701801244,49,8261,5226,AP
Vehículo Privado,7,1412000014520,1412000011225,98,8261,8038,AP
Vehículo Privado,7,1412000014520,1412000013147,49,8261,8158,AP
Vehículo Privado,7,1412000014520,1412000013293,49,8261,8170,AP
Vehículo Privado,7,1412000014535,1412000016423,267,8262,8364,AP
Vehículo Privado,7,1412000014573,1403900012376,534,8266,197,AP
Vehículo Privado,7,1412000014643,1409708743999,49,8271,5373,AP
Vehículo Privado,7,1412000014643,1412000011206,49,8271,8036,AP
Vehículo Privado,7,1412000014643,1412000011278,49,8271,8039,AP
Vehículo Privado,7,1412000014643,1412000011297,49,8271,8041,AP
Vehículo Privado,7,1412000014643,1412000011687,49,8271,8050,AP
Vehículo Privado,7,1412000014643,1412000011920,49,8271,8065,AP
Vehículo Privado,7,1412000014643,1412000014592,98,8271,8268,AP
Vehículo Privado,7,1412000014643,1412000014605,49,8271,8269,AP
Vehículo Privado,7,1412000014643,1412000015266,49,8271,8305,AP
Vehículo Privado,7,1412000014643,1412000015340,49,8271,8312,AP
Vehículo Privado,7,1412000014643,1412000016300,49,8271,8360,AP
Vehículo Privado,7,1412000014643,140390001539A,49,8271,415,AP
Vehículo Privado,7,1412000014658,1403900011170,49,8272,96,AP
Vehículo Privado,7,1412000014658,1412000011687,49,8272,8050,AP
Vehículo Privado,7,1412000014658,1412000014605,49,8272,8269,AP
Vehículo Privado,7,1412000014658,1412000014643,98,8272,8271,AP
Vehículo Privado,7,1412000014662,141200001116A,49,8273,8033,AP
Vehículo Privado,7,1412000014677,1412000010640,49,8274,8016,AP
Vehículo Privado,7,1412000014677,1412000010655,49,8274,8017,AP
Vehículo Privado,7,1412000014677,1412000011278,49,8274,8039,AP
Vehículo Privado,7,1412000014732,1403900012145,100,8276,179,AP
Vehículo Privado,7,1412000014732,1412000010636,400,8276,8015,AP
Vehículo Privado,7,1412000014732,1412000014732,100,8276,8276,AP
Vehículo Privado,7,1412000014732,141200001066A,100,8276,8018,AP
Vehículo Privado,7,1412000014836,1409704240975,38,8281,5230,AP
Vehículo Privado,7,1412000014889,1403900010399,95,8286,26,AP
Vehículo Privado,7,1412000014889,1403900011043,95,8286,84,AP
Vehículo Privado,7,1412000014889,1403900011236,95,8286,102,AP
Vehículo Privado,7,1412000014889,1403900014936,95,8286,370,AP
Vehículo Privado,7,1412000014889,1412000010994,95,8286,8028,AP
Vehículo Privado,7,1412000014889,1412000014198,95,8286,8228,AP
Vehículo Privado,7,1412000014978,1403900010647,96,8292,46,AP
Vehículo Privado,7,1412000014978,1412000010231,96,8292,8003,AP
Vehículo Privado,7,1412000014978,1412000010392,96,8292,8010,AP
Vehículo Privado,7,1412000014978,1412000011009,96,8292,8029,AP
Vehículo Privado,7,1412000014978,1412000012670,96,8292,8118,AP
Vehículo Privado,7,1412000015139,1403900011626,48,8295,133,AP
Vehículo Privado,7,1412000015139,1412000010994,48,8295,8028,AP
Vehículo Privado,7,1412000015139,1412000012346,48,8295,8087,AP
Vehículo Privado,7,1412000015139,1412000014287,48,8295,8237,AP
Vehículo Privado,7,1412000015139,1412000015317,48,8295,8310,AP
Vehículo Privado,7,1412000015139,1412000016550,48,8295,8372,AP
Vehículo Privado,7,1412000015139,141200001098A,48,8295,8027,AP
Vehículo Privado,7,1412000015143,1403900010596,48,8296,42,AP
Vehículo Privado,7,1412000015158,1412000014268,48,8297,8235,AP
Vehículo Privado,7,1412000015162,1403900011556,48,8298,127,AP
Vehículo Privado,7,1412000015162,1403900014033,48,8298,290,AP
Vehículo Privado,7,1412000015162,1410100010946,48,8298,7052,AP
Vehículo Privado,7,1412000015162,1412000014198,96,8298,8228,AP
Vehículo Privado,7,1412000015177,1403900011325,48,8299,108,AP
Vehículo Privado,7,1412000015177,1403900015309,48,8299,406,AP
Vehículo Privado,7,1412000015177,1412000012280,144,8299,8081,AP
Vehículo Privado,7,1412000015177,1412000014338,96,8299,8242,AP
Vehículo Privado,7,1412000015177,1412007580759,48,8299,8537,AP
Vehículo Privado,7,1412000015181,1412000010405,29,8300,8011,AP
Vehículo Privado,7,1412000015181,1412000011189,29,8300,8034,AP
Vehículo Privado,7,1412000015181,1412000012914,58,8300,8137,AP
Vehículo Privado,7,1412000015181,1412000014836,58,8300,8281,AP
Vehículo Privado,7,1412000015209,1403900010863,45,8302,67,AP
Vehículo Privado,7,1412000015209,1409700252609,45,8302,5123,AP
Vehículo Privado,7,1412000015209,1409800011928,45,8302,6099,AP
Vehículo Privado,7,1412000015209,1412000015196,45,8302,8301,AP
Vehículo Privado,7,1412000015266,1412000013293,100,8305,8170,AP
Vehículo Privado,7,1412000015266,1412000014198,100,8305,8228,AP
Vehículo Privado,7,1412000015266,1412000014836,200,8305,8281,AP
Vehículo Privado,7,1412000015266,1412000015266,200,8305,8305,AP
Vehículo Privado,7,1412000015266,1412000015270,200,8305,8306,AP
Vehículo Privado,7,1412000015270,1403900011630,534,8306,134,AP
Vehículo Privado,7,1412000015270,1412000015374,95,8306,8315,AP
Vehículo Privado,7,1412000015285,1403900011359,110,8307,111,AP
Vehículo Privado,7,1412000015285,1409700350138,110,8307,5169,AP
Vehículo Privado,7,1412000015285,1409800012381,110,8307,6129,AP
Vehículo Privado,7,1412000015285,1412000010405,110,8307,8011,AP
Vehículo Privado,7,1412000015285,1412000012350,110,8307,8088,AP
Vehículo Privado,7,1412000015285,141200001397A,110,8307,8216,AP
Vehículo Privado,7,1412000015317,1412000011009,96,8310,8029,AP
Vehículo Privado,7,1412000015317,1412000013787,96,8310,8207,AP
Vehículo Privado,7,1412000015317,140390001101A,96,8310,81,AP
Vehículo Privado,7,1412000015340,1403900011359,45,8312,111,AP
Vehículo Privado,7,1412000015340,1403900013730,45,8312,263,AP
Vehículo Privado,7,1412000015340,1403900015366,90,8312,412,AP
Vehículo Privado,7,1412000015340,1409800011928,90,8312,6099,AP
Vehículo Privado,7,1412000015340,1409800012343,45,8312,6125,AP
Vehículo Privado,7,1412000015340,1409800012381,45,8312,6129,AP
Vehículo Privado,7,1412000015340,1409800141129,45,8312,6219,AP
Vehículo Privado,7,1412000015340,1412000011189,45,8312,8034,AP
Vehículo Privado,7,1412000015340,1412000011225,90,8312,8038,AP
Vehículo Privado,7,1412000015340,1412000011687,45,8312,8050,AP
Vehículo Privado,7,1412000015340,1412000012952,90,8312,8141,AP
Vehículo Privado,7,1412000015340,1412000013147,45,8312,8158,AP
Vehículo Privado,7,1412000015340,1412000014465,45,8312,8255,AP
Vehículo Privado,7,1412000015340,1412000014573,45,8312,8266,AP
Vehículo Privado,7,1412000015340,1412000015228,45,8312,8303,AP
Vehículo Privado,7,1412000015340,1412000015336,90,8312,8311,AP
Vehículo Privado,7,1412000015340,1412000015340,135,8312,8312,AP
Vehículo Privado,7,1412000015340,1412000015355,45,8312,8313,AP
Vehículo Privado,7,1412000015340,1412000015444,45,8312,8316,AP
Vehículo Privado,7,1412000015340,1412000015497,45,8312,8321,AP
Vehículo Privado,7,1412000015340,1412002434713,45,8312,8517,AP
Vehículo Privado,7,1412000015355,1412000011206,90,8313,8036,AP
Vehículo Privado,7,1412000015374,1403900011310,190,8315,107,AP
Vehículo Privado,7,1412000015374,1412000010890,285,8315,8023,AP
Vehículo Privado,7,1412000015444,1403900011556,45,8316,127,AP
Vehículo Privado,7,1412000015444,1403900014584,45,8316,339,AP
Vehículo Privado,7,1412000015444,1412000010636,45,8316,8015,AP
Vehículo Privado,7,1412000015444,1412000011206,45,8316,8036,AP
Vehículo Privado,7,1412000015444,1412000014427,45,8316,8251,AP
Vehículo Privado,7,1412000015459,1403900015652,267,8317,440,AP
Vehículo Privado,7,1412000015459,1412000014431,267,8317,8252,AP
Vehículo Privado,7,1412000015478,1403900010346,178,8319,21,AP
Vehículo Privado,7,1412000015497,1403900015366,267,8321,412,AP
Vehículo Privado,7,1412000015497,1412000011282,267,8321,8040,AP
Vehículo Privado,7,1412000015497,1412000013414,38,8321,8178,AP
Vehículo Privado,7,1412000015497,1412000013575,19,8321,8189,AP
Vehículo Privado,7,1412000015497,1412000014431,267,8321,8252,AP
Vehículo Privado,7,1412000015497,1412000014465,267,8321,8255,AP
Vehículo Privado,7,1412000015497,1412000015228,267,8321,8303,AP
Vehículo Privado,7,1412000015497,141200001290A,267,8321,8136,AP
Vehículo Privado,7,1412000015533,1412000014198,96,8323,8228,AP
Vehículo Privado,7,1412000015552,1412000012454,38,8325,8098,AP
Vehículo Privado,7,1412000015552,1412000015552,114,8325,8325,AP
Vehículo Privado,7,1412000015800,1403900011005,178,8336,80,AP
Vehículo Privado,7,1412000015800,1403900011325,178,8336,108,AP
Vehículo Privado,7,1412000015800,141200001290A,178,8336,8136,AP
Vehículo Privado,7,1412000015800,99999000A,178,8336,10002,AP
Vehículo Privado,7,1412000015849,1403900011359,190,8340,111,AP
Vehículo Privado,7,1412000015849,1403900014033,95,8340,290,AP
Vehículo Privado,7,1412000015849,1409800011260,95,8340,6053,AP
Vehículo Privado,7,1412000015849,1409800011928,95,8340,6099,AP
Vehículo Privado,7,1412000015849,1410100011624,95,8340,7107,AP
Vehículo Privado,7,1412000015849,1412000012609,95,8340,8111,AP
Vehículo Privado,7,1412000015849,1412000016599,95,8340,8376,AP
Vehículo Privado,7,1412000015849,141200001098A,95,8340,8027,AP
Vehículo Privado,7,1412000015942,1403900010365,88,8342,23,AP
Vehículo Privado,7,1412000015942,1403900012605,88,8342,214,AP
Vehículo Privado,7,1412000015942,1403900013143,88,8342,233,AP
Vehículo Privado,7,1412000015942,1403900014870,88,8342,364,AP
Vehículo Privado,7,1412000015942,1412000011155,88,8342,8032,AP
Vehículo Privado,7,1412000015942,1412000012914,440,8342,8137,AP
Vehículo Privado,7,1412000015942,1412000014728,88,8342,8275,AP
Vehículo Privado,7,1412000015942,1412000015942,119,8342,8342,AP
Vehículo Privado,7,1412000015942,1412000016743,88,8342,8386,AP
Vehículo Privado,7,1412000016048,1403900011170,95,8347,96,AP
Vehículo Privado,7,1412000016048,1403900015366,285,8347,412,AP
Vehículo Privado,7,1412000016048,1412000010617,95,8347,8014,AP
Vehículo Privado,7,1412000016048,1412000011155,95,8347,8032,AP
Vehículo Privado,7,1412000016048,1412000013062,95,8347,8151,AP
Vehículo Privado,7,1412000016048,1412000016067,95,8347,8349,AP
Vehículo Privado,7,1412000016067,1403900010115,95,8349,6,AP
Vehículo Privado,7,1412000016067,1412000013293,95,8349,8170,AP
Vehículo Privado,7,1412000016071,1403900011556,95,8350,127,AP
Vehículo Privado,7,1412000016071,1412000012242,95,8350,8077,AP
Vehículo Privado,7,1412000016071,1412000014198,95,8350,8228,AP
Vehículo Privado,7,1412000016071,1412000015374,95,8350,8315,AP
Vehículo Privado,7,1412000016071,1412000016546,95,8350,8371,AP
Vehículo Privado,7,1412000016071,1412000016599,95,8350,8376,AP
Vehículo Privado,7,1412000016071,1412002315887,95,8350,8489,AP
Vehículo Privado,7,1412000016071,141200001066A,95,8350,8018,AP
Vehículo Privado,7,1412000016103,1403900012319,49,8353,193,AP
Vehículo Privado,7,1412000016103,1409800011913,49,8353,6098,AP
Vehículo Privado,7,1412000016103,1409800012625,49,8353,6150,AP
Vehículo Privado,7,1412000016103,1412000010706,147,8353,8020,AP
Vehículo Privado,7,1412000016103,141200001237A,147,8353,8090,AP
Vehículo Privado,7,1412000016141,1412000010710,45,8356,8021,AP
Vehículo Privado,7,1412000016141,1412000012524,45,8356,8105,AP
Vehículo Privado,7,1412000016141,1412000012863,45,8356,8133,AP
Vehículo Privado,7,1412000016141,1412000014431,135,8356,8252,AP
Vehículo Privado,7,1412000016300,1403900011359,45,8360,111,AP
Vehículo Privado,7,1412000016300,1403900014067,45,8360,293,AP
Vehículo Privado,7,1412000016300,1412000010689,45,8360,8019,AP
Vehículo Privado,7,1412000016300,1412000012543,45,8360,8107,AP
Vehículo Privado,7,1412000016300,1412000012986,45,8360,8144,AP
Vehículo Privado,7,1412000016300,1412000014376,45,8360,8246,AP
Vehículo Privado,7,1412000016300,1412000015340,45,8360,8312,AP
Vehículo Privado,7,1412000016300,1412000016300,45,8360,8360,AP
Vehículo Privado,7,1412000016300,141200001237A,45,8360,8090,AP
Vehículo Privado,7,1412000016391,1403900011556,49,8363,127,AP
Vehículo Privado,7,1412000016391,1412000011297,49,8363,8041,AP
Vehículo Privado,7,1412000016391,1412000014643,49,8363,8271,AP
Vehículo Privado,7,1412000016423,141200123,3,8364,8455,AP
Vehículo Privado,7,1412000016438,1403900010596,45,8365,42,AP
Vehículo Privado,7,1412000016438,1403900011753,45,8365,145,AP
Vehículo Privado,7,1412000016438,1412000014836,45,8365,8281,AP
Vehículo Privado,7,1412000016438,1412000016438,90,8365,8365,AP
Vehículo Privado,7,1412000016508,141205567,31,8367,8546,AP
Vehículo Privado,7,1412000016508,1403900010365,31,8367,23,AP
Vehículo Privado,7,1412000016508,1403900011378,31,8367,113,AP
Vehículo Privado,7,1412000016508,1412000011009,31,8367,8029,AP
Vehículo Privado,7,1412000016508,1412000011193,31,8367,8035,AP
Vehículo Privado,7,1412000016508,1412000012609,62,8367,8111,AP
Vehículo Privado,7,1412000016508,1412000012647,31,8367,8115,AP
Vehículo Privado,7,1412000016508,1412000013062,31,8367,8151,AP
Vehículo Privado,7,1412000016508,1412000016512,31,8367,8368,AP
Vehículo Privado,7,1412000016508,1412000016550,31,8367,8372,AP
Vehículo Privado,7,1412000016512,1412000010212,31,8368,8001,AP
Vehículo Privado,7,1412000016512,1412000010405,31,8368,8011,AP
Vehículo Privado,7,1412000016512,1412000011009,62,8368,8029,AP
Vehículo Privado,7,1412000016512,1412000011846,31,8368,8058,AP
Vehículo Privado,7,1412000016512,1412000012613,31,8368,8112,AP
Vehículo Privado,7,1412000016512,1412000013397,31,8368,8176,AP
Vehículo Privado,7,1412000016512,1412000014198,31,8368,8228,AP
Vehículo Privado,7,1412000016512,1412000015482,31,8368,8320,AP
Vehículo Privado,7,1412000016512,1412000016599,31,8368,8376,AP
Vehículo Privado,7,1412000016512,1412000016796,31,8368,8391,AP
Vehículo Privado,7,1412000016512,1412000017169,62,8368,8421,AP
Vehículo Privado,7,1412000016512,141200001066A,62,8368,8018,AP
Vehículo Privado,7,1412000016512,141200001098A,31,8368,8027,AP
Vehículo Privado,7,1412000016512,141200001319A,178,8368,8163,AP
Vehículo Privado,7,1412000016512,141200001326A,31,8368,8167,AP
Vehículo Privado,7,1412000016512,141200001447A,31,8368,8256,AP
Vehículo Privado,7,1412000016512,141200001671A,31,8368,8383,AP
Vehículo Privado,7,1412000016550,1412000012666,95,8372,8117,AP
Vehículo Privado,7,1412000016550,1412000016550,31,8372,8372,AP
Vehículo Privado,7,1412000016565,999990005,29,8373,10004,AP
Vehículo Privado,7,1412000016565,1403900012145,29,8373,179,AP
Vehículo Privado,7,1412000016565,1403900014584,29,8373,339,AP
Vehículo Privado,7,1412000016565,1403900015366,29,8373,412,AP
Vehículo Privado,7,1412000016565,1409700250354,29,8373,5087,AP
Vehículo Privado,7,1412000016565,1409700250797,29,8373,5097,AP
Vehículo Privado,7,1412000016565,1412000010706,29,8373,8020,AP
Vehículo Privado,7,1412000016565,1412000012492,29,8373,8102,AP
Vehículo Privado,7,1412000016565,1412000012505,29,8373,8103,AP
Vehículo Privado,7,1412000016565,1412000013575,29,8373,8189,AP
Vehículo Privado,7,1412000016565,140980001053A,29,8373,6019,AP
Vehículo Privado,7,1412000016565,141200001066A,29,8373,8018,AP
Vehículo Privado,7,1412000016584,1412000016870,31,8375,8399,AP
Vehículo Privado,7,1412000016584,141200001739A,31,8375,8437,AP
Vehículo Privado,7,1412000016599,1412000010231,178,8376,8003,AP
Vehículo Privado,7,1412000016599,1412000016048,95,8376,8347,AP
Vehículo Privado,7,1412000016599,1412000016599,3,8376,8376,AP
Vehículo Privado,7,1412000016599,1412002315726,132,8376,8485,AP
Vehículo Privado,7,1412000016599,1412007580797,59,8376,8538,AP
Vehículo Privado,7,1412000016620,1412000011009,31,8379,8029,AP
Vehículo Privado,7,1412000016620,1412000016550,62,8379,8372,AP
Vehículo Privado,7,1412000016635,1403900013656,110,8380,256,AP
Vehículo Privado,7,1412000016635,1412002312026,132,8380,8465,AP
Vehículo Privado,7,1412000016724,999990001,31,8384,10006,AP
Vehículo Privado,7,1412000016724,1403900010613,31,8384,44,AP
Vehículo Privado,7,1412000016724,1403900011096,31,8384,88,AP
Vehículo Privado,7,1412000016724,1412000010405,31,8384,8011,AP
Vehículo Privado,7,1412000016724,1412000011206,31,8384,8036,AP
Vehículo Privado,7,1412000016724,1412000011846,31,8384,8058,AP
Vehículo Privado,7,1412000016724,1412000014198,31,8384,8228,AP
Vehículo Privado,7,1412000016724,1412000016550,31,8384,8372,AP
Vehículo Privado,7,1412000016724,1412000016777,31,8384,8389,AP
Vehículo Privado,7,1412000016724,1412000017277,31,8384,8427,AP
Vehículo Privado,7,1412000016724,1412000620176,31,8384,8446,AP
Vehículo Privado,7,1412000016724,141200001326A,31,8384,8167,AP
Vehículo Privado,7,1412000016762,1412000016762,100,8388,8388,AP
Vehículo Privado,7,1412000016809,1412000010814,110,8392,8022,AP
Vehículo Privado,7,1412000016809,1412000012064,110,8392,8068,AP
Vehículo Privado,7,1412000016809,1412000012929,110,8392,8138,AP
Vehículo Privado,7,1412000016809,141200001098A,110,8392,8027,AP
Vehículo Privado,7,1412000016809,141200001326A,110,8392,8167,AP
Vehículo Privado,7,1412000016828,141200001657A,29,8394,8374,AP
Vehículo Privado,7,1412000016832,1403900011556,110,8395,127,AP
Vehículo Privado,7,1412000016832,1403900015652,110,8395,440,AP
Vehículo Privado,7,1412000016832,1412000010814,110,8395,8022,AP
Vehículo Privado,7,1412000016832,1412000011009,110,8395,8029,AP
Vehículo Privado,7,1412000016832,1412000013397,110,8395,8176,AP
Vehículo Privado,7,1412000016832,1412000014431,110,8395,8252,AP
Vehículo Privado,7,1412000016832,1412000016086,110,8395,8351,AP
Vehículo Privado,7,1412000016832,1412000016531,110,8395,8370,AP
Vehículo Privado,7,1412000016832,1412000016758,424,8395,8387,AP
Vehículo Privado,7,1412000016832,1412000017046,110,8395,8409,AP
Vehículo Privado,7,1412000016832,140390001101A,110,8395,81,AP
Vehículo Privado,7,1412000016832,141200001326A,220,8395,8167,AP
Vehículo Privado,7,1412000016847,1403900011077,31,8396,86,AP
Vehículo Privado,7,1412000016847,1403900012319,31,8396,193,AP
Vehículo Privado,7,1412000016847,1412000011009,62,8396,8029,AP
Vehículo Privado,7,1412000016847,1412000011225,31,8396,8038,AP
Vehículo Privado,7,1412000016847,1412000016512,31,8396,8368,AP
Vehículo Privado,7,1412000016866,1412002312026,31,8398,8465,AP
Vehículo Privado,7,1412000016885,141200001689A,396,8400,8401,AP
Vehículo Privado,7,1412000016902,1403900010295,110,8402,17,AP
Vehículo Privado,7,1412000016902,1403900012554,110,8402,209,AP
Vehículo Privado,7,1412000016902,1412000010405,110,8402,8011,AP
Vehículo Privado,7,1412000016902,1412000010706,110,8402,8020,AP
Vehículo Privado,7,1412000016902,1412000011795,110,8402,8055,AP
Vehículo Privado,7,1412000016902,1412000012609,220,8402,8111,AP
Vehículo Privado,7,1412000016902,1412000016527,110,8402,8369,AP
Vehículo Privado,7,1412000016902,1412000016531,220,8402,8370,AP
Vehículo Privado,7,1412000016902,1412000016599,110,8402,8376,AP
Vehículo Privado,7,1412000016902,141200001098A,220,8402,8027,AP
Vehículo Privado,7,1412000016921,1403900011293,31,8404,105,AP
Vehículo Privado,7,1412000016921,1412000010405,31,8404,8011,AP
Vehículo Privado,7,1412000016921,1412000016921,31,8404,8404,AP
Vehículo Privado,7,1412000016921,140390001368A,31,8404,258,AP
Vehículo Privado,7,1412000017008,1412000012609,31,8405,8111,AP
Vehículo Privado,7,1412000017008,1412000012628,31,8405,8113,AP
Vehículo Privado,7,1412000017008,1412000013293,31,8405,8170,AP
Vehículo Privado,7,1412000017008,1412000013772,31,8405,8206,AP
Vehículo Privado,7,1412000017008,141200001290A,31,8405,8136,AP
Vehículo Privado,7,1412000017012,1403900013088,95,8406,232,AP
Vehículo Privado,7,1412000017012,1412000010975,95,8406,8026,AP
Vehículo Privado,7,1412000017012,1412000016550,95,8406,8372,AP
Vehículo Privado,7,1412000017012,141200001098A,190,8406,8027,AP
Vehículo Privado,7,1412000017012,141200001319A,95,8406,8163,AP
Vehículo Privado,7,1412000017031,1403900010295,31,8408,17,AP
Vehículo Privado,7,1412000017031,1403900011325,31,8408,108,AP
Vehículo Privado,7,1412000017031,1403900011359,31,8408,111,AP
Vehículo Privado,7,1412000017031,1403900011556,31,8408,127,AP
Vehículo Privado,7,1412000017031,141200231205A,31,8408,8467,AP
Vehículo Privado,7,1412000017046,1412000012666,95,8409,8117,AP
Vehículo Privado,7,1412000017050,1403900011359,95,8410,111,AP
Vehículo Privado,7,1412000017050,1412000012609,95,8410,8111,AP
Vehículo Privado,7,1412000017050,1412400010175,190,8410,9005,AP
Vehículo Privado,7,1412000017116,1403900011081,95,8416,87,AP
Vehículo Privado,7,1412000017116,1403900011170,95,8416,96,AP
Vehículo Privado,7,1412000017116,1412000014075,285,8416,8220,AP
Vehículo Privado,7,1412000017120,1412000010405,31,8417,8011,AP
Vehículo Privado,7,1412000017135,141205567,132,8418,8546,AP
Vehículo Privado,7,1412000017309,1412000011920,147,8430,8065,AP
Vehículo Privado,7,1412000017309,1412000012863,147,8430,8133,AP
Vehículo Privado,7,1412000017366,1409701801244,90,8434,5226,AP
Vehículo Privado,7,1412000017366,1409708743999,45,8434,5373,AP
Vehículo Privado,7,1412000017366,1412000011225,45,8434,8038,AP
Vehículo Privado,7,1412000017366,1412000015336,45,8434,8311,AP
Vehículo Privado,7,1412000620161,1412000010975,132,8445,8026,AP
Vehículo Privado,7,1412000620161,1412000011009,132,8445,8029,AP
Vehículo Privado,7,1412000620161,1412002313842,132,8445,8471,AP
Vehículo Privado,7,1412001395980,141200104,26,8457,8454,AP
Vehículo Privado,7,1412001395980,141205567,26,8457,8546,AP
Vehículo Privado,7,1412001395980,1412000010231,13,8457,8003,AP
Vehículo Privado,7,1412001395980,1412000012473,13,8457,8100,AP
Vehículo Privado,7,1412001395980,1412001395980,13,8457,8457,AP
Vehículo Privado,7,1412001395980,1412002313842,13,8457,8471,AP
Vehículo Privado,7,1412001395980,1412002434709,13,8457,8516,AP
Vehículo Privado,7,1412001395980,1412002434713,26,8457,8517,AP
Vehículo Privado,7,1412001395995,1412001395980,26,8458,8457,AP
Vehículo Privado,7,1412001395995,1412002312026,39,8458,8465,AP
Vehículo Privado,7,1412001395995,1412002314179,13,8458,8478,AP
Vehículo Privado,7,1412001395995,1412002315779,13,8458,8487,AP
Vehículo Privado,7,1412001395995,1412002315887,13,8458,8489,AP
Vehículo Privado,7,1412001395995,1412002434709,26,8458,8516,AP
Vehículo Privado,7,1412001395995,1412002434713,39,8458,8517,AP
Vehículo Privado,7,1412002065054,141200087,12,8462,8452,AP
Vehículo Privado,7,1412002065054,1412000010405,3,8462,8011,AP
Vehículo Privado,7,1412002065054,1412000012280,3,8462,8081,AP
Vehículo Privado,7,1412002065054,1412000012789,3,8462,8126,AP
Vehículo Privado,7,1412002065054,1412000014060,3,8462,8219,AP
Vehículo Privado,7,1412002065054,1412000014855,3,8462,8283,AP
Vehículo Privado,7,1412002065054,1412002065054,27,8462,8462,AP
Vehículo Privado,7,1412002065054,141200001664A,6,8462,8381,AP
Vehículo Privado,7,1412002065054,141200206504A,3,8462,8461,AP
Vehículo Privado,7,1412002312026,1409800012856,132,8465,6171,AP
Vehículo Privado,7,1412002312026,1412002315872,132,8465,8488,AP
Vehículo Privado,7,1412002312026,1412002434709,132,8465,8516,AP
Vehículo Privado,7,1412002312079,1412000016550,24,8468,8372,AP
Vehículo Privado,7,1412002312079,1412001395980,48,8468,8457,AP
Vehículo Privado,7,1412002312079,1412002312026,48,8468,8465,AP
Vehículo Privado,7,1412002312079,1412002313842,24,8468,8471,AP
Vehículo Privado,7,1412002312079,1412002314179,24,8468,8478,AP
Vehículo Privado,7,1412002312079,1412002315779,24,8468,8487,AP
Vehículo Privado,7,1412002312079,1412002315887,48,8468,8489,AP
Vehículo Privado,7,1412002313823,141200123,132,8469,8455,AP
Vehículo Privado,7,1412002313823,1412002313823,178,8469,8469,AP
Vehículo Privado,7,1412002313838,1412000010405,132,8470,8011,AP
Vehículo Privado,7,1412002313838,1412001395995,13,8470,8458,AP
Vehículo Privado,7,1412002313838,1412002314179,24,8470,8478,AP
Vehículo Privado,7,1412002314145,141205567,24,8475,8546,AP
Vehículo Privado,7,1412002314145,1403900011359,24,8475,111,AP
Vehículo Privado,7,1412002314145,1403900012677,24,8475,219,AP
Vehículo Privado,7,1412002314145,1412000016635,24,8475,8380,AP
Vehículo Privado,7,1412002314145,1412001395980,24,8475,8457,AP
Vehículo Privado,7,1412002314145,141200001027A,24,8475,8006,AP
Vehículo Privado,7,1412002314145,141200001098A,24,8475,8027,AP
Vehículo Privado,7,1412002314164,1403900010863,24,8477,67,AP
Vehículo Privado,7,1412002314164,1403900011556,24,8477,127,AP
Vehículo Privado,7,1412002314164,1412000012280,24,8477,8081,AP
Vehículo Privado,7,1412002314164,1412002315887,24,8477,8489,AP
Vehículo Privado,7,1412002314164,1412002434713,24,8477,8517,AP
Vehículo Privado,7,1412002314179,141200142,96,8478,8459,AP
Vehículo Privado,7,1412002314179,999990005,24,8478,10004,AP
Vehículo Privado,7,1412002314179,1403900011363,24,8478,112,AP
Vehículo Privado,7,1412002314179,1410100010912,24,8478,7049,AP
Vehículo Privado,7,1412002314179,1412000010405,24,8478,8011,AP
Vehículo Privado,7,1412002314179,1412000010602,24,8478,8013,AP
Vehículo Privado,7,1412002314179,1412000010975,24,8478,8026,AP
Vehículo Privado,7,1412002314179,1412000014198,24,8478,8228,AP
Vehículo Privado,7,1412002314179,1412002313838,48,8478,8470,AP
Vehículo Privado,7,1412002314179,1412002315726,24,8478,8485,AP
Vehículo Privado,7,1412002314179,1412002434713,120,8478,8517,AP
Vehículo Privado,7,1412002315618,141200001098A,132,8484,8027,AP
Vehículo Privado,7,1412002315726,141200123,396,8485,8455,AP
Vehículo Privado,7,1412002315726,1403900010596,132,8485,42,AP
Vehículo Privado,7,1412002315726,1412000016423,132,8485,8364,AP
Vehículo Privado,7,1412002315726,1412000016599,132,8485,8376,AP
Vehículo Privado,7,1412002315872,1403900010863,132,8488,67,AP
Vehículo Privado,7,1412002315887,1412002313823,3,8489,8469,AP
Vehículo Privado,7,1412002316230,141200123,132,8493,8455,AP
Vehículo Privado,7,1412002316230,1412002313842,132,8493,8471,AP
Vehículo Privado,7,1412002316230,1412002314164,24,8493,8477,AP
Vehículo Privado,7,1412002316264,1412001395980,132,8496,8457,AP
Vehículo Privado,7,1412002316669,141200034,264,8501,8442,AP
Vehículo Privado,7,1412002316669,141200068,264,8501,8451,AP
Vehículo Privado,7,1412002316669,1403900010064,132,8501,4,AP
Vehículo Privado,7,1412002316669,1412000016531,132,8501,8370,AP
Vehículo Privado,7,1412002316669,1412000016546,132,8501,8371,AP
Vehículo Privado,7,1412002316669,1412002312045,528,8501,8466,AP
Vehículo Privado,7,1412002316669,1412004306955,528,8501,8520,AP
Vehículo Privado,7,1412002316673,141200123,6,8502,8455,AP
Vehículo Privado,7,1412002316989,141200087,132,8507,8452,AP
Vehículo Privado,7,1412002316989,1412000016635,132,8507,8380,AP
Vehículo Privado,7,1412002434709,141200142,65,8516,8459,AP
Vehículo Privado,7,1412002434709,141200157,39,8516,8460,AP
Vehículo Privado,7,1412002434709,1403900015366,13,8516,412,AP
Vehículo Privado,7,1412002434709,1412002434709,52,8516,8516,AP
Vehículo Privado,7,1412002434713,1403900014048,13,8517,291,AP
Vehículo Privado,7,1412002434713,1409700201013,13,8517,5079,AP
Vehículo Privado,7,1412002434713,1412000015266,13,8517,8305,AP
Vehículo Privado,7,1412002434713,1412000016777,13,8517,8389,AP
Vehículo Privado,7,1412004306940,999990002,177,8519,10007,AP
Vehículo Privado,7,1412004306940,999990003,59,8519,10003,AP
Vehículo Privado,7,1412004306940,1412000016550,59,8519,8372,AP
Vehículo Privado,7,1412004306940,1412001395980,59,8519,8457,AP
Vehículo Privado,7,1412004306940,1412002434709,59,8519,8516,AP
Vehículo Privado,7,1412004306940,140980001007A,59,8519,6004,AP
Vehículo Privado,7,1412004306955,999990004,59,8520,10001,AP
Vehículo Privado,7,1412004306955,1403900011397,59,8520,115,AP
Vehículo Privado,7,1412004306955,1412000010890,59,8520,8023,AP
Vehículo Privado,7,1412004306955,1412007500301,132,8520,8524,AP
Vehículo Privado,7,1412004307421,1412000013289,59,8521,8169,AP
Vehículo Privado,7,1412004307421,1412000016512,118,8521,8368,AP
Vehículo Privado,7,1412004307421,1412000016635,118,8521,8380,AP
Vehículo Privado,7,1412004307421,1412004306940,177,8521,8519,AP
Vehículo Privado,7,1412007500301,1412000010405,132,8524,8011,AP
Vehículo Privado,7,1412007500301,1412000010975,132,8524,8026,AP
Vehículo Privado,7,1412007500316,1403900010365,132,8525,23,AP
Vehículo Privado,7,1412007500316,1409800010987,132,8525,6032,AP
Vehículo Privado,7,1412007500316,1412000010975,132,8525,8026,AP
Vehículo Privado,7,1412007500316,1412000015800,132,8525,8336,AP
Vehículo Privado,7,1412007500316,1412000016550,132,8525,8372,AP
Vehículo Privado,7,1412007570439,1412000010212,59,8529,8001,AP
Vehículo Privado,7,1412007570439,1412000011009,59,8529,8029,AP
Vehículo Privado,7,1412007570439,1412000013664,59,8529,8197,AP
Vehículo Privado,7,1412007570439,141200001422A,59,8529,8231,AP
Vehículo Privado,7,1412007570462,141200123,59,8530,8455,AP
Vehículo Privado,7,1412007570462,1412000011846,59,8530,8058,AP
Vehículo Privado,7,1412007570462,1412000016512,59,8530,8368,AP
Vehículo Privado,7,1412007570462,1412002315887,59,8530,8489,AP
Vehículo Privado,7,1412007570462,1412004306940,118,8530,8519,AP
Vehículo Privado,7,1412007580509,1412000014198,59,8532,8228,AP
Vehículo Privado,7,1412007580509,1412002315887,59,8532,8489,AP
Vehículo Privado,7,1412007580551,1412000010265,59,8533,8005,AP
Vehículo Privado,7,1412007580566,1403900011359,59,8534,111,AP
Vehículo Privado,7,1412007580566,1412000011009,59,8534,8029,AP
Vehículo Privado,7,1412007580566,1412000012647,59,8534,8115,AP
Vehículo Privado,7,1412007580693,1412000010405,59,8535,8011,AP
Vehículo Privado,7,1412007580693,1412007570462,59,8535,8530,AP
Vehículo Privado,7,1412007580693,1412007580693,118,8535,8535,AP
Vehículo Privado,7,1412007580744,1409800012485,59,8536,6137,AP
Vehículo Privado,7,1412007580744,1412007570439,59,8536,8529,AP
Vehículo Privado,7,1412007580744,1412007580744,177,8536,8536,AP
Vehículo Privado,7,1412007580759,999990002,59,8537,10007,AP
Vehículo Privado,7,1412007580759,1412000012238,59,8537,8076,AP
Vehículo Privado,7,1412007580759,1412000013397,59,8537,8176,AP
Vehículo Privado,7,1412007580759,1412000014499,59,8537,8258,AP
Vehículo Privado,7,1412007580759,1412000016550,59,8537,8372,AP
Vehículo Privado,7,1412007580759,1412000620208,118,8537,8448,AP
Vehículo Privado,7,1412007580759,1412002316654,59,8537,8500,AP
Vehículo Privado,7,1412007580797,141200068,59,8538,8451,AP
Vehículo Privado,7,1412007580797,141200123,59,8538,8455,AP
Vehículo Privado,7,1412007580797,1412000010405,118,8538,8011,AP
Vehículo Privado,7,1412007580797,1412000016599,118,8538,8376,AP
Vehículo Privado,7,1412007580797,1412002316673,59,8538,8502,AP
Vehículo Privado,7,1412007580829,1403900011359,59,8540,111,AP
Vehículo Privado,7,1412007630852,1409800012381,13,8543,6129,AP
Vehículo Privado,7,1412007630852,1412000014728,13,8543,8275,AP
Vehículo Privado,7,1412400010122,141240090,35,9001,9047,AP
Vehículo Privado,7,1412400010122,1412000011225,35,9001,8038,AP
Vehículo Privado,7,1412400010137,999990004,35,9002,10001,AP
Vehículo Privado,7,1412400010137,1409800011538,70,9002,6070,AP
Vehículo Privado,7,1412400010137,1412400010527,35,9002,9034,AP
Vehículo Privado,7,1412400010141,999990004,35,9003,10001,AP
Vehículo Privado,7,1412400010141,1403900011626,35,9003,133,AP
Vehículo Privado,7,1412400010141,1409800010879,35,9003,6028,AP
Vehículo Privado,7,1412400010141,141200001244A,35,9003,8097,AP
Vehículo Privado,7,1412400010156,1405100020196,35,9004,2016,AP
Vehículo Privado,7,1412400010156,1410100011624,35,9004,7107,AP
Vehículo Privado,7,1412400010156,1410100260698,35,9004,7198,AP
Vehículo Privado,7,1412400010156,1412400010264,70,9004,9012,AP
Vehículo Privado,7,1412400010156,1412400010300,35,9004,9016,AP
Vehículo Privado,7,1412400010156,1412400010495,35,9004,9031,AP
Vehículo Privado,7,1412400010156,1412400940391,35,9004,9049,AP
Vehículo Privado,7,1412400010175,1403900012319,35,9005,193,AP
Vehículo Privado,7,1412400010175,1412000014215,35,9005,8230,AP
Vehículo Privado,7,1412400010175,1412400010175,35,9005,9005,AP
Vehículo Privado,7,1412400010175,1412400010495,35,9005,9031,AP
Vehículo Privado,7,1412400010175,140390001101A,70,9005,81,AP
Vehículo Privado,7,1412400010211,1412000014215,35,9007,8230,AP
Vehículo Privado,7,1412400010211,1412000014605,35,9007,8269,AP
Vehículo Privado,7,1412400010211,1412400010211,35,9007,9007,AP
Vehículo Privado,7,1412400010211,1412400010480,35,9007,9030,AP
Vehículo Privado,7,1412400010226,141240090,21,9008,9047,AP
Vehículo Privado,7,1412400010226,141240001018A,35,9008,9006,AP
Vehículo Privado,7,1412400010438,1412400010175,70,9025,9005,AP
Vehículo Privado,7,1412400010438,1412400010419,35,9025,9023,AP
Vehículo Privado,7,1412400010438,1412400010495,140,9025,9031,AP
Vehículo Privado,7,1412400010438,1412400010508,35,9025,9032,AP
Vehículo Privado,7,1412400010480,141240029,35,9030,9042,AP
Vehículo Privado,7,1412400010495,141240090,105,9031,9047,AP
Vehículo Privado,7,1412400010495,999990004,70,9031,10001,AP
Vehículo Privado,7,1412400010495,1403900011397,35,9031,115,AP
Vehículo Privado,7,1412400010495,1405100020196,56,9031,2016,AP
Vehículo Privado,7,1412400010495,1412400010175,35,9031,9005,AP
Vehículo Privado,7,1412400010495,1412400010438,35,9031,9025,AP
Vehículo Privado,7,1412400010495,1412400010495,70,9031,9031,AP
Vehículo Privado,7,1412400010512,141240071,35,9033,9045,AP
Vehículo Privado,7,1412400010527,1410100312317,35,9034,7211,AP
Vehículo Privado,7,1412400940387,1405100020181,21,9048,2015,AP
Vehículo Privado,7,1412400940391,1410100260683,21,9049,7197,AP
Vehículo Privado,7,1412400940391,1412400940391,63,9049,9049,AP
Vehículo Privado,7,1412401760160,141240048,3,9051,9044,AP
Vehículo Privado,7,1412401760160,141240071,3,9051,9045,AP
Vehículo Privado,7,1412401760160,141240090,15,9051,9047,AP
Vehículo Privado,7,1412401760160,999990004,15,9051,10001,AP
Vehículo Privado,7,1412401760160,1403900011999,3,9051,168,AP
Vehículo Privado,7,1412401760160,1403900015084,3,9051,385,AP
Vehículo Privado,7,1412401760160,1403900015366,6,9051,412,AP
Vehículo Privado,7,1412401760160,1405100020196,6,9051,2016,AP
Vehículo Privado,7,1412401760160,1409708221530,3,9051,5252,AP
Vehículo Privado,7,1412401760160,1409800012150,3,9051,6112,AP
Vehículo Privado,7,1412401760160,1410100260683,3,9051,7197,AP
Vehículo Privado,7,1412401760160,1412400010175,15,9051,9005,AP
Vehículo Privado,7,1412401760160,1412400010480,3,9051,9030,AP
Vehículo Privado,7,1412401760160,1412400010495,3,9051,9031,AP
Vehículo Privado,7,1412401760160,1412400010508,3,9051,9032,AP
Vehículo Privado,7,1412401760160,1412400940387,12,9051,9048,AP
Vehículo Privado,7,1412401760160,1412401760160,48,9051,9051,AP
Vehículo Privado,7,1412401760160,14070140A,3,9051,3131,AP
Vehículo Privado,7,1412401760160,141240001018A,3,9051,9006,AP
Vehículo Privado,7,140390001005A,1403900011359,75,3,111,AP
Vehículo Privado,7,140390001005A,1410100010931,75,3,7051,AP
Vehículo Privado,7,140390001005A,1412000013170,75,3,8161,AP
Vehículo Privado,7,140390001005A,1412000014198,75,3,8228,AP
Vehículo Privado,7,140390001069A,1403900011166,202,51,95,AP
Vehículo Privado,7,140390001083A,1403900010789,249,64,59,AP
Vehículo Privado,7,140390001083A,1403900011452,249,64,121,AP
Vehículo Privado,7,140390001083A,1403900013641,498,64,255,AP
Vehículo Privado,7,140390001083A,1412000010405,498,64,8011,AP
Vehículo Privado,7,140390001083A,140390001083A,262,64,64,AP
Vehículo Privado,7,140390001083A,140390001119A,249,64,98,AP
Vehículo Privado,7,140390001090A,1403900011325,249,71,108,AP
Vehículo Privado,7,140390001090A,1403900013586,249,71,250,AP
Vehículo Privado,7,140390001090A,1403900014226,498,71,308,AP
Vehículo Privado,7,140390001101A,1403900011645,222,81,135,AP
Vehículo Privado,7,140390001119A,1403900013641,249,98,255,AP
Vehículo Privado,7,140390001165A,1403900011448,222,136,120,AP
Vehículo Privado,7,140390001254A,140390001254A,119,208,208,AP
Vehículo Privado,7,140390001286A,999990006,226,228,10005,AP
Vehículo Privado,7,140390001286A,1403900011170,452,228,96,AP
Vehículo Privado,7,140390001286A,1412000012632,452,228,8114,AP
Vehículo Privado,7,140390001350A,1403900011626,48,243,133,AP
Vehículo Privado,7,140390001368A,1403900012427,48,258,201,AP
Vehículo Privado,7,140390001368A,1403900012709,48,258,222,AP
Vehículo Privado,7,140390001368A,1403900013374,144,258,240,AP
Vehículo Privado,7,140390001368A,1403900014936,48,258,370,AP
Vehículo Privado,7,140390001368A,141200001066A,48,258,8018,AP
Vehículo Privado,7,140390001400A,1409800011345,246,287,6056,AP
Vehículo Privado,7,140390001418A,1403900011170,249,304,96,AP
Vehículo Privado,7,140390001457A,1409700350551,96,338,5172,AP
Vehículo Privado,7,140390001464A,1403900011185,163,345,97,AP
Vehículo Privado,7,140390001464A,1412000011189,163,345,8034,AP
Vehículo Privado,7,140390001496A,1403900010863,226,373,67,AP
Vehículo Privado,7,140390001496A,1412000016777,226,373,8389,AP
Vehículo Privado,7,140390001521A,1403900012287,234,398,190,AP
Vehículo Privado,7,140390001521A,140390001521A,468,398,398,AP
Vehículo Privado,7,140390001553A,1403900011927,163,428,161,AP
Vehículo Privado,7,140390001553A,1403900014936,163,428,370,AP
Vehículo Privado,7,140440002005A,140440011,7,1013,1031,AP
Vehículo Privado,7,140440002005A,140440026,14,1013,1032,AP
Vehículo Privado,7,140440002005A,140440002012A,7,1013,1015,AP
Vehículo Privado,7,140440002012A,140440026,28,1015,1032,AP
Vehículo Privado,7,140440002012A,140510035,7,1015,2020,AP
Vehículo Privado,7,140440002012A,999990005,28,1015,10004,AP
Vehículo Privado,7,140440002012A,1403900014033,7,1015,290,AP
Vehículo Privado,7,140440002012A,1404400010098,14,1015,1004,AP
Vehículo Privado,7,140440002012A,1404400020115,14,1015,1014,AP
Vehículo Privado,7,140440002012A,1404400050257,7,1015,1024,AP
Vehículo Privado,7,140440002012A,1407000010115,7,1015,3005,AP
Vehículo Privado,7,140440002012A,140440002012A,21,1015,1015,AP
Vehículo Privado,7,140440002012A,140510001004A,14,1015,2001,AP
Vehículo Privado,7,140510001004A,140510016,8,2001,2019,AP
Vehículo Privado,7,140510001004A,140970602,2,2001,5242,AP
Vehículo Privado,7,140510001004A,1403900012183,2,2001,183,AP
Vehículo Privado,7,140510001004A,1403900013707,2,2001,260,AP
Vehículo Privado,7,140510001004A,1405100010054,4,2001,2002,AP
Vehículo Privado,7,140510001004A,1405100010069,6,2001,2003,AP
Vehículo Privado,7,140510001004A,1407000010030,4,2001,3001,AP
Vehículo Privado,7,140510001004A,1407000010045,12,2001,3002,AP
Vehículo Privado,7,140510001004A,1407000010115,2,2001,3005,AP
Vehículo Privado,7,140510001004A,1407000010134,2,2001,3007,AP
Vehículo Privado,7,140510001004A,1407000010384,2,2001,3009,AP
Vehículo Privado,7,140510001004A,1407000010399,2,2001,3010,AP
Vehículo Privado,7,140510001004A,1407000010702,2,2001,3015,AP
Vehículo Privado,7,140510001004A,1407000140276,2,2001,3046,AP
Vehículo Privado,7,140510001004A,1407000200242,2,2001,3068,AP
Vehículo Privado,7,140510001004A,1407000200257,2,2001,3069,AP
Vehículo Privado,7,140510001004A,1407001111359,2,2001,3123,AP
Vehículo Privado,7,140510001004A,1409701152007,2,2001,5216,AP
Vehículo Privado,7,140510001004A,1409800010879,4,2001,6028,AP
Vehículo Privado,7,140510001004A,1412400010495,2,2001,9031,AP
Vehículo Privado,7,140510001004A,140390001101A,4,2001,81,AP
Vehículo Privado,7,140510001004A,140510001004A,16,2001,2001,AP
Vehículo Privado,7,140510001004A,140700021101A,2,2001,3088,AP
Vehículo Privado,7,140510001004A,14070140A,2,2001,3131,AP
Vehículo Privado,7,140510001004A,99999000A,4,2001,10002,AP
Vehículo Privado,7,140700001012A,1405100010054,118,3006,2002,AP
Vehículo Privado,7,140700001012A,1407000010045,177,3006,3002,AP
Vehículo Privado,7,140700001012A,1409800010671,59,3006,6021,AP
Vehículo Privado,7,140700013005A,1409800013197,23,3027,6197,AP
Vehículo Privado,7,140700014044A,1409800011345,63,3049,6056,AP
Vehículo Privado,7,140700014083A,14097059A,63,3060,5241,AP
Vehículo Privado,7,140700020126A,1407000010399,59,3078,3010,AP
Vehículo Privado,7,140700020126A,1407000200789,177,3078,3072,AP
Vehículo Privado,7,140700020126A,1407000201236,59,3078,3076,AP
Vehículo Privado,7,140700021076A,1403900011359,15,3085,111,AP
Vehículo Privado,7,140700021101A,1403900014724,63,3088,351,AP
Vehículo Privado,7,140700021101A,1407000200079,63,3088,3065,AP
Vehículo Privado,7,140700021101A,1409800010101,189,3088,6006,AP
Vehículo Privado,7,140700021101A,140700021101A,189,3088,3088,AP
Vehículo Privado,7,140700111133A,1405100010054,59,3121,2002,AP
Vehículo Privado,7,140700111133A,1405100010069,59,3121,2003,AP
Vehículo Privado,7,140700111133A,1407000130401,59,3121,3033,AP
Vehículo Privado,7,140700111133A,1407001111378,59,3121,3125,AP
Vehículo Privado,7,140700111133A,1409800012428,59,3121,6131,AP
Vehículo Privado,7,140700111133A,140980001053A,59,3121,6019,AP
Vehículo Privado,7,140700111133A,99999000A,118,3121,10002,AP
Vehículo Privado,7,14070140A,1407000010030,118,3131,3001,AP
Vehículo Privado,7,14070140A,1407000200191,236,3131,3066,AP
Vehículo Privado,7,14070140A,1407000200257,59,3131,3069,AP
Vehículo Privado,7,14070140A,1407000430492,63,3131,3098,AP
Vehículo Privado,7,14070140A,1407001111325,59,3131,3120,AP
Vehículo Privado,7,14070140A,1407001111378,15,3131,3125,AP
Vehículo Privado,7,140970001212A,1409700010212,54,5024,5003,AP
Vehículo Privado,7,140970001212A,1409700150960,54,5024,5069,AP
Vehículo Privado,7,140970001212A,1409708234041,54,5024,5292,AP
Vehículo Privado,7,140970001212A,140970001212A,108,5024,5024,AP
Vehículo Privado,7,140970005034A,1409700010532,19,5036,5006,AP
Vehículo Privado,7,140970005034A,1409700010918,15,5036,5009,AP
Vehículo Privado,7,140970005034A,1409708623414,38,5036,5366,AP
Vehículo Privado,7,140970005034A,140970005034A,19,5036,5036,AP
Vehículo Privado,7,140970009283A,1409700411263,57,5053,5193,AP
Vehículo Privado,7,140970023276A,140970023276A,54,5084,5084,AP
Vehículo Privado,7,140970180123A,1403900011556,29,5225,127,AP
Vehículo Privado,7,140970180123A,1409701801244,29,5225,5226,AP
Vehículo Privado,7,140970180123A,1409704240975,261,5225,5230,AP
Vehículo Privado,7,140970180123A,141200001116A,29,5225,8033,AP
Vehículo Privado,7,140970180123A,141200001301A,58,5225,8147,AP
Vehículo Privado,7,140970424098A,1403900011556,38,5231,127,AP
Vehículo Privado,7,140970424098A,1409800012381,38,5231,6129,AP
Vehículo Privado,7,140970424098A,1409800143159,114,5231,6228,AP
Vehículo Privado,7,14097059A,140440011,57,5241,1031,AP
Vehículo Privado,7,14097059A,1404400010098,10,5241,1004,AP
Vehículo Privado,7,14097059A,1404400540416,57,5241,1034,AP
Vehículo Privado,7,14097059A,1407000641293,96,5241,3117,AP
Vehículo Privado,7,14097059A,1409700053147,19,5241,5043,AP
Vehículo Privado,7,14097059A,1409700340250,57,5241,5156,AP
Vehículo Privado,7,14097059A,1409700411259,57,5241,5192,AP
Vehículo Privado,7,14097059A,1409707771780,19,5241,5247,AP
Vehículo Privado,7,14097059A,14070140A,59,5241,3131,AP
Vehículo Privado,7,14097059A,14097059A,114,5241,5241,AP
Vehículo Privado,7,140970831205A,1409708311653,288,5302,5297,AP
Vehículo Privado,7,140970862340A,140390001457A,94,5365,338,AP
Vehículo Privado,7,140970884397A,1409700250369,104,5380,5088,AP
Vehículo Privado,7,140980001007A,1403900011429,249,6004,118,AP
Vehículo Privado,7,140980001007A,1409800011345,246,6004,6056,AP
Vehículo Privado,7,140980001053A,999990005,48,6019,10004,AP
Vehículo Privado,7,140980001053A,1403900012573,48,6019,211,AP
Vehículo Privado,7,140980001053A,1407000130401,48,6019,3033,AP
Vehículo Privado,7,140980001053A,1409800010671,48,6019,6021,AP
Vehículo Privado,7,140980001053A,1409800012428,96,6019,6131,AP
Vehículo Privado,7,140980001085A,140980001167A,91,6027,6079,AP
Vehículo Privado,7,140980001110A,1403900011359,178,6041,111,AP
Vehículo Privado,7,140980001110A,1409800010879,178,6041,6028,AP
Vehículo Privado,7,140980001110A,1409800011383,178,6041,6060,AP
Vehículo Privado,7,140980001110A,140980001110A,178,6041,6041,AP
Vehículo Privado,7,140980001181A,99999000A,23,6090,10002,AP
Vehículo Privado,7,140980001256A,1412000014501,163,6145,8259,AP
Vehículo Privado,7,140980001270A,1403900011378,91,6156,113,AP
Vehículo Privado,7,140980001270A,1403900014033,91,6156,290,AP
Vehículo Privado,7,140980001270A,1409700931028,91,6156,5208,AP
Vehículo Privado,7,140980001270A,1412002434713,91,6156,8517,AP
Vehículo Privado,7,140980128288A,140980012,182,6235,6216,AP
Vehículo Privado,7,140980128288A,1409800011256,182,6235,6052,AP
Vehículo Privado,7,140980128288A,1409800011260,91,6235,6053,AP
Vehículo Privado,7,140980128288A,1412000014484,182,6235,8257,AP
Vehículo Privado,7,141010001040A,141010001040A,144,7010,7010,AP
Vehículo Privado,7,141010001065A,1403900012319,144,7030,193,AP
Vehículo Privado,7,141010001108A,1409800012606,246,7065,6148,AP
Vehículo Privado,7,141010001108A,141010001204A,246,7065,7130,AP
Vehículo Privado,7,141010001115A,1403900011467,109,7071,122,AP
Vehículo Privado,7,141010001115A,1403900014476,109,7071,328,AP
Vehículo Privado,7,141010001179A,1403900011359,144,7117,111,AP
Vehículo Privado,7,141010001250A,1409800010879,41,7143,6028,AP
Vehículo Privado,7,141010001250A,1409800013322,41,7143,6207,AP
Vehículo Privado,7,141010001250A,1410100011516,41,7143,7099,AP
Vehículo Privado,7,141010001250A,1412400940387,41,7143,9048,AP
Vehículo Privado,7,141010001250A,140980001007A,41,7143,6004,AP
Vehículo Privado,7,141010001250A,140980001053A,41,7143,6019,AP
Vehículo Privado,7,141010009211A,1410100091465,109,7169,7151,AP
Vehículo Privado,7,141010027236A,140701467,23,7210,3133,AP
Vehículo Privado,7,141010027236A,140980243,23,7210,6237,AP
Vehículo Privado,7,141010027236A,1403900012554,23,7210,209,AP
Vehículo Privado,7,141010027236A,1407000010702,23,7210,3015,AP
Vehículo Privado,7,141010027236A,1407000130416,23,7210,3034,AP
Vehículo Privado,7,141010027236A,1409800010953,23,7210,6029,AP
Vehículo Privado,7,141010027236A,1410100010448,23,7210,7012,AP
Vehículo Privado,7,141010027236A,1410100010927,23,7210,7050,AP
Vehículo Privado,7,141010027236A,1410100011588,23,7210,7103,AP
Vehículo Privado,7,141010027236A,1412400010175,23,7210,9005,AP
Vehículo Privado,7,141200001027A,1412000010405,178,8006,8011,AP
Vehículo Privado,7,141200001066A,1403900010613,100,8018,44,AP
Vehículo Privado,7,141200001066A,1403900011293,200,8018,105,AP
Vehículo Privado,7,141200001066A,1403900011804,29,8018,149,AP
Vehículo Privado,7,141200001066A,1403900011908,100,8018,159,AP
Vehículo Privado,7,141200001066A,1403900015309,100,8018,406,AP
Vehículo Privado,7,141200001066A,1403900015366,100,8018,412,AP
Vehículo Privado,7,141200001066A,1412000010212,100,8018,8001,AP
Vehículo Privado,7,141200001066A,1412000010547,100,8018,8012,AP
Vehículo Privado,7,141200001066A,1412000010814,100,8018,8022,AP
Vehículo Privado,7,141200001066A,1412000011297,100,8018,8041,AP
Vehículo Privado,7,141200001066A,1412000013128,100,8018,8156,AP
Vehículo Privado,7,141200001066A,1412000013306,100,8018,8171,AP
Vehículo Privado,7,141200001066A,141200001066A,227,8018,8018,AP
Vehículo Privado,7,141200001098A,1412000011009,110,8027,8029,AP
Vehículo Privado,7,141200001098A,1412000016067,95,8027,8349,AP
Vehículo Privado,7,141200001098A,1412000016743,59,8027,8386,AP
Vehículo Privado,7,141200001116A,1403900011043,176,8033,84,AP
Vehículo Privado,7,141200001116A,1403900013143,88,8033,233,AP
Vehículo Privado,7,141200001116A,1409800140027,88,8033,6217,AP
Vehículo Privado,7,141200001116A,1412000010706,264,8033,8020,AP
Vehículo Privado,7,141200001116A,1412000011278,75,8033,8039,AP
Vehículo Privado,7,141200001116A,141200001116A,88,8033,8033,AP
Vehículo Privado,7,141200001187A,1403900011378,178,8061,113,AP
Vehículo Privado,7,141200001187A,1412000012261,534,8061,8079,AP
Vehículo Privado,7,141200001187A,1412000013185,356,8061,8162,AP
Vehículo Privado,7,141200001187A,140390001101A,178,8061,81,AP
Vehículo Privado,7,141200001194A,1409800011453,267,8067,6065,AP
Vehículo Privado,7,141200001244A,1403900014071,274,8097,294,AP
Vehículo Privado,7,141200001251A,1412000010602,267,8104,8013,AP
Vehículo Privado,7,141200001251A,1412000010706,534,8104,8020,AP
Vehículo Privado,7,141200001251A,1412000012558,534,8104,8108,AP
Vehículo Privado,7,141200001251A,140390001464A,267,8104,345,AP
Vehículo Privado,7,141200001283A,1412000012774,96,8131,8125,AP
Vehículo Privado,7,141200001290A,1403900011310,88,8136,107,AP
Vehículo Privado,7,141200001290A,1412000011278,176,8136,8039,AP
Vehículo Privado,7,141200001290A,1412000012967,88,8136,8142,AP
Vehículo Privado,7,141200001290A,1412000013293,88,8136,8170,AP
Vehículo Privado,7,141200001290A,141200001116A,322,8136,8033,AP
Vehículo Privado,7,141200001319A,1412000013325,178,8163,8173,AP
Vehículo Privado,7,141200001319A,141200001027A,178,8163,8006,AP
Vehículo Privado,7,141200001326A,1403900010365,110,8167,23,AP
Vehículo Privado,7,141200001326A,1403900010435,110,8167,29,AP
Vehículo Privado,7,141200001326A,1403900010933,110,8167,73,AP
Vehículo Privado,7,141200001326A,1403900012639,110,8167,217,AP
Vehículo Privado,7,141200001326A,1403900015440,110,8167,420,AP
Vehículo Privado,7,141200001326A,1412000013062,110,8167,8151,AP
Vehículo Privado,7,141200001326A,1412000016870,110,8167,8399,AP
Vehículo Privado,7,141200001326A,1412000017046,220,8167,8409,AP
Vehículo Privado,7,141200001326A,140980001007A,110,8167,6004,AP
Vehículo Privado,7,141200001326A,141200001326A,220,8167,8167,AP
Vehículo Privado,7,141200001326A,141200001422A,110,8167,8231,AP
Vehículo Privado,7,141200001326A,99999000A,110,8167,10002,AP
Vehículo Privado,7,141200001340A,1403900011359,38,8177,111,AP
Vehículo Privado,7,141200001340A,1412000014836,38,8177,8281,AP
Vehículo Privado,7,141200001365A,1403900012569,96,8196,210,AP
Vehículo Privado,7,141200001365A,1410100010382,96,8196,7008,AP
Vehículo Privado,7,141200001372A,1403900010651,48,8203,47,AP
Vehículo Privado,7,141200001397A,1412000014412,100,8216,8250,AP
Vehículo Privado,7,141200001422A,1403900013976,178,8231,284,AP
Vehículo Privado,7,141200001447A,140970602,91,8256,5242,AP
Vehículo Privado,7,141200001454A,1403900015309,267,8263,406,AP
Vehículo Privado,7,141200001454A,1412000013575,267,8263,8189,AP
Vehículo Privado,7,141200001454A,1412000014535,267,8263,8262,AP
Vehículo Privado,7,141200001461A,1412000010405,100,8270,8011,AP
Vehículo Privado,7,141200001486A,1403900010115,48,8284,6,AP
Vehículo Privado,7,141200001486A,1403900010350,48,8284,22,AP
Vehículo Privado,7,141200001486A,1412000010814,48,8284,8022,AP
Vehículo Privado,7,141200001486A,1412000012242,48,8284,8077,AP
Vehículo Privado,7,141200001486A,1412000012261,48,8284,8079,AP
Vehículo Privado,7,141200001486A,1412000012276,48,8284,8080,AP
Vehículo Privado,7,141200001486A,1412000012774,96,8284,8125,AP
Vehículo Privado,7,141200001486A,1412002065054,48,8284,8462,AP
Vehículo Privado,7,141200001486A,141200001212A,48,8284,8070,AP
Vehículo Privado,7,141200001486A,141200001372A,48,8284,8203,AP
Vehículo Privado,7,141200001536A,141200001098A,95,8314,8027,AP
Vehículo Privado,7,141200001582A,1403900010647,267,8338,46,AP
Vehículo Privado,7,141200001582A,1412000013575,267,8338,8189,AP
Vehículo Privado,7,141200001582A,1412000015270,534,8338,8306,AP
Vehículo Privado,7,141200001582A,141200001066A,267,8338,8018,AP
Vehículo Privado,7,141200001657A,999990001,29,8374,10006,AP
Vehículo Privado,7,141200001657A,1409700201013,29,8374,5079,AP
Vehículo Privado,7,141200001657A,1409704240443,58,8374,5228,AP
Vehículo Privado,7,141200001657A,1412000010405,29,8374,8011,AP
Vehículo Privado,7,141200001657A,1412000011189,29,8374,8034,AP
Vehículo Privado,7,141200001657A,1412000013306,29,8374,8171,AP
Vehículo Privado,7,141200001657A,1412000016828,29,8374,8394,AP
Vehículo Privado,7,141200001657A,141200001066A,29,8374,8018,AP
Vehículo Privado,7,141200001689A,1412000016550,132,8401,8372,AP
Vehículo Privado,7,141200001707A,1412000011460,45,8412,8044,AP
Vehículo Privado,7,141200001707A,140390001464A,45,8412,345,AP
Vehículo Privado,7,141200001739A,1412000016550,31,8437,8372,AP
Vehículo Privado,7,141200206504A,141200087,6,8461,8452,AP
Vehículo Privado,7,141200206504A,999990003,3,8461,10003,AP
Vehículo Privado,7,141200206504A,1403900014071,3,8461,294,AP
Vehículo Privado,7,141200206504A,1412000012789,3,8461,8126,AP
Vehículo Privado,7,141200206504A,1412002065054,12,8461,8462,AP
Vehículo Privado,7,141200206504A,141200206504A,6,8461,8461,AP
Vehículo Privado,7,141200231415A,1412000011206,24,8476,8036,AP
Vehículo Privado,7,141200758080A,141200068,59,8539,8451,AP
Vehículo Privado,7,141200758080A,1403900010863,59,8539,67,AP
Vehículo Privado,7,141200758080A,1412000012609,59,8539,8111,AP
Vehículo Privado,7,141200758080A,1412000016743,59,8539,8386,AP
Vehículo Privado,7,141200758080A,1412000016777,59,8539,8389,AP
Vehículo Privado,7,141200758080A,1412007580848,295,8539,8542,AP
Vehículo Privado,7,141240001018A,1412400010122,35,9006,9001,AP
Vehículo Privado,7,141240001018A,1412400010480,70,9006,9030,AP
Vehículo Privado,7,141240001018A,1412400010495,35,9006,9031,AP
Vehículo Privado,7,141240001018A,1412400010512,35,9006,9033,AP
Vehículo Privado,7,141240001018A,141240001018A,35,9006,9006,AP
Vehículo Privado,7,99999000A,1407000130350,96,10002,3031,AP
Vehículo Privado,7,99999000A,140390001521A,234,10002,398,AP
Vehículo Privado,7,140440011,1404400540416,27,1031,1034,AP
Vehículo Privado,7,140440011,1404401700219,54,1031,1037,AP
Vehículo Privado,7,140440011,14097059A,27,1031,5241,AP
Vehículo Privado,7,140980243,1409800012201,30,6237,6116,AP
Vehículo Privado,7,141200123,141200001664A,3,8455,8381,AP
Vehículo Privado,7,1404400010083,99999000A,10,1003,10002,AP
Vehículo Privado,7,1404400010100,1404400010280,10,1005,1006,AP
Vehículo Privado,7,1404400020134,140440002005A,7,1016,1013,AP
Vehículo Privado,7,1404400100242,1404400100238,27,1029,1028,AP
Vehículo Privado,7,1404400540401,1404400540401,27,1033,1033,AP
Vehículo Privado,7,1407000210967,1409800010262,30,3086,6009,AP
Vehículo Privado,7,1407000210967,1409800011063,15,3086,6037,AP
Vehículo Privado,7,1407000210967,14070140A,45,3086,3131,AP
Vehículo Privado,7,1407000430897,140700021101A,63,3106,3088,AP
Vehículo Privado,7,1409700010212,1409700010941,108,5003,5012,AP
Vehículo Privado,7,1409700010918,1409700010937,15,5009,5011,AP
Vehículo Privado,7,1409700010922,1409700010918,15,5010,5009,AP
Vehículo Privado,7,1409700010941,1409700012098,15,5012,5021,AP
Vehículo Privado,7,1409700053166,140970005034A,19,5045,5036,AP
Vehículo Privado,7,1409700250299,1409708274130,104,5086,5294,AP
Vehículo Privado,7,1409700250369,1409700250814,51,5088,5099,AP
Vehículo Privado,7,1409700320284,1409700321189,104,5139,5149,AP
Vehículo Privado,7,1409700320829,140970032027A,104,5143,5138,AP
Vehículo Privado,7,1409700340250,140970104,19,5156,5209,AP
Vehículo Privado,7,1409700340250,1409700340388,38,5156,5158,AP
Vehículo Privado,7,1409700340373,140973679,19,5157,5390,AP
Vehículo Privado,7,1409700340373,1409700340388,19,5157,5158,AP
Vehículo Privado,7,1409700340388,1409700340250,19,5158,5156,AP
Vehículo Privado,7,1409700350138,1409700350551,96,5169,5172,AP
Vehículo Privado,7,1409700350551,1403900015366,96,5172,412,AP
Vehículo Privado,7,1409700353734,1409708312026,192,5178,5299,AP
Vehículo Privado,7,1409704241761,1409704240443,38,5232,5228,AP
Vehículo Privado,7,1409706133927,1409708623414,94,5243,5366,AP
Vehículo Privado,7,1409706133927,1412000010636,282,5243,8015,AP
Vehículo Privado,7,1409706133931,1409708432651,282,5244,5335,AP
Vehículo Privado,7,1409707771780,14097059A,57,5247,5241,AP
Vehículo Privado,7,1409708222469,140970822194A,242,5274,5266,AP
Vehículo Privado,7,1409708332933,1409708221530,242,5316,5252,AP
Vehículo Privado,7,1409708432647,1409708432632,94,5334,5333,AP
Vehículo Privado,7,1409708843965,1409708443804,104,5379,5350,AP
Vehículo Privado,7,1409800010262,1407000140276,178,6009,3046,AP
Vehículo Privado,7,1409800010794,1412000013664,227,6025,8197,AP
Vehículo Privado,7,1409800012004,1410100011130,41,6104,7069,AP
Vehículo Privado,7,1409800012042,1409800012042,38,6105,6105,AP
Vehículo Privado,7,1409800012042,1412000014516,76,6105,8260,AP
Vehículo Privado,7,1409800012659,1409800011951,163,6153,6100,AP
Vehículo Privado,7,1410100010679,1410100010448,41,7031,7012,AP
Vehículo Privado,7,1410100010679,1410100011554,123,7031,7100,AP
Vehículo Privado,7,1410100010895,141010001097A,144,7048,7055,AP
Vehículo Privado,7,1410100091677,1410100010927,288,7155,7050,AP
Vehículo Privado,7,1410100091802,1410100091465,109,7159,7151,AP
Vehículo Privado,7,1410100091802,1410100091520,109,7159,7152,AP
Vehículo Privado,7,1410100092105,1410100091465,218,7168,7151,AP
Vehículo Privado,7,1410100092105,1410100092105,109,7168,7168,AP
Vehículo Privado,7,1410100092410,1410100092139,109,7187,7171,AP
Vehículo Privado,7,1412000011032,1412000011032,96,8030,8030,AP
Vehículo Privado,7,1412000011526,1412000010706,38,8045,8020,AP
Vehículo Privado,7,1412000012115,1403900014936,48,8069,370,AP
Vehículo Privado,7,1412000012295,1412000013556,147,8082,8187,AP
Vehículo Privado,7,1412000012469,1412000013414,38,8099,8178,AP
Vehículo Privado,7,1412000012488,1412000012505,87,8101,8103,AP
Vehículo Privado,7,1412000012793,1412000011634,48,8127,8047,AP
Vehículo Privado,7,1412000012793,1412000012755,48,8127,8124,AP
Vehículo Privado,7,1412000012793,141200001372A,48,8127,8203,AP
Vehículo Privado,7,1412000012863,1412000013518,38,8133,8186,AP
Vehículo Privado,7,1412000014501,1409800012555,38,8259,6144,AP
Vehículo Privado,7,1412000014501,140970424098A,38,8259,5231,AP
Vehículo Privado,7,1412000014516,1412000014501,163,8260,8259,AP
Vehículo Privado,7,1412000014658,1412000014662,49,8272,8273,AP
Vehículo Privado,7,1412000015340,1412000014662,45,8312,8273,AP
Vehículo Privado,7,1412000015444,1412000016300,45,8316,8360,AP
Vehículo Privado,7,1412000015548,1412000012261,864,8324,8079,AP
Vehículo Privado,7,1412000015548,1412000014287,960,8324,8237,AP
Vehículo Privado,7,1412000016391,1412000012863,49,8363,8133,AP
Vehículo Privado,7,1412000016508,1412000016550,31,8367,8372,AP
Vehículo Privado,7,1412000016620,1412000016584,31,8379,8375,AP
Vehículo Privado,7,1412000017031,1412000016724,62,8408,8384,AP
Vehículo Privado,7,1412000017031,141200001671A,124,8408,8383,AP
Vehículo Privado,7,1412002065054,1412002065054,18,8462,8462,AP
Vehículo Privado,7,1412002065054,141200206504A,3,8462,8461,AP
Vehículo Privado,7,1412002312079,1412001395995,24,8468,8458,AP
Vehículo Privado,7,1412002314145,1412001395980,24,8475,8457,AP
Vehículo Privado,7,1412002314145,141200231205A,24,8475,8467,AP
Vehículo Privado,7,1412002314164,1412002314179,24,8477,8478,AP
Vehículo Privado,7,1412002314179,1412001395980,24,8478,8457,AP
Vehículo Privado,7,1412002314179,1412002315887,72,8478,8489,AP
Vehículo Privado,7,1412004307421,1412004306940,413,8521,8519,AP
Vehículo Privado,7,1412401760160,1412400010175,3,9051,9005,AP
Vehículo Privado,7,140440002012A,140440002012A,7,1015,1015,AP
Vehículo Privado,7,140970001212A,1409700010212,54,5024,5003,AP
Vehículo Privado,7,141200001739A,1412000016508,31,8437,8367,AP
Vehículo Privado,7,140440011,140440011,54,1031,1031,AP
Vehículo Privado,7,140440011,1404400010098,54,1031,1004,AP
Vehículo Privado,7,140440011,1404400100223,162,1031,1027,AP
Vehículo Privado,7,140440011,14097059A,27,1031,5241,AP
Vehículo Privado,7,140440026,140440011,20,1032,1031,AP
Vehículo Privado,7,140970104,1409700340388,38,5209,5158,AP
Vehículo Privado,7,140970123,140973679,10,5222,5390,AP
Vehículo Privado,7,140970123,14097059A,10,5222,5241,AP
Vehículo Privado,7,140970602,1409800141129,208,5242,6219,AP
Vehículo Privado,7,141200142,141205567,13,8459,8546,AP
Vehículo Privado,7,141200157,1412000011193,76,8460,8035,AP
Vehículo Privado,7,141200157,141200001397A,76,8460,8216,AP
Vehículo Privado,7,141240033,141240033,9,9043,9043,AP
Vehículo Privado,7,141240033,999990004,6,9043,10001,AP
Vehículo Privado,7,1403900010030,1412000015478,150,2,8319,AP
Vehículo Privado,7,1403900010204,1403900011382,452,11,114,AP
Vehículo Privado,7,1403900010562,1412000014287,75,40,8237,AP
Vehículo Privado,7,1403900010651,999990001,202,47,10006,AP
Vehículo Privado,7,1403900010825,140390001083A,498,63,64,AP
Vehículo Privado,7,1403900011166,1412000012914,111,95,8137,AP
Vehículo Privado,7,1403900011626,1412000015336,49,133,8311,AP
Vehículo Privado,7,1403900011626,140700021101A,15,133,3088,AP
Vehículo Privado,7,1403900011679,141203908,111,138,8545,AP
Vehículo Privado,7,1403900013340,1412000013170,238,239,8161,AP
Vehículo Privado,7,1403900013711,1412000010975,48,261,8026,AP
Vehículo Privado,7,1403900013961,1412000013128,238,283,8156,AP
Vehículo Privado,7,1403900014461,1412000010636,150,327,8015,AP
Vehículo Privado,7,1403900014584,1412000010706,238,339,8020,AP
Vehículo Privado,7,1403900015474,1403900013374,454,422,240,AP
Vehículo Privado,7,1404400010083,14097059A,10,1003,5241,AP
Vehículo Privado,7,1404400010098,999990005,10,1004,10004,AP
Vehículo Privado,7,1404400010098,1409700411263,10,1004,5193,AP
Vehículo Privado,7,1404400010098,14097059A,10,1004,5241,AP
Vehículo Privado,7,1404400010280,1404400010098,40,1006,1004,AP
Vehículo Privado,7,1404400020115,1403900015559,7,1014,430,AP
Vehículo Privado,7,1404400100223,14070140A,57,1027,3131,AP
Vehículo Privado,7,1405100010054,1407000140276,59,2002,3046,AP
Vehículo Privado,7,1405100020213,1407000140558,21,2018,3055,AP
Vehículo Privado,7,1407000010045,1410100010147,18,3002,7001,AP
Vehículo Privado,7,1407000010098,14070140A,59,3003,3131,AP
Vehículo Privado,7,1407000010134,1409701152007,59,3007,5216,AP
Vehículo Privado,7,1407000010702,1407000200204,59,3015,3067,AP
Vehículo Privado,7,1407000010702,1407001111378,59,3015,3125,AP
Vehículo Privado,7,1407000010702,1412000011206,59,3015,8036,AP
Vehículo Privado,7,1407000011058,99999000A,59,3020,10002,AP
Vehículo Privado,7,1407000130401,140980001053A,48,3033,6019,AP
Vehículo Privado,7,1407000130401,140980001110A,356,3033,6041,AP
Vehículo Privado,7,1407000140276,1403900014809,202,3046,357,AP
Vehículo Privado,7,1407000140276,99999000A,23,3046,10002,AP
Vehículo Privado,7,1407000140825,1409704240443,63,3059,5228,AP
Vehículo Privado,7,1407000200191,140510016,59,3066,2019,AP
Vehículo Privado,7,1407000200191,1409800012767,23,3066,6162,AP
Vehículo Privado,7,1407000200204,14070140A,59,3067,3131,AP
Vehículo Privado,7,1407000200257,140700020126A,118,3069,3078,AP
Vehículo Privado,7,1407000201397,140980243,59,3080,6237,AP
Vehículo Privado,7,1407000210736,140700021101A,15,3082,3088,AP
Vehículo Privado,7,1407000430295,99999000A,63,3096,10002,AP
Vehículo Privado,7,1407000430806,14097059A,15,3105,5241,AP
Vehículo Privado,7,1409700010208,1409700432613,15,5002,5204,AP
Vehículo Privado,7,1409700010918,1409700340373,15,5009,5157,AP
Vehículo Privado,7,1409700050335,140970123,19,5035,5222,AP
Vehículo Privado,7,1409700053147,1409800011928,19,5043,6099,AP
Vehículo Privado,7,1409700053166,1409700053166,114,5045,5045,AP
Vehículo Privado,7,1409700053166,140970005034A,38,5045,5036,AP
Vehículo Privado,7,1409700053503,99999000A,19,5047,10002,AP
Vehículo Privado,7,1409700053575,1409700053166,76,5049,5045,AP
Vehículo Privado,7,1409700053575,1409700213838,19,5049,5080,AP
Vehículo Privado,7,1409700092825,1409700092825,57,5052,5052,AP
Vehículo Privado,7,1409700092859,1409700092810,57,5055,5051,AP
Vehículo Privado,7,1409700092882,1409700092825,57,5058,5052,AP
Vehículo Privado,7,1409700150956,999990006,10,5068,10005,AP
Vehículo Privado,7,1409700152064,140970015,10,5074,5060,AP
Vehículo Privado,7,1409700250477,1412002434709,102,5091,8516,AP
Vehículo Privado,7,1409700250763,1409700250797,102,5094,5097,AP
Vehículo Privado,7,1409700251456,1412000012558,104,5111,8108,AP
Vehículo Privado,7,1409700340373,140970104,19,5157,5209,AP
Vehículo Privado,7,1409700350138,1409700320180,96,5169,5136,AP
Vehículo Privado,7,1409700353734,140971066,192,5178,5383,AP
Vehículo Privado,7,1409701150890,1404400010295,10,5212,1007,AP
Vehículo Privado,7,1409701152596,14097059A,59,5217,5241,AP
Vehículo Privado,7,1409701800301,1412000012505,58,5223,8103,AP
Vehículo Privado,7,1409704240443,1409800012112,23,5228,6110,AP
Vehículo Privado,7,1409704241761,1403900011397,111,5232,115,AP
Vehículo Privado,7,1409704241761,1409700353772,96,5232,5179,AP
Vehículo Privado,7,1409704241761,1409800010953,178,5232,6029,AP
Vehículo Privado,7,1409704241761,1412000012327,49,5232,8085,AP
Vehículo Privado,7,1409704241761,1412000013414,38,5232,8178,AP
Vehículo Privado,7,1409704241761,1412000014605,267,5232,8269,AP
Vehículo Privado,7,1409704241761,1412000015209,90,5232,8302,AP
Vehículo Privado,7,1409704241761,1412000015552,38,5232,8325,AP
Vehículo Privado,7,1409704241761,140700020126A,59,5232,3078,AP
Vehículo Privado,7,1409704393880,1409708432717,108,5234,5341,AP
Vehículo Privado,7,1409706133927,1412000010636,282,5243,8015,AP
Vehículo Privado,7,1409707772365,14097059A,57,5248,5241,AP
Vehículo Privado,7,1409707772365,99999000A,57,5248,10002,AP
Vehículo Privado,7,1409708221530,1409700381795,242,5252,5181,AP
Vehículo Privado,7,1409708221530,1409708221579,484,5252,5256,AP
Vehículo Privado,7,1409708223058,1409708223058,242,5277,5277,AP
Vehículo Privado,7,1409708311653,1409708311653,192,5297,5297,AP
Vehículo Privado,7,1409708312011,1409708312011,192,5298,5298,AP
Vehículo Privado,7,1409708312026,1409708311653,96,5299,5297,AP
Vehículo Privado,7,1409708441687,1409708441687,208,5345,5345,AP
Vehículo Privado,7,1409708623414,1409700340250,94,5366,5156,AP
Vehículo Privado,7,1409708843965,1409708441687,104,5379,5345,AP
Vehículo Privado,7,1409708843965,1409708441704,416,5379,5347,AP
Vehículo Privado,7,1409800010347,1409800010347,356,6012,6012,AP
Vehículo Privado,7,1409800010370,1412000016758,23,6014,8387,AP
Vehículo Privado,7,1409800011190,1412000011723,454,6046,8052,AP
Vehículo Privado,7,1409800011383,1409800011383,23,6060,6060,AP
Vehículo Privado,7,1409800011928,1412000014535,267,6099,8262,AP
Vehículo Privado,7,1409800012273,1403900014033,178,6123,290,AP
Vehículo Privado,7,1409800012625,1409800012220,178,6150,6118,AP
Vehículo Privado,7,1409800012625,1409800012625,356,6150,6150,AP
Vehículo Privado,7,1409800012714,1409800012733,91,6157,6159,AP
Vehículo Privado,7,1409800012752,1407000140276,23,6161,3046,AP
Vehículo Privado,7,1409800012752,1409800011928,23,6161,6099,AP
Vehículo Privado,7,1409800012767,1407000140276,23,6162,3046,AP
Vehículo Privado,7,1409800013214,1407000130401,96,6199,3033,AP
Vehículo Privado,7,1410100010823,1410100010310,144,7043,7005,AP
Vehículo Privado,7,1410100010965,1410100010965,144,7054,7054,AP
Vehículo Privado,7,1410100010999,1410100010202,144,7057,7004,AP
Vehículo Privado,7,1410100011268,1410100010147,36,7078,7001,AP
Vehículo Privado,7,1410100011573,1410100010946,23,7102,7052,AP
Vehículo Privado,7,1410100012073,1409800010879,702,7133,6028,AP
Vehículo Privado,7,1410100092181,1407000010115,109,7176,3005,AP
Vehículo Privado,7,1410100092393,141011959,109,7185,7229,AP
Vehículo Privado,7,1410100312317,1410100312317,46,7211,7211,AP
Vehículo Privado,7,1410101902374,1407000130401,23,7224,3033,AP
Vehículo Privado,7,1410101902374,1412000016599,23,7224,8376,AP
Vehículo Privado,7,1412000010369,1403900014508,137,8008,331,AP
Vehículo Privado,7,1412000010918,1412002434709,137,8024,8516,AP
Vehículo Privado,7,1412000011009,1412000012702,356,8029,8121,AP
Vehículo Privado,7,1412000011009,1412007580744,118,8029,8536,AP
Vehículo Privado,7,1412000011155,1412000014198,264,8032,8228,AP
Vehículo Privado,7,1412000011206,1412000011206,172,8036,8036,AP
Vehículo Privado,7,1412000011278,1412000014408,400,8039,8249,AP
Vehículo Privado,7,1412000011282,1412000014431,200,8040,8252,AP
Vehículo Privado,7,1412000011297,1412000013217,267,8041,8165,AP
Vehículo Privado,7,1412000011634,141205567,137,8047,8546,AP
Vehículo Privado,7,1412000011846,1412000015533,96,8058,8323,AP
Vehículo Privado,7,1412000011935,1412000014573,534,8066,8266,AP
Vehículo Privado,7,1412000012115,141200001664A,48,8069,8381,AP
Vehículo Privado,7,1412000012134,1403900010685,192,8071,50,AP
Vehículo Privado,7,1412000012295,1409704241761,49,8082,5232,AP
Vehículo Privado,7,1412000012350,1403900011043,88,8088,84,AP
Vehículo Privado,7,1412000012350,1412000012350,352,8088,8088,AP
Vehículo Privado,7,1412000013185,1412000012609,356,8162,8111,AP
Vehículo Privado,7,1412000014291,1412000011846,48,8238,8058,AP
Vehículo Privado,7,1412000014304,1412000016758,96,8239,8387,AP
Vehículo Privado,7,1412000014338,1412000011846,48,8242,8058,AP
Vehículo Privado,7,1412000014520,1412000012863,98,8261,8133,AP
Vehículo Privado,7,1412000015266,1412000013005,200,8305,8146,AP
Vehículo Privado,7,1412000015849,1412000011579,95,8340,8046,AP
Vehículo Privado,7,1412000016071,1412000012609,95,8350,8111,AP
Vehículo Privado,7,1412000016391,1412000014535,98,8363,8262,AP
Vehículo Privado,7,1412000016423,1412000016423,249,8364,8364,AP
Vehículo Privado,7,1412000016599,1410100010151,18,8376,7002,AP
Vehículo Privado,7,1412000016758,1403900014442,226,8387,325,AP
Vehículo Privado,7,1412000016758,1409700350231,96,8387,5170,AP
Vehículo Privado,7,1412000016758,1409800013267,91,8387,6201,AP
Vehículo Privado,7,1412000016758,1410100011573,23,8387,7102,AP
Vehículo Privado,7,1412000016758,1410100091677,218,8387,7155,AP
Vehículo Privado,7,1412000016758,1412000010212,110,8387,8001,AP
Vehículo Privado,7,1412000016758,1412000012793,48,8387,8127,AP
Vehículo Privado,7,1412000016758,1412000014215,137,8387,8230,AP
Vehículo Privado,7,1412000016758,1412002315779,24,8387,8487,AP
Vehículo Privado,7,1412000016758,140700014083A,63,8387,3060,AP
Vehículo Privado,7,1412000016758,140700043090A,63,8387,3107,AP
Vehículo Privado,7,1412000016758,141200206504A,3,8387,8461,AP
Vehículo Privado,7,1412000016921,141200001671A,62,8404,8383,AP
Vehículo Privado,7,1412000017012,141200001319A,190,8406,8163,AP
Vehículo Privado,7,1412001395980,141200104,78,8457,8454,AP
Vehículo Privado,7,1412001395980,1412001395995,26,8457,8458,AP
Vehículo Privado,7,1412002065054,1412000010373,3,8462,8009,AP
Vehículo Privado,7,1412002314145,1412000011846,24,8475,8058,AP
Vehículo Privado,7,1412002314145,1412002314145,24,8475,8475,AP
Vehículo Privado,7,1412002314164,1403900012130,24,8477,178,AP
Vehículo Privado,7,1412002315872,1412002434709,132,8488,8516,AP
Vehículo Privado,7,1412002434709,141205567,26,8516,8546,AP
Vehículo Privado,7,1412002434709,1409700340388,19,8516,5158,AP
Vehículo Privado,7,1412007500316,1412004306955,396,8525,8520,AP
Vehículo Privado,7,1412007580496,1412000011846,59,8531,8058,AP
Vehículo Privado,7,1412007580509,1412000010405,59,8532,8011,AP
Vehículo Privado,7,1412007580759,1412004307421,59,8537,8521,AP
Vehículo Privado,7,1412007580829,141200123,59,8540,8455,AP
Vehículo Privado,7,1412007580833,1412007580693,236,8541,8535,AP
Vehículo Privado,7,140390001119A,1403900011414,222,98,117,AP
Vehículo Privado,7,140440002012A,1407000200204,7,1015,3067,AP
Vehículo Privado,7,140510001004A,1407000200242,4,2001,3068,AP
Vehículo Privado,7,140510001004A,1412000010655,2,2001,8017,AP
Vehículo Privado,7,140510001004A,14097059A,2,2001,5241,AP
Vehículo Privado,7,140700013005A,1403900015402,23,3027,416,AP
Vehículo Privado,7,140700014044A,141205567,63,3049,8546,AP
Vehículo Privado,7,14070140A,140510016,118,3131,2019,AP
Vehículo Privado,7,140970032027A,1409700201013,104,5138,5079,AP
Vehículo Privado,7,14097059A,1404400100242,54,5241,1029,AP
Vehículo Privado,7,14097059A,1407000201236,118,5241,3076,AP
Vehículo Privado,7,14097059A,1409800011928,57,5241,6099,AP
Vehículo Privado,7,14097059A,1409800011951,163,5241,6100,AP
Vehículo Privado,7,14097059A,14097059A,123,5241,5241,AP
Vehículo Privado,7,140970831205A,1409708311653,384,5302,5297,AP
Vehículo Privado,7,140970835365A,1409700011121,54,5327,5017,AP
Vehículo Privado,7,140970835365A,1409800012555,54,5327,6144,AP
Vehículo Privado,7,140980001053A,1403900014033,96,6019,290,AP
Vehículo Privado,7,140980001135A,1410100010999,227,6057,7057,AP
Vehículo Privado,7,140980001320A,1407000130238,96,6198,3029,AP
Vehículo Privado,7,141010001115A,1403900013088,109,7071,232,AP
Vehículo Privado,7,141010027236A,1410100011573,23,7210,7102,AP
Vehículo Privado,7,141200001290A,1412000011225,88,8136,8038,AP
Vehículo Privado,7,141200001365A,1412000014268,192,8196,8235,AP
Vehículo Privado,7,141200001486A,1412000012609,48,8284,8111,AP
Vehículo Privado,7,141200001707A,1412000011460,45,8412,8044,AP
Vehículo Privado,7,141200231415A,1412000010231,24,8476,8003,AP
Vehículo Privado,7,141200231415A,141200231415A,24,8476,8476,AP
Vehículo Privado,7,99999000A,1409800011398,23,10002,6061,AP
Vehículo Privado,7,99999000A,1409800012822,178,10002,6168,AP
Vehículo Privado,7,99999000A,140700014044A,63,10002,3049,AP
Vehículo Privado,7,140440011,140440011,27,1031,1031,AP
Vehículo Privado,7,140510016,140510001004A,2,2019,2001,AP
Vehículo Privado,7,140701467,140701467,23,3133,3133,AP
Vehículo Privado,7,140980012,1412000010706,76,6216,8020,AP
Vehículo Privado,7,140980243,1409800012856,15,6237,6171,AP
Vehículo Privado,7,141011963,1412000013293,144,7230,8170,AP
Vehículo Privado,7,141240090,1403900011043,3,9047,84,AP
Vehículo Privado,7,1403900010030,1412000014198,75,2,8228,AP
Vehículo Privado,7,1403900010276,140390001083A,226,15,64,AP
Vehículo Privado,7,1403900010399,1410100010912,202,26,7049,AP
Vehículo Privado,7,1403900010401,1410100011997,18,27,7125,AP
Vehículo Privado,7,1403900010469,1403900012569,452,32,210,AP
Vehículo Privado,7,1403900010524,1403900010115,226,37,6,AP
Vehículo Privado,7,1403900010651,1403900014584,202,47,339,AP
Vehículo Privado,7,1403900010755,1403900012554,111,57,209,AP
Vehículo Privado,7,1403900010933,1403900011556,150,73,127,AP
Vehículo Privado,7,1403900011043,1409700010941,15,84,5012,AP
Vehículo Privado,7,1403900011043,1412400010480,75,84,9030,AP
Vehículo Privado,7,1403900011185,1403900011166,111,97,95,AP
Vehículo Privado,7,1403900011185,1403900011359,111,97,111,AP
Vehículo Privado,7,1403900011185,1403900014067,111,97,293,AP
Vehículo Privado,7,1403900011537,1403900015188,234,126,395,AP
Vehículo Privado,7,1403900011715,1409800012606,246,142,6148,AP
Vehículo Privado,7,1403900011753,1412000011278,119,145,8039,AP
Vehículo Privado,7,1403900011880,1409800010879,111,157,6028,AP
Vehículo Privado,7,1403900011999,999990005,492,168,10004,AP
Vehículo Privado,7,1403900012018,1403900012018,492,170,170,AP
Vehículo Privado,7,1403900012056,140390001101A,246,174,81,AP
Vehículo Privado,7,1403900012569,1403900014033,163,210,290,AP
Vehículo Privado,7,1403900012624,1412000012609,246,216,8111,AP
Vehículo Privado,7,1403900012802,1403900011556,227,227,127,AP
Vehículo Privado,7,1403900013980,1403900012569,111,285,210,AP
Vehículo Privado,7,1403900014033,1403900011325,48,290,108,AP
Vehículo Privado,7,1403900014353,1403900012554,246,318,209,AP
Vehículo Privado,7,1403900014457,1412000012914,150,326,8137,AP
Vehículo Privado,7,1403900014461,1403900011289,75,327,104,AP
Vehículo Privado,7,1403900014654,1403900012427,163,346,201,AP
Vehículo Privado,7,1403900014809,140390001101A,202,357,81,AP
Vehículo Privado,7,1403900015099,1403900015099,234,386,386,AP
Vehículo Privado,7,1403900015099,140390001101A,234,386,81,AP
Vehículo Privado,7,1403900015188,1403900011537,234,395,126,AP
Vehículo Privado,7,1403900015224,1403900012319,234,399,193,AP
Vehículo Privado,7,1403900015436,1403900015436,163,419,419,AP
Vehículo Privado,7,1403900015559,1409800012377,163,430,6128,AP
Vehículo Privado,7,1403900015671,1403900012569,234,442,210,AP
Vehículo Privado,7,1404400010098,1412400010300,10,1004,9016,AP
Vehículo Privado,7,1407000140346,1403900011096,126,3048,88,AP
Vehículo Privado,7,1407000210736,140700021101A,15,3082,3088,AP
Vehículo Privado,7,1409700050335,1403900011043,19,5035,84,AP
Vehículo Privado,7,1409700150227,1409700150227,10,5061,5061,AP
Vehículo Privado,7,1409708222168,1409708623414,242,5271,5366,AP
Vehículo Privado,7,1409708311653,1409700250763,96,5297,5094,AP
Vehículo Privado,7,1409708432702,1409700010941,94,5340,5012,AP
Vehículo Privado,7,1409708714056,1409708623414,192,5371,5366,AP
Vehículo Privado,7,1409800010031,1407001211518,23,6001,3127,AP
Vehículo Privado,7,1409800011434,1409800011260,182,6063,6053,AP
Vehículo Privado,7,1409800011542,140390001101A,246,6071,81,AP
Vehículo Privado,7,1409800011646,1403900014673,91,6076,348,AP
Vehículo Privado,7,1409800012042,1403900015366,38,6105,412,AP
Vehículo Privado,7,1409800012292,1409800012574,163,6124,6146,AP
Vehículo Privado,7,1409800012377,1403900012569,163,6128,210,AP
Vehículo Privado,7,1409800012428,1403900013641,246,6131,255,AP
Vehículo Privado,7,1409800012837,1403900014654,23,6169,346,AP
Vehículo Privado,7,1410100010147,1403900011170,18,7001,96,AP
Vehículo Privado,7,1410100010147,1410100010927,18,7001,7050,AP
Vehículo Privado,7,1410100011164,1403900012592,144,7072,213,AP
Vehículo Privado,7,1410100011268,1403900010416,18,7078,28,AP
Vehículo Privado,7,1410100011268,141010001097A,18,7078,7055,AP
Vehículo Privado,7,1410100091465,1410100010397,109,7151,7009,AP
Vehículo Privado,7,1410100092209,1409800010953,109,7178,6029,AP
Vehículo Privado,7,1410100092209,1410100010397,109,7178,7009,AP
Vehículo Privado,7,1410100312321,1407000010115,23,7212,3005,AP
Vehículo Privado,7,1412000010231,1412000014198,178,8003,8228,AP
Vehículo Privado,7,1412000010265,1412000012242,356,8005,8077,AP
Vehículo Privado,7,1412000010918,1412000012242,137,8024,8077,AP
Vehículo Privado,7,1412000011155,1412000012914,88,8032,8137,AP
Vehículo Privado,7,1412000011189,141200001066A,100,8034,8018,AP
Vehículo Privado,7,1412000011193,1412000014605,88,8035,8269,AP
Vehículo Privado,7,1412000011206,1412000014836,19,8036,8281,AP
Vehículo Privado,7,1412000011206,140390001165A,19,8036,136,AP
Vehículo Privado,7,1412000011526,1412000013575,38,8045,8189,AP
Vehículo Privado,7,1412000011812,1412000010392,178,8057,8010,AP
Vehículo Privado,7,1412000011812,1412000012685,356,8057,8119,AP
Vehículo Privado,7,1412000012562,1409704240570,534,8109,5229,AP
Vehículo Privado,7,1412000012789,141200001283A,96,8126,8131,AP
Vehículo Privado,7,1412000013556,1412000012242,267,8187,8077,AP
Vehículo Privado,7,1412000013575,1412000011009,19,8189,8029,AP
Vehículo Privado,7,1412000013575,1412000011206,57,8189,8036,AP
Vehículo Privado,7,1412000013575,1412000013664,19,8189,8197,AP
Vehículo Privado,7,1412000013984,1403900011359,88,8217,111,AP
Vehículo Privado,7,1412000014060,140390001101A,95,8219,81,AP
Vehículo Privado,7,1412000014075,1412000014198,95,8220,8228,AP
Vehículo Privado,7,1412000014249,1412000013236,178,8233,8166,AP
Vehículo Privado,7,1412000014287,1403900010350,48,8237,22,AP
Vehículo Privado,7,1412000014342,1403900011819,100,8243,150,AP
Vehículo Privado,7,1412000014978,1403900011132,96,8292,92,AP
Vehículo Privado,7,1412000015158,1412000013062,48,8297,8151,AP
Vehículo Privado,7,1412000015266,1412000013397,100,8305,8176,AP
Vehículo Privado,7,1412000015355,1412002434713,45,8313,8517,AP
Vehículo Privado,7,1412000015478,1412000013236,178,8319,8166,AP
Vehículo Privado,7,1412000015482,1410101932694,109,8320,7226,AP
Vehículo Privado,7,1412000015552,1403900015366,38,8325,412,AP
Vehículo Privado,7,1412000016391,1412000010706,49,8363,8020,AP
Vehículo Privado,7,1412000016565,1409700250797,29,8373,5097,AP
Vehículo Privado,7,1412000016832,1412000016599,110,8395,8376,AP
Vehículo Privado,7,1412000016902,141200001027A,110,8402,8006,AP
Vehículo Privado,7,1412000017031,1412000012242,31,8408,8077,AP
Vehículo Privado,7,1412002065054,1403900011857,6,8462,154,AP
Vehículo Privado,7,1412002312079,1412000620161,24,8468,8445,AP
Vehículo Privado,7,1412007560424,1412002315887,132,8528,8489,AP
Vehículo Privado,7,1412400010122,1412400010300,70,9001,9016,AP
Vehículo Privado,7,1412400010137,141240033,35,9002,9043,AP
Vehículo Privado,7,1412400010175,1403900012319,35,9005,193,AP
Vehículo Privado,7,1412401760160,1412401760160,3,9051,9051,AP
Vehículo Privado,7,140390001119A,140390001083A,111,98,64,AP
Vehículo Privado,7,140390001418A,1403900011170,249,304,96,AP
Vehículo Privado,7,140390001457A,140390001457A,144,338,338,AP
Vehículo Privado,7,140390001489A,140390001101A,111,366,81,AP
Vehículo Privado,7,140440002005A,999990005,7,1013,10004,AP
Vehículo Privado,7,14070140A,140390001101A,59,3131,81,AP
Vehículo Privado,7,140970005034A,1409708623414,19,5036,5366,AP
Vehículo Privado,7,140980001007A,1409706663950,104,6004,5246,AP
Vehículo Privado,7,140980001270A,1409800010262,91,6156,6009,AP
Vehículo Privado,7,141010001108A,141010001097A,246,7065,7055,AP
Vehículo Privado,7,141200001116A,1403900010295,176,8033,17,AP
Vehículo Privado,7,141200206504A,141200087,3,8461,8452,AP
Vehículo Privado,8,140440011,140440011,91,1031,1031,AP
Vehículo Privado,8,140440011,999990006,57,1031,10005,AP
Vehículo Privado,8,140440011,1403900010416,27,1031,28,AP
Vehículo Privado,8,140440011,1403900012554,27,1031,209,AP
Vehículo Privado,8,140440011,1404400010100,10,1031,1005,AP
Vehículo Privado,8,140440011,1404400050261,27,1031,1025,AP
Vehículo Privado,8,140440011,1404400540416,81,1031,1034,AP
Vehículo Privado,8,140440011,1404401700219,27,1031,1037,AP
Vehículo Privado,8,140440011,1404401700384,10,1031,1038,AP
Vehículo Privado,8,140440011,1407000140844,27,1031,3061,AP
Vehículo Privado,8,140440011,1409700411263,10,1031,5193,AP
Vehículo Privado,8,140440011,1412000015497,27,1031,8321,AP
Vehículo Privado,8,140440026,140440011,10,1032,1031,AP
Vehículo Privado,8,140440026,140440026,10,1032,1032,AP
Vehículo Privado,8,140440026,999990005,70,1032,10004,AP
Vehículo Privado,8,140440026,1403900011556,10,1032,127,AP
Vehículo Privado,8,140440026,1404400010280,10,1032,1006,AP
Vehículo Privado,8,140440026,1404400100238,40,1032,1028,AP
Vehículo Privado,8,140440026,1407000010045,10,1032,3002,AP
Vehículo Privado,8,140440026,1409700411263,10,1032,5193,AP
Vehículo Privado,8,140440026,140970005034A,10,1032,5036,AP
Vehículo Privado,8,140701467,1403900012179,23,3133,182,AP
Vehículo Privado,8,140701467,1407000010030,23,3133,3001,AP
Vehículo Privado,8,140701467,1407000010045,23,3133,3002,AP
Vehículo Privado,8,140701467,1410100260698,23,3133,7198,AP
Vehículo Privado,8,140701467,1410100272336,23,3133,7207,AP
Vehículo Privado,8,140701467,1410100272340,46,3133,7208,AP
Vehículo Privado,8,140701467,1412400940387,46,3133,9048,AP
Vehículo Privado,8,140970104,140970015,19,5209,5060,AP
Vehículo Privado,8,140970104,999990001,57,5209,10006,AP
Vehículo Privado,8,140970104,1403900010115,19,5209,6,AP
Vehículo Privado,8,140970104,1409700340250,38,5209,5156,AP
Vehículo Privado,8,140970104,1409700340388,57,5209,5158,AP
Vehículo Privado,8,140970104,1409800141129,19,5209,6219,AP
Vehículo Privado,8,140970104,1412000013293,19,5209,8170,AP
Vehículo Privado,8,140970104,1412000014501,19,5209,8259,AP
Vehículo Privado,8,140970104,14097059A,19,5209,5241,AP
Vehículo Privado,8,140970123,140440011,10,5222,1031,AP
Vehículo Privado,8,140970123,140970123,20,5222,5222,AP
Vehículo Privado,8,140970123,999990004,10,5222,10001,AP
Vehículo Privado,8,140970123,999990005,20,5222,10004,AP
Vehículo Privado,8,140970123,1407000430295,10,5222,3096,AP
Vehículo Privado,8,140970123,1409700010918,10,5222,5009,AP
Vehículo Privado,8,140970123,1409700012115,10,5222,5023,AP
Vehículo Privado,8,140970123,1409700050655,10,5222,5038,AP
Vehículo Privado,8,140970123,1409700150960,30,5222,5069,AP
Vehículo Privado,8,140970123,1409700411263,10,5222,5193,AP
Vehículo Privado,8,140970123,1409800012381,10,5222,6129,AP
Vehículo Privado,8,140970123,14097059A,10,5222,5241,AP
Vehículo Privado,8,140970123,99999000A,10,5222,10002,AP
Vehículo Privado,8,140970602,1409800011222,182,5242,6049,AP
Vehículo Privado,8,140970602,1409800011256,91,5242,6052,AP
Vehículo Privado,8,140970602,1409800011260,91,5242,6053,AP
Vehículo Privado,8,140970602,1412000015497,91,5242,8321,AP
Vehículo Privado,8,140972416,1409700010195,15,5387,5001,AP
Vehículo Privado,8,140972416,1409700010212,15,5387,5003,AP
Vehículo Privado,8,140972416,1409700010918,30,5387,5009,AP
Vehículo Privado,8,140972416,1409700010922,15,5387,5010,AP
Vehículo Privado,8,140972416,1409700010937,15,5387,5011,AP
Vehículo Privado,8,140972416,1409708432666,15,5387,5336,AP
Vehículo Privado,8,140972416,1409800013110,15,5387,6191,AP
Vehículo Privado,8,140972416,1412000010636,94,5387,8015,AP
Vehículo Privado,8,140973679,140970104,10,5390,5209,AP
Vehículo Privado,8,140973679,1403900012554,10,5390,209,AP
Vehículo Privado,8,140973679,1412000016828,10,5390,8394,AP
Vehículo Privado,8,140980012,1409700250458,76,6216,5089,AP
Vehículo Privado,8,140980012,1412000015340,104,6216,8312,AP
Vehículo Privado,8,140980012,140390001158A,76,6216,130,AP
Vehículo Privado,8,140980243,1403900011594,15,6237,131,AP
Vehículo Privado,8,140980243,1403900013980,15,6237,285,AP
Vehículo Privado,8,140980243,1407000140825,15,6237,3059,AP
Vehículo Privado,8,140980243,1409800141114,15,6237,6218,AP
Vehículo Privado,8,140980243,140700021101A,15,6237,3088,AP
Vehículo Privado,8,140980243,140980001249A,15,6237,6138,AP
Vehículo Privado,8,141011963,999990005,18,7230,10004,AP
Vehículo Privado,8,141011963,1403900011359,288,7230,111,AP
Vehículo Privado,8,141011963,1409800010879,144,7230,6028,AP
Vehículo Privado,8,141011963,1410100010842,144,7230,7044,AP
Vehículo Privado,8,141011963,1410100010931,109,7230,7051,AP
Vehículo Privado,8,141011963,1410100010950,144,7230,7053,AP
Vehículo Privado,8,141011963,140980001007A,144,7230,6004,AP
Vehículo Privado,8,141011963,141010001097A,144,7230,7055,AP
Vehículo Privado,8,141012552,1410100272340,41,7231,7208,AP
Vehículo Privado,8,141012567,1407000010030,23,7232,3001,AP
Vehículo Privado,8,141200034,1403900010308,59,8442,18,AP
Vehículo Privado,8,141200068,999990006,528,8451,10005,AP
Vehículo Privado,8,141200068,1412000010231,132,8451,8003,AP
Vehículo Privado,8,141200068,1412000010405,59,8451,8011,AP
Vehículo Privado,8,141200068,1412000013772,59,8451,8206,AP
Vehículo Privado,8,141200068,1412000016550,59,8451,8372,AP
Vehículo Privado,8,141200068,1412002315887,59,8451,8489,AP
Vehículo Privado,8,141200068,1412002316669,132,8451,8501,AP
Vehículo Privado,8,141200068,1412007560424,59,8451,8528,AP
Vehículo Privado,8,141200087,1412002065054,3,8452,8462,AP
Vehículo Privado,8,141200123,141200123,267,8455,8455,AP
Vehículo Privado,8,141200123,1403900010596,3,8455,42,AP
Vehículo Privado,8,141200123,1403900010613,3,8455,44,AP
Vehículo Privado,8,141200123,1403900011359,3,8455,111,AP
Vehículo Privado,8,141200123,1403900012179,132,8455,182,AP
Vehículo Privado,8,141200123,1403900014584,3,8455,339,AP
Vehículo Privado,8,141200123,1409800011928,9,8455,6099,AP
Vehículo Privado,8,141200123,1412000014198,6,8455,8228,AP
Vehículo Privado,8,141200123,1412000015478,3,8455,8319,AP
Vehículo Privado,8,141200123,1412000016423,3,8455,8364,AP
Vehículo Privado,8,141200123,1412000016550,6,8455,8372,AP
Vehículo Privado,8,141200123,1412000016599,3,8455,8376,AP
Vehículo Privado,8,141200123,1412000016635,264,8455,8380,AP
Vehículo Privado,8,141200123,1412002065054,12,8455,8462,AP
Vehículo Privado,8,141200123,1412002315726,132,8455,8485,AP
Vehículo Privado,8,141200123,1412004306940,3,8455,8519,AP
Vehículo Privado,8,141200123,141200001027A,135,8455,8006,AP
Vehículo Privado,8,141200142,141200142,13,8459,8459,AP
Vehículo Privado,8,141200142,1403900011359,13,8459,111,AP
Vehículo Privado,8,141200142,1412000010392,13,8459,8010,AP
Vehículo Privado,8,141200142,1412000012609,13,8459,8111,AP
Vehículo Privado,8,141200142,1412000014836,13,8459,8281,AP
Vehículo Privado,8,141200142,1412001395980,13,8459,8457,AP
Vehículo Privado,8,141200142,1412002434709,13,8459,8516,AP
Vehículo Privado,8,141200157,141200157,19,8460,8460,AP
Vehículo Privado,8,141200157,1403900011753,19,8460,145,AP
Vehículo Privado,8,141200157,1403900012554,19,8460,209,AP
Vehículo Privado,8,141200157,1412000010405,38,8460,8011,AP
Vehículo Privado,8,141200157,1412000010617,19,8460,8014,AP
Vehículo Privado,8,141200157,1412000012416,19,8460,8094,AP
Vehículo Privado,8,141200157,141200001116A,38,8460,8033,AP
Vehículo Privado,8,141240029,141240029,27,9042,9042,AP
Vehículo Privado,8,141240029,999990004,3,9042,10001,AP
Vehículo Privado,8,141240029,999990006,9,9042,10005,AP
Vehículo Privado,8,141240029,1410100010931,6,9042,7051,AP
Vehículo Privado,8,141240029,1412400010175,12,9042,9005,AP
Vehículo Privado,8,141240029,1412400010495,47,9042,9031,AP
Vehículo Privado,8,141240029,1412400010508,3,9042,9032,AP
Vehículo Privado,8,141240029,141240001018A,3,9042,9006,AP
Vehículo Privado,8,141240033,141240029,3,9043,9042,AP
Vehículo Privado,8,141240033,141240033,21,9043,9043,AP
Vehículo Privado,8,141240033,141240071,3,9043,9045,AP
Vehículo Privado,8,141240033,999990004,9,9043,10001,AP
Vehículo Privado,8,141240033,999990006,6,9043,10005,AP
Vehículo Privado,8,141240033,1403900011359,3,9043,111,AP
Vehículo Privado,8,141240033,1410100010931,3,9043,7051,AP
Vehículo Privado,8,141240033,1412400010122,35,9043,9001,AP
Vehículo Privado,8,141240033,1412400010495,9,9043,9031,AP
Vehículo Privado,8,141240033,1412400940391,6,9043,9049,AP
Vehículo Privado,8,141240048,1412400010175,70,9044,9005,AP
Vehículo Privado,8,141240048,1412400010495,35,9044,9031,AP
Vehículo Privado,8,141240071,1412400010156,35,9045,9004,AP
Vehículo Privado,8,141240071,1412400010226,70,9045,9008,AP
Vehículo Privado,8,141240071,1412400010480,35,9045,9030,AP
Vehículo Privado,8,141240071,1412400010495,70,9045,9031,AP
Vehículo Privado,8,141240071,1412400010508,35,9045,9032,AP
Vehículo Privado,8,141240071,1412400010512,70,9045,9033,AP
Vehículo Privado,8,141240090,141240071,3,9047,9045,AP
Vehículo Privado,8,141240090,141240090,24,9047,9047,AP
Vehículo Privado,8,141240090,999990004,21,9047,10001,AP
Vehículo Privado,8,141240090,1403900011359,42,9047,111,AP
Vehículo Privado,8,141240090,1403900012145,3,9047,179,AP
Vehículo Privado,8,141240090,1403900012427,3,9047,201,AP
Vehículo Privado,8,141240090,1405100020181,6,9047,2015,AP
Vehículo Privado,8,141240090,1405100020196,21,9047,2016,AP
Vehículo Privado,8,141240090,1409800010879,3,9047,6028,AP
Vehículo Privado,8,141240090,1410100012016,3,9047,7127,AP
Vehículo Privado,8,141240090,1410100260698,23,9047,7198,AP
Vehículo Privado,8,141240090,1412400010175,63,9047,9005,AP
Vehículo Privado,8,141240090,1412400010495,6,9047,9031,AP
Vehículo Privado,8,141240090,1412400940391,105,9047,9049,AP
Vehículo Privado,8,141240090,1412401760160,18,9047,9051,AP
Vehículo Privado,8,999990002,1412002316654,59,10007,8500,AP
Vehículo Privado,8,999990004,141240029,6,10001,9042,AP
Vehículo Privado,8,999990004,141240033,6,10001,9043,AP
Vehículo Privado,8,999990004,141240090,21,10001,9047,AP
Vehículo Privado,8,999990004,1410100010471,41,10001,7014,AP
Vehículo Privado,8,999990004,1412000012952,100,10001,8141,AP
Vehículo Privado,8,999990005,999990005,10,10004,10004,AP
Vehículo Privado,8,999990006,1409700250369,51,10005,5088,AP
Vehículo Privado,8,1403900010026,1403900011359,75,1,111,AP
Vehículo Privado,8,1403900010026,1410100010927,75,1,7050,AP
Vehículo Privado,8,1403900010026,1412000012350,75,1,8088,AP
Vehículo Privado,8,1403900010026,1412000012929,75,1,8138,AP
Vehículo Privado,8,1403900010030,1403900010030,75,2,2,AP
Vehículo Privado,8,1403900010030,1403900010295,75,2,17,AP
Vehículo Privado,8,1403900010030,1403900010327,75,2,20,AP
Vehículo Privado,8,1403900010030,1403900010596,75,2,42,AP
Vehículo Privado,8,1403900010030,1403900011043,75,2,84,AP
Vehículo Privado,8,1403900010030,1403900014902,75,2,367,AP
Vehículo Privado,8,1403900010030,1412000010706,75,2,8020,AP
Vehículo Privado,8,1403900010030,1412000010710,75,2,8021,AP
Vehículo Privado,8,1403900010083,1412000014338,48,5,8242,AP
Vehículo Privado,8,1403900010115,1403900010149,202,6,8,AP
Vehículo Privado,8,1403900010115,1403900011359,404,6,111,AP
Vehículo Privado,8,1403900010115,1410100010931,202,6,7051,AP
Vehículo Privado,8,1403900010115,1412000010373,202,6,8009,AP
Vehículo Privado,8,1403900010149,1412002316692,226,8,8504,AP
Vehículo Privado,8,1403900010153,1403900010350,202,9,22,AP
Vehículo Privado,8,1403900010153,1412000014198,202,9,8228,AP
Vehículo Privado,8,1403900010204,1403900010651,226,11,47,AP
Vehículo Privado,8,1403900010238,1403900010238,226,13,13,AP
Vehículo Privado,8,1403900010238,1403900010505,226,13,35,AP
Vehículo Privado,8,1403900010238,1403900013088,226,13,232,AP
Vehículo Privado,8,1403900010276,140390001083A,226,15,64,AP
Vehículo Privado,8,1403900010280,1412000013293,75,16,8170,AP
Vehículo Privado,8,1403900010295,1403900010929,150,17,72,AP
Vehículo Privado,8,1403900010295,1403900010952,75,17,75,AP
Vehículo Privado,8,1403900010295,1403900011359,75,17,111,AP
Vehículo Privado,8,1403900010295,1409800011928,75,17,6099,AP
Vehículo Privado,8,1403900010295,1412000011206,75,17,8036,AP
Vehículo Privado,8,1403900010295,1412000016902,110,17,8402,AP
Vehículo Privado,8,1403900010295,141200001116A,88,17,8033,AP
Vehículo Privado,8,1403900010308,1403900010308,3,18,18,AP
Vehículo Privado,8,1403900010308,1403900010613,75,18,44,AP
Vehículo Privado,8,1403900010308,1403900010929,225,18,72,AP
Vehículo Privado,8,1403900010346,1403900012554,202,21,209,AP
Vehículo Privado,8,1403900010350,1403900014387,226,22,320,AP
Vehículo Privado,8,1403900010399,1403900010365,202,26,23,AP
Vehículo Privado,8,1403900010435,1403900010736,202,29,55,AP
Vehículo Privado,8,1403900010435,1403900011359,111,29,111,AP
Vehículo Privado,8,1403900010435,1403900012588,333,29,212,AP
Vehículo Privado,8,1403900010435,140390001101A,111,29,81,AP
Vehículo Privado,8,1403900010454,1403900010454,111,31,31,AP
Vehículo Privado,8,1403900010454,1403900013961,226,31,283,AP
Vehículo Privado,8,1403900010454,1409708221598,226,31,5258,AP
Vehículo Privado,8,1403900010473,1410100010397,226,33,7009,AP
Vehículo Privado,8,1403900010505,1403900011378,226,35,113,AP
Vehículo Privado,8,1403900010505,1403900011397,226,35,115,AP
Vehículo Privado,8,1403900010505,1403900011467,226,35,122,AP
Vehículo Privado,8,1403900010505,1403900013088,226,35,232,AP
Vehículo Privado,8,1403900010505,1412000011206,226,35,8036,AP
Vehículo Privado,8,1403900010524,1403900012319,226,37,193,AP
Vehículo Privado,8,1403900010524,1412000012280,226,37,8081,AP
Vehículo Privado,8,1403900010539,1403900014175,249,38,303,AP
Vehículo Privado,8,1403900010562,1403900010030,75,40,2,AP
Vehículo Privado,8,1403900010562,1403900010929,75,40,72,AP
Vehículo Privado,8,1403900010562,1403900011043,75,40,84,AP
Vehículo Privado,8,1403900010562,1403900011753,75,40,145,AP
Vehículo Privado,8,1403900010562,1403900012130,75,40,178,AP
Vehículo Privado,8,1403900010562,1403900013143,75,40,233,AP
Vehículo Privado,8,1403900010562,1412000010405,75,40,8011,AP
Vehículo Privado,8,1403900010562,1412000011225,75,40,8038,AP
Vehículo Privado,8,1403900010577,1403900010929,75,41,72,AP
Vehículo Privado,8,1403900010577,1403900014546,75,41,335,AP
Vehículo Privado,8,1403900010577,1412000015463,75,41,8318,AP
Vehículo Privado,8,1403900010577,1412000016546,75,41,8371,AP
Vehículo Privado,8,1403900010596,1409700411263,75,42,5193,AP
Vehículo Privado,8,1403900010609,1403900010613,75,43,44,AP
Vehículo Privado,8,1403900010609,1403900011310,75,43,107,AP
Vehículo Privado,8,1403900010609,1403900011359,75,43,111,AP
Vehículo Privado,8,1403900010609,1403900013143,75,43,233,AP
Vehículo Privado,8,1403900010613,1403900010577,75,44,41,AP
Vehículo Privado,8,1403900010613,1403900014917,75,44,368,AP
Vehículo Privado,8,1403900010613,1412000010890,137,44,8023,AP
Vehículo Privado,8,1403900010632,1410100010927,202,45,7050,AP
Vehículo Privado,8,1403900010651,1403900010149,202,47,8,AP
Vehículo Privado,8,1403900010651,1403900011109,202,47,89,AP
Vehículo Privado,8,1403900010651,1412000011865,202,47,8060,AP
Vehículo Privado,8,1403900010666,1403900010651,202,48,47,AP
Vehículo Privado,8,1403900010736,1403900010295,202,55,17,AP
Vehículo Privado,8,1403900010736,1403900010435,404,55,29,AP
Vehículo Privado,8,1403900010736,1403900010454,202,55,31,AP
Vehículo Privado,8,1403900010736,1412000011225,202,55,8038,AP
Vehículo Privado,8,1403900010736,1412000013293,202,55,8170,AP
Vehículo Privado,8,1403900010755,1403900010736,202,57,55,AP
Vehículo Privado,8,1403900010755,1403900011293,111,57,105,AP
Vehículo Privado,8,1403900010755,1403900011363,111,57,112,AP
Vehículo Privado,8,1403900010774,999990003,111,58,10003,AP
Vehículo Privado,8,1403900010774,1403900010454,111,58,31,AP
Vehículo Privado,8,1403900010789,1403900012183,249,59,183,AP
Vehículo Privado,8,1403900010789,1412000010405,249,59,8011,AP
Vehículo Privado,8,1403900010789,141200001066A,249,59,8018,AP
Vehículo Privado,8,1403900010806,1403900014851,498,61,362,AP
Vehículo Privado,8,1403900010825,1403900011359,498,63,111,AP
Vehículo Privado,8,1403900010825,1403900012380,249,63,198,AP
Vehículo Privado,8,1403900010859,1403900010859,249,66,66,AP
Vehículo Privado,8,1403900010859,1403900011132,249,66,92,AP
Vehículo Privado,8,1403900010859,1410100011268,18,66,7078,AP
Vehículo Privado,8,1403900010863,1403900011452,249,67,121,AP
Vehículo Privado,8,1403900010863,1403900014283,249,67,314,AP
Vehículo Privado,8,1403900010882,1403900011700,249,69,141,AP
Vehículo Privado,8,1403900010897,1403900010863,249,70,67,AP
Vehículo Privado,8,1403900010897,140390001083A,249,70,64,AP
Vehículo Privado,8,1403900010929,1403900010026,150,72,1,AP
Vehículo Privado,8,1403900010929,1403900010308,225,72,18,AP
Vehículo Privado,8,1403900010929,1403900010929,150,72,72,AP
Vehículo Privado,8,1403900010929,1403900010967,75,72,76,AP
Vehículo Privado,8,1403900010929,1403900011043,75,72,84,AP
Vehículo Privado,8,1403900010929,1403900011077,75,72,86,AP
Vehículo Privado,8,1403900010933,1403900011325,75,73,108,AP
Vehículo Privado,8,1403900010933,1403900012183,75,73,183,AP
Vehículo Privado,8,1403900010967,1403900015366,202,76,412,AP
Vehículo Privado,8,1403900010986,1403900010312,202,78,19,AP
Vehículo Privado,8,1403900011005,1409705601032,104,80,5236,AP
Vehículo Privado,8,1403900011043,1403900014546,75,84,335,AP
Vehículo Privado,8,1403900011043,1409700201013,75,84,5079,AP
Vehículo Privado,8,1403900011043,1412000012365,75,84,8089,AP
Vehículo Privado,8,1403900011077,1403900011043,75,86,84,AP
Vehículo Privado,8,1403900011077,1403900011378,75,86,113,AP
Vehículo Privado,8,1403900011077,1403900011804,75,86,149,AP
Vehículo Privado,8,1403900011077,1403900015652,75,86,440,AP
Vehículo Privado,8,1403900011077,1412000014376,75,86,8246,AP
Vehículo Privado,8,1403900011081,1403900011081,137,87,87,AP
Vehículo Privado,8,1403900011081,1412000010212,404,87,8001,AP
Vehículo Privado,8,1403900011109,1403900011081,202,89,87,AP
Vehículo Privado,8,1403900011113,1403900010365,1010,90,23,AP
Vehículo Privado,8,1403900011128,1403900011147,404,91,93,AP
Vehículo Privado,8,1403900011166,1403900014936,111,95,370,AP
Vehículo Privado,8,1403900011185,1403900011359,111,97,111,AP
Vehículo Privado,8,1403900011185,1403900011626,111,97,133,AP
Vehículo Privado,8,1403900011185,1403900013656,111,97,256,AP
Vehículo Privado,8,1403900011185,1409800011928,111,97,6099,AP
Vehículo Privado,8,1403900011289,1409800010031,75,104,6001,AP
Vehículo Privado,8,1403900011289,1412000015815,75,104,8337,AP
Vehículo Privado,8,1403900011293,1412000010405,75,105,8011,AP
Vehículo Privado,8,1403900011310,141200001447A,23,107,8256,AP
Vehículo Privado,8,1403900011359,1403900011359,148,111,111,AP
Vehículo Privado,8,1403900011359,1403900012268,246,111,188,AP
Vehículo Privado,8,1403900011359,1409700353734,96,111,5178,AP
Vehículo Privado,8,1403900011359,1410100011554,23,111,7100,AP
Vehículo Privado,8,1403900011359,1412000013170,100,111,8161,AP
Vehículo Privado,8,1403900011363,1403900011081,100,112,87,AP
Vehículo Privado,8,1403900011378,1403900011378,38,113,113,AP
Vehículo Privado,8,1403900011397,1410100010823,111,115,7043,AP
Vehículo Privado,8,1403900011414,1403900012662,222,117,218,AP
Vehículo Privado,8,1403900011429,1403900012041,249,118,173,AP
Vehículo Privado,8,1403900011448,1403900011359,137,120,111,AP
Vehículo Privado,8,1403900011448,1412401760160,3,120,9051,AP
Vehículo Privado,8,1403900011452,140390001083A,249,121,64,AP
Vehículo Privado,8,1403900011452,14097059A,249,121,5241,AP
Vehículo Privado,8,1403900011467,1403900010897,309,122,70,AP
Vehículo Privado,8,1403900011467,1403900011467,63,122,122,AP
Vehículo Privado,8,1403900011467,1403900015489,48,122,423,AP
Vehículo Privado,8,1403900011467,1410100010397,109,122,7009,AP
Vehículo Privado,8,1403900011467,1412000010246,178,122,8004,AP
Vehículo Privado,8,1403900011467,1412401760160,3,122,9051,AP
Vehículo Privado,8,1403900011537,1410100010611,109,126,7026,AP
Vehículo Privado,8,1403900011560,1412000011225,75,128,8038,AP
Vehículo Privado,8,1403900011626,1403900011626,38,133,133,AP
Vehículo Privado,8,1403900011645,1403900011378,111,135,113,AP
Vehículo Privado,8,1403900011679,1403900011448,444,138,120,AP
Vehículo Privado,8,1403900011715,1403900010613,246,142,44,AP
Vehículo Privado,8,1403900011715,1403900012041,246,142,173,AP
Vehículo Privado,8,1403900011715,1403900013919,246,142,278,AP
Vehículo Privado,8,1403900011734,1403900011359,234,144,111,AP
Vehículo Privado,8,1403900011753,1403900011043,119,145,84,AP
Vehículo Privado,8,1403900011753,1403900011378,100,145,113,AP
Vehículo Privado,8,1403900011753,1412000012505,119,145,8103,AP
Vehículo Privado,8,1403900011753,1412000014840,119,145,8282,AP
Vehículo Privado,8,1403900011768,1403900011359,119,146,111,AP
Vehículo Privado,8,1403900011768,1403900015366,119,146,412,AP
Vehículo Privado,8,1403900011823,1403900011359,202,151,111,AP
Vehículo Privado,8,1403900011823,1403900011823,202,151,151,AP
Vehículo Privado,8,1403900011838,1403900011838,202,152,152,AP
Vehículo Privado,8,1403900011861,1412000012312,49,155,8084,AP
Vehículo Privado,8,1403900011861,141200001066A,202,155,8018,AP
Vehículo Privado,8,1403900011880,1403900012605,111,157,214,AP
Vehículo Privado,8,1403900011912,1403900011912,111,160,160,AP
Vehículo Privado,8,1403900011912,1407000211005,111,160,3087,AP
Vehículo Privado,8,1403900011927,1403900012183,111,161,183,AP
Vehículo Privado,8,1403900011946,1403900011950,111,163,164,AP
Vehículo Privado,8,1403900011946,1403900013980,111,163,285,AP
Vehículo Privado,8,1403900011965,1403900011753,111,165,145,AP
Vehículo Privado,8,1403900011965,140390001489A,111,165,366,AP
Vehículo Privado,8,1403900011999,1403900011359,492,168,111,AP
Vehículo Privado,8,1403900011999,1403900011999,246,168,168,AP
Vehículo Privado,8,1403900012022,1409700010922,246,171,5010,AP
Vehículo Privado,8,1403900012056,1403900012287,246,174,190,AP
Vehículo Privado,8,1403900012056,1403900012662,246,174,218,AP
Vehículo Privado,8,1403900012056,1409800010807,246,174,6026,AP
Vehículo Privado,8,1403900012056,141010001108A,246,174,7065,AP
Vehículo Privado,8,1403900012126,1403900012376,119,177,197,AP
Vehículo Privado,8,1403900012200,1403900013641,111,184,255,AP
Vehículo Privado,8,1403900012268,1409800011078,246,188,6038,AP
Vehículo Privado,8,1403900012357,140980001007A,238,195,6004,AP
Vehículo Privado,8,1403900012357,141200206504A,3,195,8461,AP
Vehículo Privado,8,1403900012376,1403900012111,267,197,176,AP
Vehículo Privado,8,1403900012395,1410100011554,119,199,7100,AP
Vehículo Privado,8,1403900012427,1403900012569,48,201,210,AP
Vehículo Privado,8,1403900012427,1410100012020,48,201,7128,AP
Vehículo Privado,8,1403900012446,1403900012183,48,203,183,AP
Vehículo Privado,8,1403900012501,1403900014546,119,204,335,AP
Vehículo Privado,8,1403900012520,1409700010918,119,206,5009,AP
Vehículo Privado,8,1403900012535,1403900012728,119,207,224,AP
Vehículo Privado,8,1403900012588,1403900011359,48,212,111,AP
Vehículo Privado,8,1403900012588,1403900014122,48,212,299,AP
Vehículo Privado,8,1403900012588,140980001053A,48,212,6019,AP
Vehículo Privado,8,1403900012592,1403900012588,48,213,212,AP
Vehículo Privado,8,1403900012639,1403900011857,246,217,154,AP
Vehículo Privado,8,1403900012639,1403900012639,246,217,217,AP
Vehículo Privado,8,1403900012639,140390001400A,246,217,287,AP
Vehículo Privado,8,1403900012681,1403900012569,119,220,210,AP
Vehículo Privado,8,1403900012681,1403900014546,119,220,335,AP
Vehículo Privado,8,1403900012681,1403900015563,238,220,431,AP
Vehículo Privado,8,1403900012681,140390001457A,119,220,338,AP
Vehículo Privado,8,1403900012696,1403900012554,119,221,209,AP
Vehículo Privado,8,1403900012696,1403900013961,119,221,283,AP
Vehículo Privado,8,1403900012696,1403900015366,119,221,412,AP
Vehículo Privado,8,1403900012696,1409704241761,595,221,5232,AP
Vehículo Privado,8,1403900012696,140390001457A,119,221,338,AP
Vehículo Privado,8,1403900012709,1403900015370,119,222,413,AP
Vehículo Privado,8,1403900012709,141200001066A,119,222,8018,AP
Vehículo Privado,8,1403900012709,141200001098A,238,222,8027,AP
Vehículo Privado,8,1403900012713,1403900011984,48,223,167,AP
Vehículo Privado,8,1403900012713,1403900014546,48,223,335,AP
Vehículo Privado,8,1403900012713,1412000014836,48,223,8281,AP
Vehículo Privado,8,1403900012713,1412000015482,48,223,8320,AP
Vehículo Privado,8,1403900012728,1403900012728,454,224,224,AP
Vehículo Privado,8,1403900012785,140390001279A,227,225,226,AP
Vehículo Privado,8,1403900012802,1403900012713,454,227,223,AP
Vehículo Privado,8,1403900012802,1403900014387,227,227,320,AP
Vehículo Privado,8,1403900012802,1412000013310,227,227,8172,AP
Vehículo Privado,8,1403900013016,1403900014936,226,230,370,AP
Vehículo Privado,8,1403900013016,1412000010369,226,230,8008,AP
Vehículo Privado,8,1403900013088,1403900010825,226,232,63,AP
Vehículo Privado,8,1403900013088,1403900011378,452,232,113,AP
Vehículo Privado,8,1403900013088,1403900011607,226,232,132,AP
Vehículo Privado,8,1403900013143,1403900010030,88,233,2,AP
Vehículo Privado,8,1403900013143,1403900010295,88,233,17,AP
Vehículo Privado,8,1403900013143,1412000012914,176,233,8137,AP
Vehículo Privado,8,1403900013143,1412000013306,88,233,8171,AP
Vehículo Privado,8,1403900013177,1409800010050,249,234,6003,AP
Vehículo Privado,8,1403900013209,1403900011039,249,235,83,AP
Vehículo Privado,8,1403900013209,1403900011378,249,235,113,AP
Vehículo Privado,8,1403900013321,1403900013340,119,237,239,AP
Vehículo Privado,8,1403900013321,1412000012473,58,237,8100,AP
Vehículo Privado,8,1403900013336,1403900012111,119,238,176,AP
Vehículo Privado,8,1403900013336,1403900012569,119,238,210,AP
Vehículo Privado,8,1403900013336,1412000010710,238,238,8021,AP
Vehículo Privado,8,1403900013336,1412000012416,119,238,8094,AP
Vehículo Privado,8,1403900013340,1403900012709,238,239,222,AP
Vehículo Privado,8,1403900013340,1403900013783,119,239,266,AP
Vehículo Privado,8,1403900013374,1403900015328,48,240,408,AP
Vehículo Privado,8,1403900013552,1403900010596,227,248,42,AP
Vehículo Privado,8,1403900013552,1403900012554,227,248,209,AP
Vehículo Privado,8,1403900013552,1403900013783,227,248,266,AP
Vehículo Privado,8,1403900013552,1412000012952,227,248,8141,AP
Vehículo Privado,8,1403900013590,1403900013586,226,251,250,AP
Vehículo Privado,8,1403900013618,1412000012505,452,253,8103,AP
Vehículo Privado,8,1403900013641,1403900012022,246,255,171,AP
Vehículo Privado,8,1403900013641,1412000010405,249,255,8011,AP
Vehículo Privado,8,1403900013656,1403900011170,202,256,96,AP
Vehículo Privado,8,1403900013656,1403900014832,202,256,360,AP
Vehículo Privado,8,1403900013656,1410100092213,109,256,7179,AP
Vehículo Privado,8,1403900013656,140390001083A,202,256,64,AP
Vehículo Privado,8,1403900013694,1403900011359,48,259,111,AP
Vehículo Privado,8,1403900013694,1412000013293,48,259,8170,AP
Vehículo Privado,8,1403900013707,1403900011378,48,260,113,AP
Vehículo Privado,8,1403900013711,1403900011556,48,261,127,AP
Vehículo Privado,8,1403900013711,1403900013711,48,261,261,AP
Vehículo Privado,8,1403900013711,140390001350A,48,261,243,AP
Vehículo Privado,8,1403900013726,1403900012130,96,262,178,AP
Vehículo Privado,8,1403900013726,1403900012554,96,262,209,AP
Vehículo Privado,8,1403900013726,1403900013552,214,262,248,AP
Vehículo Privado,8,1403900013726,99999000A,48,262,10002,AP
Vehículo Privado,8,1403900013730,1409800012273,178,263,6123,AP
Vehículo Privado,8,1403900013834,1403900013834,59,271,271,AP
Vehículo Privado,8,1403900013834,1412000016599,222,271,8376,AP
Vehículo Privado,8,1403900013853,1403900013976,111,273,284,AP
Vehículo Privado,8,1403900013853,1412000014198,111,273,8228,AP
Vehículo Privado,8,1403900013923,1410100011624,178,279,7107,AP
Vehículo Privado,8,1403900013923,1412000017008,31,279,8405,AP
Vehículo Privado,8,1403900013938,1403900014404,226,280,322,AP
Vehículo Privado,8,1403900013942,1410100010382,226,281,7008,AP
Vehículo Privado,8,1403900013961,1403900014584,119,283,339,AP
Vehículo Privado,8,1403900013961,1412000011297,119,283,8041,AP
Vehículo Privado,8,1403900013976,1403900013980,111,284,285,AP
Vehículo Privado,8,1403900013976,1410100010503,234,284,7017,AP
Vehículo Privado,8,1403900014014,1403900014616,227,288,342,AP
Vehículo Privado,8,1403900014033,1403900011359,46,290,111,AP
Vehículo Privado,8,1403900014033,1403900014048,227,290,291,AP
Vehículo Privado,8,1403900014033,140440002012A,7,290,1015,AP
Vehículo Privado,8,1403900014048,1403900014033,227,291,290,AP
Vehículo Privado,8,1403900014048,1403900015366,227,291,412,AP
Vehículo Privado,8,1403900014052,1409800012663,23,292,6154,AP
Vehículo Privado,8,1403900014071,141200001244A,137,294,8097,AP
Vehículo Privado,8,1403900014090,1403900010365,202,296,23,AP
Vehículo Privado,8,1403900014090,1403900011147,202,296,93,AP
Vehículo Privado,8,1403900014090,1403900014090,75,296,296,AP
Vehículo Privado,8,1403900014118,1403900014936,202,298,370,AP
Vehículo Privado,8,1403900014118,1412000010373,202,298,8009,AP
Vehículo Privado,8,1403900014118,140980001007A,202,298,6004,AP
Vehículo Privado,8,1403900014122,1403900014781,202,299,355,AP
Vehículo Privado,8,1403900014194,1403900011274,249,305,103,AP
Vehículo Privado,8,1403900014226,1403900013143,249,308,233,AP
Vehículo Privado,8,1403900014226,1403900014226,249,308,308,AP
Vehículo Privado,8,1403900014245,1403900010238,249,310,13,AP
Vehículo Privado,8,1403900014245,1403900013656,249,310,256,AP
Vehículo Privado,8,1403900014300,1403900010755,234,316,57,AP
Vehículo Privado,8,1403900014300,1403900013919,234,316,278,AP
Vehículo Privado,8,1403900014300,1409800010031,234,316,6001,AP
Vehículo Privado,8,1403900014387,1403900011359,226,320,111,AP
Vehículo Privado,8,1403900014423,1403900012554,226,323,209,AP
Vehículo Privado,8,1403900014423,1403900013923,226,323,279,AP
Vehículo Privado,8,1403900014457,1403900014461,75,326,327,AP
Vehículo Privado,8,1403900014461,1403900010308,75,327,18,AP
Vehículo Privado,8,1403900014461,1403900011359,75,327,111,AP
Vehículo Privado,8,1403900014461,1403900011363,75,327,112,AP
Vehículo Privado,8,1403900014461,1403900011556,150,327,127,AP
Vehículo Privado,8,1403900014461,1403900014461,75,327,327,AP
Vehículo Privado,8,1403900014461,1403900014902,75,327,367,AP
Vehículo Privado,8,1403900014461,1412000010405,75,327,8011,AP
Vehículo Privado,8,1403900014461,1412000013217,75,327,8165,AP
Vehículo Privado,8,1403900014476,999990005,234,328,10004,AP
Vehículo Privado,8,1403900014476,1403900012427,234,328,201,AP
Vehículo Privado,8,1403900014476,1403900014781,234,328,355,AP
Vehículo Privado,8,1403900014476,140390001507A,234,328,384,AP
Vehículo Privado,8,1403900014480,1403900011359,234,329,111,AP
Vehículo Privado,8,1403900014480,1403900014527,234,329,333,AP
Vehículo Privado,8,1403900014527,1412000011278,234,333,8039,AP
Vehículo Privado,8,1403900014565,1404400100238,27,337,1028,AP
Vehículo Privado,8,1403900014584,1403900011575,119,339,129,AP
Vehículo Privado,8,1403900014584,1403900012179,119,339,182,AP
Vehículo Privado,8,1403900014584,1403900015366,119,339,412,AP
Vehículo Privado,8,1403900014584,1410100012020,119,339,7128,AP
Vehículo Privado,8,1403900014584,141200001066A,119,339,8018,AP
Vehículo Privado,8,1403900014599,1403900010952,119,340,75,AP
Vehículo Privado,8,1403900014599,1403900011359,119,340,111,AP
Vehículo Privado,8,1403900014599,1403900011804,119,340,149,AP
Vehículo Privado,8,1403900014599,1403900013961,119,340,283,AP
Vehículo Privado,8,1403900014599,1403900015366,238,340,412,AP
Vehículo Privado,8,1403900014669,1403900013567,227,347,249,AP
Vehículo Privado,8,1403900014673,1409800011434,91,348,6063,AP
Vehículo Privado,8,1403900014724,1403900015366,246,351,412,AP
Vehículo Privado,8,1403900014743,1403900014743,23,352,352,AP
Vehículo Privado,8,1403900014743,140390001158A,227,352,130,AP
Vehículo Privado,8,1403900014762,1412000010405,75,353,8011,AP
Vehículo Privado,8,1403900014777,1403900011359,75,354,111,AP
Vehículo Privado,8,1403900014777,1403900012183,75,354,183,AP
Vehículo Privado,8,1403900014781,1403900010149,226,355,8,AP
Vehículo Privado,8,1403900014813,1403900011132,202,358,92,AP
Vehículo Privado,8,1403900014813,1403900011359,202,358,111,AP
Vehículo Privado,8,1403900014813,1403900012183,202,358,183,AP
Vehículo Privado,8,1403900014813,1403900013656,404,358,256,AP
Vehículo Privado,8,1403900014828,1403900010492,226,359,34,AP
Vehículo Privado,8,1403900014828,1403900010825,226,359,63,AP
Vehículo Privado,8,1403900014828,140390001051A,226,359,36,AP
Vehículo Privado,8,1403900014828,140390001083A,226,359,64,AP
Vehículo Privado,8,1403900014847,1403900010115,226,361,6,AP
Vehículo Privado,8,1403900014866,1412000014075,95,363,8220,AP
Vehículo Privado,8,1403900014870,1403900011062,202,364,85,AP
Vehículo Privado,8,1403900014870,1412000012242,404,364,8077,AP
Vehículo Privado,8,1403900014902,1403900010308,75,367,18,AP
Vehículo Privado,8,1403900014902,1409800012381,75,367,6129,AP
Vehículo Privado,8,1403900014917,1403900010115,75,368,6,AP
Vehículo Privado,8,1403900014917,1403900011081,75,368,87,AP
Vehículo Privado,8,1403900014917,1403900011096,75,368,88,AP
Vehículo Privado,8,1403900014917,1403900011274,75,368,103,AP
Vehículo Privado,8,1403900014917,1403900011378,75,368,113,AP
Vehículo Privado,8,1403900014917,1403900011556,150,368,127,AP
Vehículo Privado,8,1403900014917,1403900011645,75,368,135,AP
Vehículo Privado,8,1403900014917,1412000012952,75,368,8141,AP
Vehículo Privado,8,1403900014917,1412000013293,150,368,8170,AP
Vehículo Privado,8,1403900014917,141200001550A,75,368,8322,AP
Vehículo Privado,8,1403900014921,1403900014442,226,369,325,AP
Vehículo Privado,8,1403900014936,1403900014936,202,370,370,AP
Vehículo Privado,8,1403900015008,140390001172A,498,377,143,AP
Vehículo Privado,8,1403900015008,140390001507A,498,377,384,AP
Vehículo Privado,8,1403900015120,1403900011537,234,389,126,AP
Vehículo Privado,8,1403900015154,1403900011448,468,392,120,AP
Vehículo Privado,8,1403900015154,1403900011537,234,392,126,AP
Vehículo Privado,8,1403900015205,1403900013853,234,397,273,AP
Vehículo Privado,8,1403900015205,1403900014368,234,397,319,AP
Vehículo Privado,8,1403900015224,1403900012164,234,399,181,AP
Vehículo Privado,8,1403900015224,1403900012319,234,399,193,AP
Vehículo Privado,8,1403900015296,1403900011359,249,405,111,AP
Vehículo Privado,8,1403900015313,1403900011556,119,407,127,AP
Vehículo Privado,8,1403900015313,141200001098A,119,407,8027,AP
Vehículo Privado,8,1403900015347,1403900015489,48,410,423,AP
Vehículo Privado,8,1403900015347,1409800010987,163,410,6032,AP
Vehículo Privado,8,1403900015366,141200142,13,412,8459,AP
Vehículo Privado,8,1403900015366,1403900010651,202,412,47,AP
Vehículo Privado,8,1403900015366,1403900015332,48,412,409,AP
Vehículo Privado,8,1403900015366,1403900015366,163,412,412,AP
Vehículo Privado,8,1403900015366,1407000210967,15,412,3086,AP
Vehículo Privado,8,1403900015366,1409700250763,51,412,5094,AP
Vehículo Privado,8,1403900015366,1409800012767,46,412,6162,AP
Vehículo Privado,8,1403900015366,1410100011446,246,412,7094,AP
Vehículo Privado,8,1403900015366,1410101902374,23,412,7224,AP
Vehículo Privado,8,1403900015366,1412000014677,49,412,8274,AP
Vehículo Privado,8,1403900015366,140980001053A,48,412,6019,AP
Vehículo Privado,8,1403900015366,141200206504A,3,412,8461,AP
Vehículo Privado,8,1403900015366,141240001018A,35,412,9006,AP
Vehículo Privado,8,1403900015417,1403900015366,163,417,412,AP
Vehículo Privado,8,1403900015436,1412000014501,163,419,8259,AP
Vehículo Privado,8,1403900015489,1409700312774,48,423,5132,AP
Vehículo Privado,8,1403900015506,1403900013374,163,425,240,AP
Vehículo Privado,8,1403900015506,1403900014546,326,425,335,AP
Vehículo Privado,8,1403900015559,1403900013783,163,430,266,AP
Vehículo Privado,8,1403900015559,1403900015366,163,430,412,AP
Vehículo Privado,8,1403900015559,1407000140219,63,430,3044,AP
Vehículo Privado,8,1403900015563,1409800011928,192,431,6099,AP
Vehículo Privado,8,1403900015578,1403900012319,163,432,193,AP
Vehículo Privado,8,1403900015648,140972308,119,439,5384,AP
Vehículo Privado,8,1403900015648,1403900011753,119,439,145,AP
Vehículo Privado,8,1403900015652,1403900011819,119,440,150,AP
Vehículo Privado,8,1403900015652,1412000011225,119,440,8038,AP
Vehículo Privado,8,1403900015652,1412000013575,119,440,8189,AP
Vehículo Privado,8,1403900015652,141200001447A,238,440,8256,AP
Vehículo Privado,8,1403900015667,1403900015667,59,441,441,AP
Vehículo Privado,8,1403900015671,1409800010879,234,442,6028,AP
Vehículo Privado,8,1403900015671,1410100011516,234,442,7099,AP
Vehículo Privado,8,1404400010083,1412400010300,10,1003,9016,AP
Vehículo Privado,8,1404400010083,99999000A,10,1003,10002,AP
Vehículo Privado,8,1404400010098,140440026,20,1004,1032,AP
Vehículo Privado,8,1404400010098,999990005,30,1004,10004,AP
Vehículo Privado,8,1404400010098,1404400010098,10,1004,1004,AP
Vehículo Privado,8,1404400010098,1404400010100,20,1004,1005,AP
Vehículo Privado,8,1404400010098,1404400010295,20,1004,1007,AP
Vehículo Privado,8,1404400010100,1404400010100,10,1005,1005,AP
Vehículo Privado,8,1404400010100,1409800010281,10,1005,6010,AP
Vehículo Privado,8,1404400010100,1409800011330,10,1005,6055,AP
Vehículo Privado,8,1404400010100,14097059A,10,1005,5241,AP
Vehículo Privado,8,1404400010295,140440026,10,1007,1032,AP
Vehículo Privado,8,1404400010295,999990005,10,1007,10004,AP
Vehículo Privado,8,1404400010295,1404400010098,20,1007,1004,AP
Vehículo Privado,8,1404400020115,140440011,14,1014,1031,AP
Vehículo Privado,8,1404400020115,999990005,56,1014,10004,AP
Vehículo Privado,8,1404400020115,1403900011359,7,1014,111,AP
Vehículo Privado,8,1404400020115,1404400010083,10,1014,1003,AP
Vehículo Privado,8,1404400020115,1407000010702,7,1014,3015,AP
Vehículo Privado,8,1404400020115,1409700010918,7,1014,5009,AP
Vehículo Privado,8,1404400020115,1409700010937,7,1014,5011,AP
Vehículo Privado,8,1404400020115,140440002005A,7,1014,1013,AP
Vehículo Privado,8,1404400020115,140440002012A,14,1014,1015,AP
Vehículo Privado,8,1404400020115,14097059A,7,1014,5241,AP
Vehículo Privado,8,1404400020134,140440011,7,1016,1031,AP
Vehículo Privado,8,1404400020134,999990005,7,1016,10004,AP
Vehículo Privado,8,1404400020134,1404400020350,7,1016,1023,AP
Vehículo Privado,8,1404400020134,1404400050261,7,1016,1025,AP
Vehículo Privado,8,1404400020134,14097059A,7,1016,5241,AP
Vehículo Privado,8,1404400020153,1403900011363,7,1018,112,AP
Vehículo Privado,8,1404400020153,1407000200257,7,1018,3069,AP
Vehículo Privado,8,1404400020153,1409700150960,7,1018,5069,AP
Vehículo Privado,8,1404400100223,1407000010045,57,1027,3002,AP
Vehículo Privado,8,1404400100223,14097059A,57,1027,5241,AP
Vehículo Privado,8,1404400100238,140440011,27,1028,1031,AP
Vehículo Privado,8,1404400540401,140440011,54,1033,1031,AP
Vehículo Privado,8,1404400540420,140440011,54,1035,1031,AP
Vehículo Privado,8,1404400540420,140440026,27,1035,1032,AP
Vehículo Privado,8,1404400540420,999990005,27,1035,10004,AP
Vehículo Privado,8,1404400540420,1404400540416,54,1035,1034,AP
Vehículo Privado,8,1404400540420,140440002012A,27,1035,1015,AP
Vehículo Privado,8,1404400540435,1404400540435,27,1036,1036,AP
Vehículo Privado,8,1405100010054,1403900011556,59,2002,127,AP
Vehículo Privado,8,1405100010054,1405100010073,2,2002,2004,AP
Vehículo Privado,8,1405100010054,1407000010045,59,2002,3002,AP
Vehículo Privado,8,1405100010069,1405100010139,2,2003,2010,AP
Vehículo Privado,8,1405100010069,1407000010702,59,2003,3015,AP
Vehículo Privado,8,1405100010069,14070140A,59,2003,3131,AP
Vehículo Privado,8,1405100010139,140510016,2,2010,2019,AP
Vehículo Privado,8,1405100010139,141240090,2,2010,9047,AP
Vehículo Privado,8,1405100010139,1405100020209,2,2010,2017,AP
Vehículo Privado,8,1405100010139,1407000010045,2,2010,3002,AP
Vehículo Privado,8,1405100010139,1409701150890,2,2010,5212,AP
Vehículo Privado,8,1405100020181,141240090,63,2015,9047,AP
Vehículo Privado,8,1405100020181,999990004,21,2015,10001,AP
Vehículo Privado,8,1405100020181,999990006,126,2015,10005,AP
Vehículo Privado,8,1405100020181,1405100020196,21,2015,2016,AP
Vehículo Privado,8,1405100020181,1410100010927,21,2015,7050,AP
Vehículo Privado,8,1405100020181,1412400010175,21,2015,9005,AP
Vehículo Privado,8,1405100020181,1412400940387,21,2015,9048,AP
Vehículo Privado,8,1405100020196,141012567,126,2016,7232,AP
Vehículo Privado,8,1405100020196,141240090,210,2016,9047,AP
Vehículo Privado,8,1405100020196,1407001111325,21,2016,3120,AP
Vehículo Privado,8,1405100020196,1410100260683,21,2016,7197,AP
Vehículo Privado,8,1405100020196,1410100272336,21,2016,7207,AP
Vehículo Privado,8,1405100020196,1412400010137,21,2016,9002,AP
Vehículo Privado,8,1405100020196,1412400010175,21,2016,9005,AP
Vehículo Privado,8,1405100020196,141010001179A,21,2016,7117,AP
Vehículo Privado,8,1405100020209,1403900010967,21,2017,76,AP
Vehículo Privado,8,1405100020209,1405100020196,21,2017,2016,AP
Vehículo Privado,8,1405100020209,1405100020209,63,2017,2017,AP
Vehículo Privado,8,1405100020209,1407000010115,21,2017,3005,AP
Vehículo Privado,8,1405100020209,1412400010175,21,2017,9005,AP
Vehículo Privado,8,1405100020209,1412400940391,21,2017,9049,AP
Vehículo Privado,8,1405100020213,1407000010115,21,2018,3005,AP
Vehículo Privado,8,1405100020213,1410100010931,21,2018,7051,AP
Vehículo Privado,8,1405100020213,1412400010137,21,2018,9002,AP
Vehículo Privado,8,1405100020213,1412400010175,42,2018,9005,AP
Vehículo Privado,8,1407000010045,1403900011310,59,3002,107,AP
Vehículo Privado,8,1407000010098,1407000010045,59,3003,3002,AP
Vehículo Privado,8,1407000010098,1407001111378,59,3003,3125,AP
Vehículo Privado,8,1407000010100,1403900011170,59,3004,96,AP
Vehículo Privado,8,1407000010100,1407000010030,118,3004,3001,AP
Vehículo Privado,8,1407000010100,1407000130420,63,3004,3035,AP
Vehículo Privado,8,1407000010115,1407000010030,59,3005,3001,AP
Vehículo Privado,8,1407000010115,140510001004A,2,3005,2001,AP
Vehículo Privado,8,1407000010115,140700014083A,15,3005,3060,AP
Vehículo Privado,8,1407000010134,1407000010030,59,3007,3001,AP
Vehículo Privado,8,1407000010134,1407000011062,59,3007,3021,AP
Vehículo Privado,8,1407000010134,1410100011592,59,3007,7104,AP
Vehículo Privado,8,1407000010134,14070140A,59,3007,3131,AP
Vehículo Privado,8,1407000010702,1407001111378,118,3015,3125,AP
Vehículo Privado,8,1407000011058,1403900011626,59,3020,133,AP
Vehículo Privado,8,1407000011058,1412400940387,59,3020,9048,AP
Vehículo Privado,8,1407000011058,140700001037A,59,3020,3008,AP
Vehículo Privado,8,1407000011058,14070140A,118,3020,3131,AP
Vehículo Privado,8,1407000011503,999990005,59,3026,10004,AP
Vehículo Privado,8,1407000130238,1403900014546,88,3029,335,AP
Vehículo Privado,8,1407000130401,1409800011383,23,3033,6060,AP
Vehículo Privado,8,1407000130401,1409800011576,23,3033,6072,AP
Vehículo Privado,8,1407000130401,1409800011877,23,3033,6096,AP
Vehículo Privado,8,1407000130420,1409800011434,63,3035,6063,AP
Vehículo Privado,8,1407000140219,140700014083A,63,3044,3060,AP
Vehículo Privado,8,1407000140223,1407000130416,63,3045,3034,AP
Vehículo Privado,8,1407000140223,1409700350231,63,3045,5170,AP
Vehículo Privado,8,1407000140223,1409800011241,63,3045,6051,AP
Vehículo Privado,8,1407000140558,1403900013694,23,3055,259,AP
Vehículo Privado,8,1407000140810,1403900011378,126,3058,113,AP
Vehículo Privado,8,1407000140844,1409800010879,126,3061,6028,AP
Vehículo Privado,8,1407000140859,1407000430295,63,3062,3096,AP
Vehículo Privado,8,1407000140859,99999000A,126,3062,10002,AP
Vehículo Privado,8,1407000200191,1407000010045,59,3066,3002,AP
Vehículo Privado,8,1407000200204,140510016,59,3067,2019,AP
Vehículo Privado,8,1407000200204,1410100260698,59,3067,7198,AP
Vehículo Privado,8,1407000200204,1412000014836,59,3067,8281,AP
Vehículo Privado,8,1407000200789,1403900011359,59,3072,111,AP
Vehículo Privado,8,1407000200789,1403900011626,59,3072,133,AP
Vehículo Privado,8,1407000200789,1407000200242,59,3072,3068,AP
Vehículo Privado,8,1407000200789,1407000201397,59,3072,3080,AP
Vehículo Privado,8,1407000200789,1410100010927,59,3072,7050,AP
Vehículo Privado,8,1407000200789,140700020126A,59,3072,3078,AP
Vehículo Privado,8,1407000201236,1409708531668,236,3076,5355,AP
Vehículo Privado,8,1407000201236,1409708531672,118,3076,5356,AP
Vehículo Privado,8,1407000201382,1405100010054,59,3079,2002,AP
Vehículo Privado,8,1407000201382,1407000200191,59,3079,3066,AP
Vehículo Privado,8,1407000201382,99999000A,118,3079,10002,AP
Vehículo Privado,8,1407000201397,1403900012130,59,3080,178,AP
Vehículo Privado,8,1407000201397,1407000200257,59,3080,3069,AP
Vehículo Privado,8,1407000201397,1407000201236,59,3080,3076,AP
Vehículo Privado,8,1407000201397,140700021101A,118,3080,3088,AP
Vehículo Privado,8,1407000210736,140980243,15,3082,6237,AP
Vehículo Privado,8,1407000210736,1403900012183,30,3082,183,AP
Vehículo Privado,8,1407000210736,1403900013020,15,3082,231,AP
Vehículo Privado,8,1407000210736,1407000140825,15,3082,3059,AP
Vehículo Privado,8,1407000210736,1407000210755,15,3082,3084,AP
Vehículo Privado,8,1407000210736,1409800010031,15,3082,6001,AP
Vehículo Privado,8,1407000210736,140390001215A,15,3082,180,AP
Vehículo Privado,8,1407000210755,1410100011569,45,3084,7101,AP
Vehículo Privado,8,1407000210967,141200001066A,15,3086,8018,AP
Vehículo Privado,8,1407000211151,1403900015671,63,3093,442,AP
Vehículo Privado,8,1407000430295,1407000140859,63,3096,3062,AP
Vehículo Privado,8,1407000430295,1407000430295,126,3096,3096,AP
Vehículo Privado,8,1407000430295,1407000430308,125,3096,3097,AP
Vehículo Privado,8,1407000430308,1407000140543,63,3097,3054,AP
Vehículo Privado,8,1407000430308,1407000430295,126,3097,3096,AP
Vehículo Privado,8,1407000430492,1407000430295,63,3098,3096,AP
Vehículo Privado,8,1407000430647,1407000210736,15,3102,3082,AP
Vehículo Privado,8,1407000430651,1403900011359,15,3103,111,AP
Vehículo Privado,8,1407000430806,14070140A,15,3105,3131,AP
Vehículo Privado,8,1407000431024,999990005,15,3111,10004,AP
Vehículo Privado,8,1407000431024,1409800011260,15,3111,6053,AP
Vehículo Privado,8,1407000431024,140700021101A,15,3111,3088,AP
Vehículo Privado,8,1407000431024,14070140A,15,3111,3131,AP
Vehículo Privado,8,1407000431039,1403900013995,15,3112,286,AP
Vehículo Privado,8,1407000431039,1407000431024,15,3112,3111,AP
Vehículo Privado,8,1407000431039,140700021101A,15,3112,3088,AP
Vehículo Privado,8,1407000431147,1409800010879,15,3115,6028,AP
Vehículo Privado,8,1407000431147,1409800013036,15,3115,6183,AP
Vehículo Privado,8,1407000431147,14070140A,15,3115,3131,AP
Vehículo Privado,8,1407001111310,1407000010384,59,3119,3009,AP
Vehículo Privado,8,1407001111325,999990004,59,3120,10001,AP
Vehículo Privado,8,1407001111325,1407000010115,59,3120,3005,AP
Vehículo Privado,8,1407001111325,1407000010399,59,3120,3010,AP
Vehículo Privado,8,1407001111325,1407000200242,59,3120,3068,AP
Vehículo Privado,8,1407001111359,1407000011062,59,3123,3021,AP
Vehículo Privado,8,1407001111359,1407000011503,59,3123,3026,AP
Vehículo Privado,8,1407001111363,140510016,59,3124,2019,AP
Vehículo Privado,8,1407001111363,1407000130401,59,3124,3033,AP
Vehículo Privado,8,1407001211518,140701467,161,3127,3133,AP
Vehículo Privado,8,1407001211518,1410100312317,23,3127,7211,AP
Vehículo Privado,8,1409700010195,1409700010195,15,5001,5001,AP
Vehículo Privado,8,1409700010195,1409700150956,15,5001,5068,AP
Vehículo Privado,8,1409700010528,1409700010212,108,5005,5003,AP
Vehículo Privado,8,1409700010532,1412000012492,54,5006,8102,AP
Vehículo Privado,8,1409700010918,1409700010918,34,5009,5009,AP
Vehículo Privado,8,1409700010918,1409700010937,15,5009,5011,AP
Vehículo Privado,8,1409700010918,1409700010941,15,5009,5012,AP
Vehículo Privado,8,1409700010918,1409700213842,19,5009,5081,AP
Vehículo Privado,8,1409700010918,1409700320829,15,5009,5143,AP
Vehículo Privado,8,1409700010918,1409700340250,19,5009,5156,AP
Vehículo Privado,8,1409700010922,140970104,15,5010,5209,AP
Vehículo Privado,8,1409700010922,1403900011753,15,5010,145,AP
Vehículo Privado,8,1409700010922,1403900014531,15,5010,334,AP
Vehículo Privado,8,1409700010922,1409700010922,15,5010,5010,AP
Vehículo Privado,8,1409700010922,1409700012115,15,5010,5023,AP
Vehículo Privado,8,1409700010922,1409700092810,15,5010,5051,AP
Vehículo Privado,8,1409700010922,1409700150956,15,5010,5068,AP
Vehículo Privado,8,1409700010922,1409700201013,15,5010,5079,AP
Vehículo Privado,8,1409700010937,999990001,15,5011,10006,AP
Vehículo Privado,8,1409700010937,1409700213857,19,5011,5082,AP
Vehículo Privado,8,1409700010937,1409700340250,15,5011,5156,AP
Vehículo Privado,8,1409700010937,1409700340388,19,5011,5158,AP
Vehículo Privado,8,1409700010941,140973541,15,5012,5388,AP
Vehículo Privado,8,1409700010941,1409700320053,15,5012,5135,AP
Vehículo Privado,8,1409700010941,1409700340373,30,5012,5157,AP
Vehículo Privado,8,1409700010941,1409708221530,15,5012,5252,AP
Vehículo Privado,8,1409700010941,1412000013575,19,5012,8189,AP
Vehículo Privado,8,1409700012098,1409700010212,54,5021,5003,AP
Vehículo Privado,8,1409700012100,1403900012183,54,5022,183,AP
Vehículo Privado,8,1409700012115,1409700010918,54,5023,5009,AP
Vehículo Privado,8,1409700012115,1409700012115,19,5023,5023,AP
Vehículo Privado,8,1409700012115,1409700250763,54,5023,5094,AP
Vehículo Privado,8,1409700012134,1409700010212,54,5025,5003,AP
Vehículo Privado,8,1409700012134,1409700010941,108,5025,5012,AP
Vehículo Privado,8,1409700012331,1409700010937,54,5026,5011,AP
Vehículo Privado,8,1409700013113,1409700012115,15,5031,5023,AP
Vehículo Privado,8,1409700013113,1409700342079,15,5031,5163,AP
Vehículo Privado,8,1409700050335,140970123,19,5035,5222,AP
Vehículo Privado,8,1409700050335,1409700053166,19,5035,5045,AP
Vehículo Privado,8,1409700053147,1407000010045,19,5043,3002,AP
Vehículo Privado,8,1409700053147,1409700053166,19,5043,5045,AP
Vehículo Privado,8,1409700053147,1409700092825,19,5043,5052,AP
Vehículo Privado,8,1409700053147,1409700411259,19,5043,5192,AP
Vehículo Privado,8,1409700053147,1409708311649,19,5043,5296,AP
Vehículo Privado,8,1409700053147,1409800010370,19,5043,6014,AP
Vehículo Privado,8,1409700053147,1409800012485,19,5043,6137,AP
Vehículo Privado,8,1409700053147,1409800012659,19,5043,6153,AP
Vehículo Privado,8,1409700053147,1412000012825,19,5043,8130,AP
Vehículo Privado,8,1409700053166,1409700053503,19,5045,5047,AP
Vehículo Privado,8,1409700053166,1409800010351,19,5045,6013,AP
Vehículo Privado,8,1409700053166,1409800011398,19,5045,6061,AP
Vehículo Privado,8,1409700053166,1409800011928,19,5045,6099,AP
Vehículo Privado,8,1409700053166,140970005034A,38,5045,5036,AP
Vehículo Privado,8,1409700053518,140972308,19,5048,5384,AP
Vehículo Privado,8,1409700053518,1409700052581,19,5048,5042,AP
Vehículo Privado,8,1409700053518,1409708222469,19,5048,5274,AP
Vehículo Privado,8,1409700053518,1409800011260,19,5048,6053,AP
Vehículo Privado,8,1409700053518,1412000010602,19,5048,8013,AP
Vehículo Privado,8,1409700092863,1409700092810,114,5056,5051,AP
Vehículo Privado,8,1409700092863,1409800011330,57,5056,6055,AP
Vehículo Privado,8,1409700150227,999990004,40,5061,10001,AP
Vehículo Privado,8,1409700150227,1407000200079,10,5061,3065,AP
Vehículo Privado,8,1409700150227,1409700150227,10,5061,5061,AP
Vehículo Privado,8,1409700150227,1409800011928,10,5061,6099,AP
Vehículo Privado,8,1409700150227,1410100010931,20,5061,7051,AP
Vehículo Privado,8,1409700150956,1409700050655,10,5068,5038,AP
Vehículo Privado,8,1409700150960,1409700150960,20,5069,5069,AP
Vehículo Privado,8,1409700150960,1409700201013,10,5069,5079,AP
Vehículo Privado,8,1409700150960,140970005034A,20,5069,5036,AP
Vehículo Privado,8,1409700201013,1403900010308,51,5079,18,AP
Vehículo Privado,8,1409700201013,1403900011043,51,5079,84,AP
Vehículo Privado,8,1409700201013,1407000131448,96,5079,3040,AP
Vehículo Privado,8,1409700201013,1409700201013,117,5079,5079,AP
Vehículo Privado,8,1409700201013,1409701800301,51,5079,5223,AP
Vehículo Privado,8,1409700201013,1409800011928,51,5079,6099,AP
Vehículo Privado,8,1409700201013,1412000011206,23,5079,8036,AP
Vehículo Privado,8,1409700201013,1412000016828,51,5079,8394,AP
Vehículo Privado,8,1409700201013,140390001101A,51,5079,81,AP
Vehículo Privado,8,1409700213857,1403900010308,19,5082,18,AP
Vehículo Privado,8,1409700213857,1403900011077,19,5082,86,AP
Vehículo Privado,8,1409700213857,1409700250458,19,5082,5089,AP
Vehículo Privado,8,1409700213857,1409700340250,19,5082,5156,AP
Vehículo Privado,8,1409700213857,1409704240443,38,5082,5228,AP
Vehículo Privado,8,1409700213857,1412000013166,19,5082,8160,AP
Vehículo Privado,8,1409700233202,140972416,108,5085,5387,AP
Vehículo Privado,8,1409700233202,1403900015366,54,5085,412,AP
Vehículo Privado,8,1409700233202,1409708623414,54,5085,5366,AP
Vehículo Privado,8,1409700250299,1409800141129,104,5086,6219,AP
Vehículo Privado,8,1409700250354,140970015,51,5087,5060,AP
Vehículo Privado,8,1409700250354,999990005,204,5087,10004,AP
Vehículo Privado,8,1409700250354,1403900011359,51,5087,111,AP
Vehículo Privado,8,1409700250354,1403900013641,153,5087,255,AP
Vehículo Privado,8,1409700250354,1403900013923,51,5087,279,AP
Vehículo Privado,8,1409700250354,1403900015652,51,5087,440,AP
Vehículo Privado,8,1409700250354,1409700013113,15,5087,5031,AP
Vehículo Privado,8,1409700250354,1409700201013,153,5087,5079,AP
Vehículo Privado,8,1409700250354,1409700250354,51,5087,5087,AP
Vehículo Privado,8,1409700250354,1409700250763,102,5087,5094,AP
Vehículo Privado,8,1409700250354,1409700250797,102,5087,5097,AP
Vehículo Privado,8,1409700250354,1409700251418,51,5087,5109,AP
Vehículo Privado,8,1409700250354,1409700340848,51,5087,5160,AP
Vehículo Privado,8,1409700250354,1409700931028,51,5087,5208,AP
Vehículo Privado,8,1409700250354,1409701800301,51,5087,5223,AP
Vehículo Privado,8,1409700250354,1409701801244,51,5087,5226,AP
Vehículo Privado,8,1409700250354,1409800011576,51,5087,6072,AP
Vehículo Privado,8,1409700250354,1409800141129,51,5087,6219,AP
Vehículo Privado,8,1409700250354,1412000013166,51,5087,8160,AP
Vehículo Privado,8,1409700250354,140390001101A,51,5087,81,AP
Vehículo Privado,8,1409700250369,140970015,51,5088,5060,AP
Vehículo Privado,8,1409700250369,140970104,51,5088,5209,AP
Vehículo Privado,8,1409700250369,1403900011359,102,5088,111,AP
Vehículo Privado,8,1409700250369,1403900011556,153,5088,127,AP
Vehículo Privado,8,1409700250369,1403900015366,102,5088,412,AP
Vehículo Privado,8,1409700250369,1409700010918,102,5088,5009,AP
Vehículo Privado,8,1409700250369,1409700010922,51,5088,5010,AP
Vehículo Privado,8,1409700250369,1409700010941,51,5088,5012,AP
Vehículo Privado,8,1409700250369,1409700201013,51,5088,5079,AP
Vehículo Privado,8,1409700250369,1409700250354,51,5088,5087,AP
Vehículo Privado,8,1409700250369,1409701801244,51,5088,5226,AP
Vehículo Privado,8,1409700250369,1409704240443,51,5088,5228,AP
Vehículo Privado,8,1409700250369,1409800010987,51,5088,6032,AP
Vehículo Privado,8,1409700250369,1409800011928,51,5088,6099,AP
Vehículo Privado,8,1409700250369,1409800012381,51,5088,6129,AP
Vehículo Privado,8,1409700250369,1412000011225,51,5088,8038,AP
Vehículo Privado,8,1409700250369,1412000011920,51,5088,8065,AP
Vehículo Privado,8,1409700250369,1412000012064,102,5088,8068,AP
Vehículo Privado,8,1409700250369,1412000012280,51,5088,8081,AP
Vehículo Privado,8,1409700250369,1412000012505,102,5088,8103,AP
Vehículo Privado,8,1409700250369,141200001066A,51,5088,8018,AP
Vehículo Privado,8,1409700250462,1409700320053,51,5090,5135,AP
Vehículo Privado,8,1409700250477,1409700250354,102,5091,5087,AP
Vehículo Privado,8,1409700250763,1409700250354,51,5094,5087,AP
Vehículo Privado,8,1409700250763,1409700250763,38,5094,5094,AP
Vehículo Privado,8,1409700250763,1409700251418,102,5094,5109,AP
Vehículo Privado,8,1409700250763,1409704241761,51,5094,5232,AP
Vehículo Privado,8,1409700250763,1412000014836,51,5094,8281,AP
Vehículo Privado,8,1409700251418,1403900011359,51,5109,111,AP
Vehículo Privado,8,1409700251418,1403900013641,51,5109,255,AP
Vehículo Privado,8,1409700251418,1409700250354,102,5109,5087,AP
Vehículo Privado,8,1409700251418,1409701801244,51,5109,5226,AP
Vehículo Privado,8,1409700251418,1412000013293,51,5109,8170,AP
Vehículo Privado,8,1409700251456,1409800011928,208,5111,6099,AP
Vehículo Privado,8,1409700251456,141200001066A,104,5111,8018,AP
Vehículo Privado,8,1409700252399,141200001066A,104,5118,8018,AP
Vehículo Privado,8,1409700252543,1409700250354,102,5120,5087,AP
Vehículo Privado,8,1409700252543,1409700340250,51,5120,5156,AP
Vehículo Privado,8,1409700312774,1409700010918,10,5132,5009,AP
Vehículo Privado,8,1409700312789,1403900011359,30,5133,111,AP
Vehículo Privado,8,1409700312789,1409700312789,10,5133,5133,AP
Vehículo Privado,8,1409700320180,141200001066A,104,5136,8018,AP
Vehículo Privado,8,1409700320284,140970123,208,5139,5222,AP
Vehículo Privado,8,1409700320284,1409700320053,104,5139,5135,AP
Vehículo Privado,8,1409700340250,1409700340250,54,5156,5156,AP
Vehículo Privado,8,1409700340250,1409700432613,19,5156,5204,AP
Vehículo Privado,8,1409700340250,1409701801244,19,5156,5226,AP
Vehículo Privado,8,1409700340250,1409800011928,38,5156,6099,AP
Vehículo Privado,8,1409700340250,1412000010706,19,5156,8020,AP
Vehículo Privado,8,1409700340373,1409700010195,19,5157,5001,AP
Vehículo Privado,8,1409700340373,1409700010918,19,5157,5009,AP
Vehículo Privado,8,1409700340373,1409700340250,19,5157,5156,AP
Vehículo Privado,8,1409700340388,140970104,38,5158,5209,AP
Vehículo Privado,8,1409700340388,1403900012145,19,5158,179,AP
Vehículo Privado,8,1409700340388,1409700010918,38,5158,5009,AP
Vehículo Privado,8,1409700340388,1409700250797,19,5158,5097,AP
Vehículo Privado,8,1409700350138,1409700340250,96,5169,5156,AP
Vehículo Privado,8,1409700350231,1403900015544,96,5170,429,AP
Vehículo Privado,8,1409700353772,1409700353734,96,5179,5178,AP
Vehículo Privado,8,1409700353772,141200001340A,96,5179,8177,AP
Vehículo Privado,8,1409700381795,1409708221564,242,5181,5255,AP
Vehículo Privado,8,1409700381827,1403900011363,242,5184,112,AP
Vehículo Privado,8,1409700411259,140972308,57,5192,5384,AP
Vehículo Privado,8,1409700411259,1409700411259,57,5192,5192,AP
Vehículo Privado,8,1409700432613,140970015,19,5204,5060,AP
Vehículo Privado,8,1409700432613,999990001,19,5204,10006,AP
Vehículo Privado,8,1409700432613,1409700201013,19,5204,5079,AP
Vehículo Privado,8,1409700432613,1409700250763,19,5204,5094,AP
Vehículo Privado,8,1409700432613,1409700340250,19,5204,5156,AP
Vehículo Privado,8,1409700432628,140970104,38,5205,5209,AP
Vehículo Privado,8,1409701150886,1407000200191,59,5211,3066,AP
Vehículo Privado,8,1409701151511,1409701150890,59,5214,5212,AP
Vehículo Privado,8,1409701151511,1409701151511,59,5214,5214,AP
Vehículo Privado,8,1409701151992,14097059A,59,5215,5241,AP
Vehículo Privado,8,1409701152596,1407000200257,59,5217,3069,AP
Vehículo Privado,8,1409701800301,1403900011594,58,5223,131,AP
Vehículo Privado,8,1409701800301,1409700010918,29,5223,5009,AP
Vehículo Privado,8,1409701800301,1409700250763,29,5223,5094,AP
Vehículo Privado,8,1409701800301,1409704241761,29,5223,5232,AP
Vehículo Privado,8,1409701800301,1409800011928,58,5223,6099,AP
Vehículo Privado,8,1409701800301,1412000010547,29,5223,8012,AP
Vehículo Privado,8,1409701800301,1412000013306,29,5223,8171,AP
Vehículo Privado,8,1409701800301,141200001066A,29,5223,8018,AP
Vehículo Privado,8,1409701801244,1409700251418,51,5226,5109,AP
Vehículo Privado,8,1409701801244,140970180123A,29,5226,5225,AP
Vehículo Privado,8,1409704240443,1409700201013,51,5228,5079,AP
Vehículo Privado,8,1409704240570,1409700250354,38,5229,5087,AP
Vehículo Privado,8,1409704240975,1412000010706,76,5230,8020,AP
Vehículo Privado,8,1409704240975,1412000011206,76,5230,8036,AP
Vehículo Privado,8,1409704240975,1412000012505,29,5230,8103,AP
Vehículo Privado,8,1409704240975,140970180123A,29,5230,5225,AP
Vehículo Privado,8,1409704241761,999990004,76,5232,10001,AP
Vehículo Privado,8,1409704241761,1403900011448,38,5232,120,AP
Vehículo Privado,8,1409704241761,1409704240443,38,5232,5228,AP
Vehículo Privado,8,1409704241761,1412000010706,38,5232,8020,AP
Vehículo Privado,8,1409704241761,1412000011225,38,5232,8038,AP
Vehículo Privado,8,1409704241776,1403900010346,38,5233,21,AP
Vehículo Privado,8,1409704241776,1409800011928,38,5233,6099,AP
Vehículo Privado,8,1409704241776,140970424098A,38,5233,5231,AP
Vehículo Privado,8,1409704393880,1412000013293,108,5234,8170,AP
Vehículo Privado,8,1409705601032,1409700010918,104,5236,5009,AP
Vehículo Privado,8,1409705603467,140980001007A,104,5239,6004,AP
Vehículo Privado,8,1409706133927,1403900011293,94,5243,105,AP
Vehículo Privado,8,1409706133927,1403900015652,94,5243,440,AP
Vehículo Privado,8,1409706133927,1412000010636,376,5243,8015,AP
Vehículo Privado,8,1409706133931,1409700250369,94,5244,5088,AP
Vehículo Privado,8,1409706133931,99999000A,94,5244,10002,AP
Vehículo Privado,8,1409706663950,1409701801244,104,5246,5226,AP
Vehículo Privado,8,1409706663950,1409800010807,104,5246,6026,AP
Vehículo Privado,8,1409707771780,140970005034A,19,5247,5036,AP
Vehículo Privado,8,1409708221530,999990004,242,5252,10001,AP
Vehículo Privado,8,1409708221530,1403900012592,242,5252,213,AP
Vehículo Privado,8,1409708221530,1403900014052,242,5252,292,AP
Vehículo Privado,8,1409708221530,1403900015332,48,5252,409,AP
Vehículo Privado,8,1409708221530,1409700381795,242,5252,5181,AP
Vehículo Privado,8,1409708221530,1409708221530,242,5252,5252,AP
Vehículo Privado,8,1409708221530,14070140A,242,5252,3131,AP
Vehículo Privado,8,1409708221564,1409700010212,242,5255,5003,AP
Vehículo Privado,8,1409708221564,1409708221579,726,5255,5256,AP
Vehículo Privado,8,1409708221564,1409708312030,242,5255,5300,AP
Vehículo Privado,8,1409708221564,1409800011260,242,5255,6053,AP
Vehículo Privado,8,1409708221579,1409708221530,242,5256,5252,AP
Vehículo Privado,8,1409708221600,1409700381808,242,5259,5182,AP
Vehículo Privado,8,1409708221935,1409700010918,484,5265,5009,AP
Vehículo Privado,8,1409708221935,1409708223077,242,5265,5279,AP
Vehículo Privado,8,1409708223058,1403900011359,242,5277,111,AP
Vehículo Privado,8,1409708223058,1409708221530,242,5277,5252,AP
Vehículo Privado,8,1409708223077,1409800012432,242,5279,6132,AP
Vehículo Privado,8,1409708223486,1409700201013,242,5283,5079,AP
Vehículo Privado,8,1409708223749,1409708221598,242,5290,5258,AP
Vehículo Privado,8,1409708234041,1412000010636,188,5292,8015,AP
Vehículo Privado,8,1409708311653,1403900010030,96,5297,2,AP
Vehículo Privado,8,1409708311653,1403900011804,96,5297,149,AP
Vehículo Privado,8,1409708311653,1409700931028,96,5297,5208,AP
Vehículo Privado,8,1409708311653,1409701800301,96,5297,5223,AP
Vehículo Privado,8,1409708311653,140970831205A,96,5297,5302,AP
Vehículo Privado,8,1409708312011,1403900011823,96,5298,151,AP
Vehículo Privado,8,1409708312011,1403900012554,96,5298,209,AP
Vehículo Privado,8,1409708312011,1403900012728,96,5298,224,AP
Vehículo Privado,8,1409708312011,1409708311653,96,5298,5297,AP
Vehículo Privado,8,1409708312011,1409708312030,96,5298,5300,AP
Vehículo Privado,8,1409708312026,140970123,96,5299,5222,AP
Vehículo Privado,8,1409708312026,1403900015563,288,5299,431,AP
Vehículo Privado,8,1409708312026,1409800010281,96,5299,6010,AP
Vehículo Privado,8,1409708312030,1409708623414,94,5300,5366,AP
Vehículo Privado,8,1409708312045,1409708531668,242,5301,5355,AP
Vehículo Privado,8,1409708331865,1403900011359,242,5312,111,AP
Vehículo Privado,8,1409708332933,1409800011966,242,5316,6101,AP
Vehículo Privado,8,1409708352736,1403900015366,54,5323,412,AP
Vehículo Privado,8,1409708352740,140972416,54,5324,5387,AP
Vehículo Privado,8,1409708353378,1409700250354,54,5325,5087,AP
Vehículo Privado,8,1409708353378,1409800011260,54,5325,6053,AP
Vehículo Privado,8,1409708374200,1409708312986,242,5332,5305,AP
Vehículo Privado,8,1409708432632,1409700342079,94,5333,5163,AP
Vehículo Privado,8,1409708432647,1409708623414,94,5334,5366,AP
Vehículo Privado,8,1409708432651,1409708623414,94,5335,5366,AP
Vehículo Privado,8,1409708432670,1403900011359,94,5337,111,AP
Vehículo Privado,8,1409708432670,1403900015440,94,5337,420,AP
Vehículo Privado,8,1409708432702,1409700320053,94,5340,5135,AP
Vehículo Privado,8,1409708432702,1409800011928,94,5340,6099,AP
Vehículo Privado,8,1409708432717,1412000010636,188,5341,8015,AP
Vehículo Privado,8,1409708441687,1409708441687,104,5345,5345,AP
Vehículo Privado,8,1409708441704,1403900011005,104,5347,80,AP
Vehículo Privado,8,1409708441704,1409700010918,104,5347,5009,AP
Vehículo Privado,8,1409708441704,1409700201013,104,5347,5079,AP
Vehículo Privado,8,1409708441704,1409708843965,104,5347,5379,AP
Vehículo Privado,8,1409708441704,1412000013166,104,5347,8160,AP
Vehículo Privado,8,1409708441704,140390001158A,104,5347,130,AP
Vehículo Privado,8,1409708524179,140970123,54,5353,5222,AP
Vehículo Privado,8,1409708524183,140970104,54,5354,5209,AP
Vehículo Privado,8,1409708524183,1409700010922,162,5354,5010,AP
Vehículo Privado,8,1409708524183,140970005034A,162,5354,5036,AP
Vehículo Privado,8,1409708622929,999990005,188,5364,10004,AP
Vehículo Privado,8,1409708622929,1409708622929,94,5364,5364,AP
Vehículo Privado,8,1409708623414,1409704241761,94,5366,5232,AP
Vehículo Privado,8,1409708623414,1409708623414,15,5366,5366,AP
Vehículo Privado,8,1409708623414,140970005034A,19,5366,5036,AP
Vehículo Privado,8,1409708634111,1404400100238,570,5367,1028,AP
Vehículo Privado,8,1409708634111,1409700411263,57,5367,5193,AP
Vehículo Privado,8,1409708634111,141200001664A,171,5367,8381,AP
Vehículo Privado,8,1409708634126,141200001664A,399,5368,8381,AP
Vehículo Privado,8,1409708634145,1409700092810,57,5369,5051,AP
Vehículo Privado,8,1409708714056,140972308,96,5371,5384,AP
Vehículo Privado,8,1409708744018,1409708221530,242,5374,5252,AP
Vehículo Privado,8,1409708823984,1403900011359,242,5377,111,AP
Vehículo Privado,8,1409708823984,1409700010918,242,5377,5009,AP
Vehículo Privado,8,1409708823984,1412401760160,484,5377,9051,AP
Vehículo Privado,8,1409708843965,1409700010941,104,5379,5012,AP
Vehículo Privado,8,1409708843965,1409700201013,104,5379,5079,AP
Vehículo Privado,8,1409708843965,1409700250477,208,5379,5091,AP
Vehículo Privado,8,1409708843965,1409701801244,104,5379,5226,AP
Vehículo Privado,8,1409708843965,1409708441704,104,5379,5347,AP
Vehículo Privado,8,1409709033908,1403900013726,91,5381,262,AP
Vehículo Privado,8,1409709033908,1409800011928,91,5381,6099,AP
Vehículo Privado,8,1409800010031,1409800011576,46,6001,6072,AP
Vehículo Privado,8,1409800010084,99999000A,246,6005,10002,AP
Vehículo Privado,8,1409800010101,1409800010101,63,6006,6006,AP
Vehículo Privado,8,1409800010120,1403900014724,246,6008,351,AP
Vehículo Privado,8,1409800010262,1412000013819,48,6009,8210,AP
Vehículo Privado,8,1409800010281,1409800011966,163,6010,6101,AP
Vehículo Privado,8,1409800010347,1409800011379,178,6012,6059,AP
Vehículo Privado,8,1409800010351,1403900012713,48,6013,223,AP
Vehículo Privado,8,1409800010351,1409800010351,48,6013,6013,AP
Vehículo Privado,8,1409800010370,999990001,46,6014,10006,AP
Vehículo Privado,8,1409800010370,1403900011359,23,6014,111,AP
Vehículo Privado,8,1409800010370,1403900011363,23,6014,112,AP
Vehículo Privado,8,1409800010370,1403900011556,23,6014,127,AP
Vehículo Privado,8,1409800010370,1412000013575,23,6014,8189,AP
Vehículo Privado,8,1409800010370,1412000016828,23,6014,8394,AP
Vehículo Privado,8,1409800010370,1412002315887,23,6014,8489,AP
Vehículo Privado,8,1409800010370,141200001098A,23,6014,8027,AP
Vehículo Privado,8,1409800010474,1409800010370,23,6016,6014,AP
Vehículo Privado,8,1409800010525,1409800011152,227,6018,6042,AP
Vehículo Privado,8,1409800010525,140980001053A,681,6018,6019,AP
Vehículo Privado,8,1409800010879,1403900011378,126,6028,113,AP
Vehículo Privado,8,1409800010879,1409800013394,41,6028,6214,AP
Vehículo Privado,8,1409800010953,1412000011189,178,6029,8034,AP
Vehículo Privado,8,1409800010953,1412000015798,178,6029,8335,AP
Vehículo Privado,8,1409800011063,1410100010433,1068,6037,7011,AP
Vehículo Privado,8,1409800011063,141010001097A,356,6037,7055,AP
Vehículo Privado,8,1409800011097,1403900015366,356,6040,412,AP
Vehículo Privado,8,1409800011097,1409700312789,27,6040,5133,AP
Vehículo Privado,8,1409800011097,1412000014836,178,6040,8281,AP
Vehículo Privado,8,1409800011203,999990006,227,6047,10005,AP
Vehículo Privado,8,1409800011203,1409800011190,454,6047,6046,AP
Vehículo Privado,8,1409800011203,140980001053A,681,6047,6019,AP
Vehículo Privado,8,1409800011222,1403900012554,227,6049,209,AP
Vehículo Privado,8,1409800011222,1409800011345,227,6049,6056,AP
Vehículo Privado,8,1409800011237,1409800010385,192,6050,6015,AP
Vehículo Privado,8,1409800011237,140980001167A,192,6050,6079,AP
Vehículo Privado,8,1409800011260,1409700350138,91,6053,5169,AP
Vehículo Privado,8,1409800011383,1403900012605,23,6060,214,AP
Vehículo Privado,8,1409800011383,99999000A,23,6060,10002,AP
Vehículo Privado,8,1409800011398,1407000130401,23,6061,3033,AP
Vehículo Privado,8,1409800011398,1409800011063,23,6061,6037,AP
Vehículo Privado,8,1409800011398,140980001053A,23,6061,6019,AP
Vehículo Privado,8,1409800011453,1403900011359,91,6065,111,AP
Vehículo Privado,8,1409800011519,1409800011519,492,6069,6069,AP
Vehículo Privado,8,1409800011542,1403900011359,246,6071,111,AP
Vehículo Privado,8,1409800011542,1410100010912,246,6071,7049,AP
Vehículo Privado,8,1409800011576,1403900012130,23,6072,178,AP
Vehículo Privado,8,1409800011576,1403900014673,23,6072,348,AP
Vehículo Privado,8,1409800011576,1407000130401,46,6072,3033,AP
Vehículo Privado,8,1409800011576,1409800011576,23,6072,6072,AP
Vehículo Privado,8,1409800011576,1409800011608,23,6072,6074,AP
Vehículo Privado,8,1409800011576,1409800011824,23,6072,6091,AP
Vehículo Privado,8,1409800011576,1409800012930,23,6072,6177,AP
Vehículo Privado,8,1409800011646,1412000014836,91,6076,8281,AP
Vehículo Privado,8,1409800011646,99999000A,91,6076,10002,AP
Vehículo Privado,8,1409800011716,1409800011928,91,6082,6099,AP
Vehículo Privado,8,1409800011716,140980001053A,91,6082,6019,AP
Vehículo Privado,8,1409800011769,1409800011504,178,6085,6068,AP
Vehículo Privado,8,1409800011824,1403900011359,23,6091,111,AP
Vehículo Privado,8,1409800011824,1409800011576,23,6091,6072,AP
Vehículo Privado,8,1409800011877,1407000130401,23,6096,3033,AP
Vehículo Privado,8,1409800011877,1412000010405,23,6096,8011,AP
Vehículo Privado,8,1409800011877,140980001053A,23,6096,6019,AP
Vehículo Privado,8,1409800011928,1403900010280,150,6099,16,AP
Vehículo Privado,8,1409800011928,1409800010031,23,6099,6001,AP
Vehículo Privado,8,1409800011928,1409800011928,152,6099,6099,AP
Vehículo Privado,8,1409800011951,14097059A,326,6100,5241,AP
Vehículo Privado,8,1409800011966,1409800010987,163,6101,6032,AP
Vehículo Privado,8,1409800011966,1409800011928,163,6101,6099,AP
Vehículo Privado,8,1409800011966,1409800011966,163,6101,6101,AP
Vehículo Privado,8,1409800011966,1409800012150,23,6101,6112,AP
Vehículo Privado,8,1409800011970,14070140A,163,6102,3131,AP
Vehículo Privado,8,1409800012042,1409700010918,38,6105,5009,AP
Vehículo Privado,8,1409800012112,1403900011043,46,6110,84,AP
Vehículo Privado,8,1409800012112,1403900011556,23,6110,127,AP
Vehículo Privado,8,1409800012112,1409700010212,23,6110,5003,AP
Vehículo Privado,8,1409800012112,1409800011928,46,6110,6099,AP
Vehículo Privado,8,1409800012112,1409800013110,23,6110,6191,AP
Vehículo Privado,8,1409800012131,1403900012554,91,6111,209,AP
Vehículo Privado,8,1409800012131,1409800012131,91,6111,6111,AP
Vehículo Privado,8,1409800012131,1409800012663,23,6111,6154,AP
Vehículo Privado,8,1409800012131,1412000014836,91,6111,8281,AP
Vehículo Privado,8,1409800012150,1403900015440,23,6112,420,AP
Vehículo Privado,8,1409800012150,1409800010807,23,6112,6026,AP
Vehículo Privado,8,1409800012150,1409800011260,23,6112,6053,AP
Vehículo Privado,8,1409800012150,1409800011928,46,6112,6099,AP
Vehículo Privado,8,1409800012150,1409800011951,23,6112,6100,AP
Vehículo Privado,8,1409800012150,1409800012841,23,6112,6170,AP
Vehículo Privado,8,1409800012150,1412000010617,23,6112,8014,AP
Vehículo Privado,8,1409800012254,1407000130401,178,6121,3033,AP
Vehículo Privado,8,1409800012254,1409800010031,178,6121,6001,AP
Vehículo Privado,8,1409800012254,1409800011608,178,6121,6074,AP
Vehículo Privado,8,1409800012273,1403900011626,178,6123,133,AP
Vehículo Privado,8,1409800012273,140980001053A,178,6123,6019,AP
Vehículo Privado,8,1409800012362,1409800012343,163,6127,6125,AP
Vehículo Privado,8,1409800012377,140701467,163,6128,3133,AP
Vehículo Privado,8,1409800012377,999990005,163,6128,10004,AP
Vehículo Privado,8,1409800012377,1403900011344,326,6128,110,AP
Vehículo Privado,8,1409800012381,1403900014118,202,6129,298,AP
Vehículo Privado,8,1409800012381,1409700250369,51,6129,5088,AP
Vehículo Privado,8,1409800012381,1409800012841,23,6129,6170,AP
Vehículo Privado,8,1409800012413,1403900011378,246,6130,113,AP
Vehículo Privado,8,1409800012466,1403900014743,227,6135,352,AP
Vehículo Privado,8,1409800012555,1409800011928,163,6144,6099,AP
Vehículo Privado,8,1409800012555,1409800012381,163,6144,6129,AP
Vehículo Privado,8,1409800012555,1409800012555,38,6144,6144,AP
Vehículo Privado,8,1409800012555,1410100010753,163,6144,7037,AP
Vehículo Privado,8,1409800012574,1412000011757,163,6146,8054,AP
Vehículo Privado,8,1409800012589,140390001539A,163,6147,415,AP
Vehículo Privado,8,1409800012610,1409800012610,178,6149,6149,AP
Vehículo Privado,8,1409800012625,1407000130401,178,6150,3033,AP
Vehículo Privado,8,1409800012659,1409800011951,163,6153,6100,AP
Vehículo Privado,8,1409800012663,1403900011626,23,6154,133,AP
Vehículo Privado,8,1409800012663,1407000140558,23,6154,3055,AP
Vehículo Privado,8,1409800012663,1409800012131,23,6154,6111,AP
Vehículo Privado,8,1409800012663,1409800012663,46,6154,6154,AP
Vehículo Privado,8,1409800012663,1412000014501,23,6154,8259,AP
Vehículo Privado,8,1409800012663,140970180123A,23,6154,5225,AP
Vehículo Privado,8,1409800012663,141200001397A,23,6154,8216,AP
Vehículo Privado,8,1409800012697,1407000131429,91,6155,3038,AP
Vehículo Privado,8,1409800012697,1409700010918,91,6155,5009,AP
Vehículo Privado,8,1409800012697,1409800012733,273,6155,6159,AP
Vehículo Privado,8,1409800012714,140972308,91,6157,5384,AP
Vehículo Privado,8,1409800012714,1403900013961,91,6157,283,AP
Vehículo Privado,8,1409800012714,1407000131429,96,6157,3038,AP
Vehículo Privado,8,1409800012714,1409708312030,91,6157,5300,AP
Vehículo Privado,8,1409800012714,1409800010281,91,6157,6010,AP
Vehículo Privado,8,1409800012714,1409800011256,91,6157,6052,AP
Vehículo Privado,8,1409800012714,1409800011928,91,6157,6099,AP
Vehículo Privado,8,1409800012714,1409800012428,91,6157,6131,AP
Vehículo Privado,8,1409800012714,140980001167A,91,6157,6079,AP
Vehículo Privado,8,1409800012729,99999000A,91,6158,10002,AP
Vehículo Privado,8,1409800012733,1409700250797,91,6159,5097,AP
Vehículo Privado,8,1409800012733,1409800012697,91,6159,6155,AP
Vehículo Privado,8,1409800012733,1409800012714,182,6159,6157,AP
Vehículo Privado,8,1409800012733,1409800012733,91,6159,6159,AP
Vehículo Privado,8,1409800012752,1409800012767,46,6161,6162,AP
Vehículo Privado,8,1409800012752,1412000014836,23,6161,8281,AP
Vehículo Privado,8,1409800012767,1407000130401,23,6162,3033,AP
Vehículo Privado,8,1409800012767,1409800013197,23,6162,6197,AP
Vehículo Privado,8,1409800012786,1409800010031,178,6164,6001,AP
Vehículo Privado,8,1409800012786,1409800011542,178,6164,6071,AP
Vehículo Privado,8,1409800012786,140390001261A,178,6164,215,AP
Vehículo Privado,8,1409800012803,1409800011260,178,6166,6053,AP
Vehículo Privado,8,1409800012822,1403900011359,356,6168,111,AP
Vehículo Privado,8,1409800012822,1410100010912,178,6168,7049,AP
Vehículo Privado,8,1409800012837,1403900013529,23,6169,245,AP
Vehículo Privado,8,1409800012837,1412000014484,23,6169,8257,AP
Vehículo Privado,8,1409800012841,1403900011310,46,6170,107,AP
Vehículo Privado,8,1409800012841,1409800010718,23,6170,6023,AP
Vehículo Privado,8,1409800012841,1409800011928,23,6170,6099,AP
Vehículo Privado,8,1409800012841,1409800012381,23,6170,6129,AP
Vehículo Privado,8,1409800012841,1412000012666,23,6170,8117,AP
Vehículo Privado,8,1409800012841,140390001350A,23,6170,243,AP
Vehículo Privado,8,1409800012856,999990005,163,6171,10004,AP
Vehículo Privado,8,1409800012856,1403900013336,163,6171,238,AP
Vehículo Privado,8,1409800012911,1409700213838,91,6175,5080,AP
Vehículo Privado,8,1409800012930,999990001,23,6177,10006,AP
Vehículo Privado,8,1409800012930,1412000013289,23,6177,8169,AP
Vehículo Privado,8,1409800012979,1403900011359,46,6179,111,AP
Vehículo Privado,8,1409800012979,1409800011928,23,6179,6099,AP
Vehículo Privado,8,1409800012979,140980001007A,23,6179,6004,AP
Vehículo Privado,8,1409800013214,1403900014870,202,6199,364,AP
Vehículo Privado,8,1409800013214,1407000131429,96,6199,3038,AP
Vehículo Privado,8,1409800013214,1409800011928,96,6199,6099,AP
Vehículo Privado,8,1409800013267,1409708312030,91,6201,5300,AP
Vehículo Privado,8,1409800013290,141200001098A,23,6204,8027,AP
Vehículo Privado,8,1409800013375,140970602,91,6212,5242,AP
Vehículo Privado,8,1409800013375,1409700010918,91,6212,5009,AP
Vehículo Privado,8,1409800013375,1409800010718,91,6212,6023,AP
Vehículo Privado,8,1409800013375,1409800011222,91,6212,6049,AP
Vehículo Privado,8,1409800013375,1409800011260,91,6212,6053,AP
Vehículo Privado,8,1409800013375,1409800012131,91,6212,6111,AP
Vehículo Privado,8,1409800013375,1409800012697,182,6212,6155,AP
Vehículo Privado,8,1409800013375,141200001066A,364,6212,8018,AP
Vehículo Privado,8,1409800013394,1409800010879,82,6214,6028,AP
Vehículo Privado,8,1409800013394,1410100010679,41,6214,7031,AP
Vehículo Privado,8,1409800013394,1410100011592,41,6214,7104,AP
Vehículo Privado,8,1409800141114,1409700320053,104,6218,5135,AP
Vehículo Privado,8,1409800141129,1409800141129,104,6219,6219,AP
Vehículo Privado,8,1409800142019,140980012,104,6220,6216,AP
Vehículo Privado,8,1409800142019,1403900011096,104,6220,88,AP
Vehículo Privado,8,1409800142019,1403900011467,104,6220,122,AP
Vehículo Privado,8,1409800142019,1409800141129,104,6220,6219,AP
Vehículo Privado,8,1409800142019,1412000015552,104,6220,8325,AP
Vehículo Privado,8,1409800142023,1409700252399,104,6221,5118,AP
Vehículo Privado,8,1409800142023,1409800143229,104,6221,6230,AP
Vehículo Privado,8,1409800142127,1403900011626,104,6223,133,AP
Vehículo Privado,8,1409800142127,1409800012413,104,6223,6130,AP
Vehículo Privado,8,1409800143159,1412000012454,38,6228,8098,AP
Vehículo Privado,8,1409800143229,1407000010045,104,6230,3002,AP
Vehículo Privado,8,1409800143229,1409700010918,104,6230,5009,AP
Vehículo Privado,8,1409800143229,1409800142023,104,6230,6221,AP
Vehículo Privado,8,1410100010147,1403900010863,18,7001,67,AP
Vehículo Privado,8,1410100010147,1403900011359,18,7001,111,AP
Vehículo Privado,8,1410100010147,1403900013177,18,7001,234,AP
Vehículo Privado,8,1410100010147,1403900014936,36,7001,370,AP
Vehículo Privado,8,1410100010147,1410100010147,36,7001,7001,AP
Vehículo Privado,8,1410100010147,1410100010363,18,7001,7006,AP
Vehículo Privado,8,1410100010147,1410100010490,18,7001,7016,AP
Vehículo Privado,8,1410100010147,1410100010927,54,7001,7050,AP
Vehículo Privado,8,1410100010147,1412000011009,18,7001,8029,AP
Vehículo Privado,8,1410100010151,1403900012319,18,7002,193,AP
Vehículo Privado,8,1410100010310,1409800010953,144,7005,6029,AP
Vehículo Privado,8,1410100010310,1410100010912,144,7005,7049,AP
Vehículo Privado,8,1410100010310,1412000014836,144,7005,8281,AP
Vehículo Privado,8,1410100010397,1410100011268,18,7009,7078,AP
Vehículo Privado,8,1410100010433,1410100010433,23,7011,7011,AP
Vehículo Privado,8,1410100010471,1403900013976,41,7014,284,AP
Vehículo Privado,8,1410100010471,1409800011063,41,7014,6037,AP
Vehículo Privado,8,1410100010503,1403900013976,234,7017,284,AP
Vehículo Privado,8,1410100010522,1403900011861,109,7019,155,AP
Vehículo Privado,8,1410100010537,1403900010863,18,7020,67,AP
Vehículo Privado,8,1410100010537,1403900010897,18,7020,70,AP
Vehículo Privado,8,1410100010537,1410101932694,109,7020,7226,AP
Vehículo Privado,8,1410100010541,1403900015012,439,7021,378,AP
Vehículo Privado,8,1410100010611,1403900011965,109,7026,165,AP
Vehículo Privado,8,1410100010611,1403900014584,109,7026,339,AP
Vehículo Privado,8,1410100010611,1409800011928,109,7026,6099,AP
Vehículo Privado,8,1410100010630,1403900012130,109,7028,178,AP
Vehículo Privado,8,1410100010630,1410100010626,109,7028,7027,AP
Vehículo Privado,8,1410100010630,140390001140A,109,7028,116,AP
Vehículo Privado,8,1410100010679,141240071,41,7031,9045,AP
Vehículo Privado,8,1410100010679,1409800010262,41,7031,6009,AP
Vehículo Privado,8,1410100010679,1410100010452,41,7031,7013,AP
Vehículo Privado,8,1410100010679,1410100010471,41,7031,7014,AP
Vehículo Privado,8,1410100010679,1410100010823,41,7031,7043,AP
Vehículo Privado,8,1410100010679,1410100012001,41,7031,7126,AP
Vehículo Privado,8,1410100010700,1403900011359,234,7032,111,AP
Vehículo Privado,8,1410100010749,1410100010927,234,7036,7050,AP
Vehículo Privado,8,1410100010791,1403900015192,234,7041,396,AP
Vehículo Privado,8,1410100010819,1403900015192,234,7042,396,AP
Vehículo Privado,8,1410100010823,1410100010927,144,7043,7050,AP
Vehículo Privado,8,1410100010861,141011959,144,7046,7229,AP
Vehículo Privado,8,1410100010861,1409800011345,144,7046,6056,AP
Vehículo Privado,8,1410100010912,1412400940387,144,7049,9048,AP
Vehículo Privado,8,1410100010927,1409800010879,218,7050,6028,AP
Vehículo Privado,8,1410100010927,1410100010927,23,7050,7050,AP
Vehículo Privado,8,1410100010927,1410100010965,144,7050,7054,AP
Vehículo Privado,8,1410100010946,1410100010927,288,7052,7050,AP
Vehículo Privado,8,1410100010946,1410100010946,91,7052,7052,AP
Vehículo Privado,8,1410100010950,1410100010984,144,7053,7056,AP
Vehículo Privado,8,1410100010950,1412000010706,144,7053,8020,AP
Vehículo Privado,8,1410100010965,1410100010927,144,7054,7050,AP
Vehículo Privado,8,1410100010965,1410100010984,144,7054,7056,AP
Vehículo Privado,8,1410100010999,1403900011537,144,7057,126,AP
Vehículo Privado,8,1410100011003,1403900011556,144,7058,127,AP
Vehículo Privado,8,1410100011018,1410100011130,246,7059,7069,AP
Vehículo Privado,8,1410100011022,1410100011018,246,7060,7059,AP
Vehículo Privado,8,1410100011094,1403900011359,109,7066,111,AP
Vehículo Privado,8,1410100011094,1410100010912,218,7066,7049,AP
Vehículo Privado,8,1410100011126,1403900012520,41,7068,206,AP
Vehículo Privado,8,1410100011126,1410100010946,82,7068,7052,AP
Vehículo Privado,8,1410100011126,1410100011126,41,7068,7068,AP
Vehículo Privado,8,1410100011126,140980001007A,41,7068,6004,AP
Vehículo Privado,8,1410100011130,1410100010452,41,7069,7013,AP
Vehículo Privado,8,1410100011200,1403900011005,23,7076,80,AP
Vehículo Privado,8,1410100011200,1403900013707,23,7076,260,AP
Vehículo Privado,8,1410100011200,1410100010946,23,7076,7052,AP
Vehículo Privado,8,1410100011200,1410100011573,23,7076,7102,AP
Vehículo Privado,8,1410100011200,1410100011605,23,7076,7105,AP
Vehículo Privado,8,1410100011200,1410100260698,23,7076,7198,AP
Vehículo Privado,8,1410100011268,1403900010825,18,7078,63,AP
Vehículo Privado,8,1410100011268,1403900010863,18,7078,67,AP
Vehículo Privado,8,1410100011268,1403900011147,18,7078,93,AP
Vehículo Privado,8,1410100011268,1403900011151,18,7078,94,AP
Vehículo Privado,8,1410100011268,1403900014832,18,7078,360,AP
Vehículo Privado,8,1410100011268,1403900015012,18,7078,378,AP
Vehículo Privado,8,1410100011268,1410100010147,18,7078,7001,AP
Vehículo Privado,8,1410100011268,1410100010490,18,7078,7016,AP
Vehículo Privado,8,1410100011268,1410100010537,18,7078,7020,AP
Vehículo Privado,8,1410100011268,1410100011268,18,7078,7078,AP
Vehículo Privado,8,1410100011268,1410100012001,18,7078,7126,AP
Vehículo Privado,8,1410100011268,1410100091677,18,7078,7155,AP
Vehículo Privado,8,1410100011268,1412000010937,18,7078,8025,AP
Vehículo Privado,8,1410100011268,1412400010175,18,7078,9005,AP
Vehículo Privado,8,1410100011272,1403900010238,18,7079,13,AP
Vehículo Privado,8,1410100011272,1410100010927,18,7079,7050,AP
Vehículo Privado,8,1410100011272,1410100011272,18,7079,7079,AP
Vehículo Privado,8,1410100011272,1412000015798,18,7079,8335,AP
Vehículo Privado,8,1410100011484,1403900011537,234,7096,126,AP
Vehículo Privado,8,1410100011516,1410100011554,138,7099,7100,AP
Vehículo Privado,8,1410100011516,1410101902374,23,7099,7224,AP
Vehículo Privado,8,1410100011554,1407000130083,23,7100,3028,AP
Vehículo Privado,8,1410100011554,1407000140558,92,7100,3055,AP
Vehículo Privado,8,1410100011554,1410100010433,253,7100,7011,AP
Vehículo Privado,8,1410100011554,1410100011516,138,7100,7099,AP
Vehículo Privado,8,1410100011554,1410100380166,115,7100,7220,AP
Vehículo Privado,8,1410100011573,1403900013976,23,7102,284,AP
Vehículo Privado,8,1410100011573,1410100011592,41,7102,7104,AP
Vehículo Privado,8,1410100011592,1409800010879,41,7104,6028,AP
Vehículo Privado,8,1410100011592,1410100010471,41,7104,7014,AP
Vehículo Privado,8,1410100011592,1410100011130,41,7104,7069,AP
Vehículo Privado,8,1410100011592,1410100011412,41,7104,7091,AP
Vehículo Privado,8,1410100011592,1410100011573,82,7104,7102,AP
Vehículo Privado,8,1410100011592,1410100011588,41,7104,7103,AP
Vehículo Privado,8,1410100011592,1410100272336,41,7104,7207,AP
Vehículo Privado,8,1410100011592,1412400010495,82,7104,9031,AP
Vehículo Privado,8,1410100011624,1403900012785,178,7107,225,AP
Vehículo Privado,8,1410100011624,1410100010946,534,7107,7052,AP
Vehículo Privado,8,1410100011982,1403900013660,109,7124,257,AP
Vehículo Privado,8,1410100011982,1410100091677,109,7124,7155,AP
Vehículo Privado,8,1410100011982,1412000011225,109,7124,8038,AP
Vehículo Privado,8,1410100011982,1412000014836,109,7124,8281,AP
Vehículo Privado,8,1410100011997,1410100010397,144,7125,7009,AP
Vehículo Privado,8,1410100012016,1403900015205,234,7127,397,AP
Vehículo Privado,8,1410100012054,1410101902374,288,7131,7224,AP
Vehículo Privado,8,1410100012073,1410100010946,234,7133,7052,AP
Vehículo Privado,8,1410100012073,1412000012562,234,7133,8109,AP
Vehículo Privado,8,1410100012073,140390001158A,234,7133,130,AP
Vehículo Privado,8,1410100012603,1403900010543,144,7149,39,AP
Vehículo Privado,8,1410100012603,1403900011378,144,7149,113,AP
Vehículo Privado,8,1410100091465,1410100091465,218,7151,7151,AP
Vehículo Privado,8,1410100091465,1410101932694,109,7151,7226,AP
Vehículo Privado,8,1410100091677,140390001553A,109,7155,428,AP
Vehículo Privado,8,1410100092143,1410100091450,109,7172,7150,AP
Vehículo Privado,8,1410100092181,141011959,109,7176,7229,AP
Vehículo Privado,8,1410100092181,1403900010863,109,7176,67,AP
Vehículo Privado,8,1410100092181,1410100010946,109,7176,7052,AP
Vehículo Privado,8,1410100092181,140390001083A,109,7176,64,AP
Vehículo Privado,8,1410100092209,1403900011344,109,7178,110,AP
Vehículo Privado,8,1410100092209,1403900011378,109,7178,113,AP
Vehículo Privado,8,1410100092209,1403900012126,109,7178,177,AP
Vehículo Privado,8,1410100092209,1409800012428,109,7178,6131,AP
Vehículo Privado,8,1410100092209,1412000014836,109,7178,8281,AP
Vehículo Privado,8,1410100092213,1403900010666,109,7179,48,AP
Vehículo Privado,8,1410100092213,1403900013656,109,7179,256,AP
Vehículo Privado,8,1410100092213,1409800010506,109,7179,6017,AP
Vehículo Privado,8,1410100092213,1410100010895,109,7179,7048,AP
Vehículo Privado,8,1410100092213,1410100010927,109,7179,7050,AP
Vehículo Privado,8,1410100092213,1410100091677,109,7179,7155,AP
Vehículo Privado,8,1410100092213,1412000014215,109,7179,8230,AP
Vehículo Privado,8,1410100092213,141010001040A,109,7179,7010,AP
Vehículo Privado,8,1410100092213,141200001098A,109,7179,8027,AP
Vehículo Privado,8,1410100092393,1403900011931,109,7185,162,AP
Vehículo Privado,8,1410100092393,1410100010927,218,7185,7050,AP
Vehículo Privado,8,1410100092410,1403900014832,109,7187,360,AP
Vehículo Privado,8,1410100092586,1403900010115,109,7190,6,AP
Vehículo Privado,8,1410100220024,1410100010912,144,7193,7049,AP
Vehículo Privado,8,1410100220024,1410100011357,144,7193,7086,AP
Vehículo Privado,8,1410100220113,141010001097A,288,7196,7055,AP
Vehículo Privado,8,1410100260683,1410100010927,23,7197,7050,AP
Vehículo Privado,8,1410100260683,1412400010175,288,7197,9005,AP
Vehículo Privado,8,1410100260698,1407000010045,46,7198,3002,AP
Vehículo Privado,8,1410100260698,1407000130401,92,7198,3033,AP
Vehículo Privado,8,1410100260698,1412400010175,46,7198,9005,AP
Vehículo Privado,8,1410100260698,1412400940387,23,7198,9048,AP
Vehículo Privado,8,1410100272336,1410100011130,46,7207,7069,AP
Vehículo Privado,8,1410100272336,1410100011592,41,7207,7104,AP
Vehículo Privado,8,1410100272336,140980001053A,23,7207,6019,AP
Vehículo Privado,8,1410100272340,1403900012662,23,7208,218,AP
Vehículo Privado,8,1410100272340,1409800011542,23,7208,6071,AP
Vehículo Privado,8,1410100272340,1410100010433,23,7208,7011,AP
Vehículo Privado,8,1410100272340,1412400010495,23,7208,9031,AP
Vehículo Privado,8,1410100272355,1403900011170,23,7209,96,AP
Vehículo Privado,8,1410100272355,1407000010045,23,7209,3002,AP
Vehículo Privado,8,1410100272355,1407000130401,23,7209,3033,AP
Vehículo Privado,8,1410100312317,1403900011096,23,7211,88,AP
Vehículo Privado,8,1410100312317,1403900015031,23,7211,380,AP
Vehículo Privado,8,1410100312317,1407000010045,23,7211,3002,AP
Vehículo Privado,8,1410100312317,1409708221598,23,7211,5258,AP
Vehículo Privado,8,1410100312317,1409800012767,23,7211,6162,AP
Vehículo Privado,8,1410100312317,1410100010448,23,7211,7012,AP
Vehículo Privado,8,1410100312317,1410100260698,23,7211,7198,AP
Vehículo Privado,8,1410100312317,1412400010175,23,7211,9005,AP
Vehículo Privado,8,1410100312317,1412401760160,46,7211,9051,AP
Vehículo Privado,8,1410100341978,1403900011359,144,7214,111,AP
Vehículo Privado,8,1410100342641,141012552,144,7217,7231,AP
Vehículo Privado,8,1410100380132,141240029,3,7219,9042,AP
Vehículo Privado,8,1410101892656,1410100010912,144,7221,7049,AP
Vehículo Privado,8,1410101892656,1410100011094,288,7221,7066,AP
Vehículo Privado,8,1410101892656,1412000011225,144,7221,8038,AP
Vehículo Privado,8,1410101902374,1403900013961,23,7224,283,AP
Vehículo Privado,8,1410101902374,1410100010927,23,7224,7050,AP
Vehículo Privado,8,1410101902374,1410100011516,23,7224,7099,AP
Vehículo Privado,8,1410101932694,1403900013586,109,7226,250,AP
Vehículo Privado,8,1410101932694,1403900014230,218,7226,309,AP
Vehículo Privado,8,1410101932694,1410100010537,218,7226,7020,AP
Vehículo Privado,8,1412000010212,1412000013306,110,8001,8171,AP
Vehículo Privado,8,1412000010212,1412000016758,110,8001,8387,AP
Vehículo Privado,8,1412000010212,141200001027A,110,8001,8006,AP
Vehículo Privado,8,1412000010231,999990005,178,8003,10004,AP
Vehículo Privado,8,1412000010231,1403900010350,178,8003,22,AP
Vehículo Privado,8,1412000010231,1403900011274,178,8003,103,AP
Vehículo Privado,8,1412000010231,1403900011359,178,8003,111,AP
Vehículo Privado,8,1412000010231,1412000010212,178,8003,8001,AP
Vehículo Privado,8,1412000010231,1412000010405,178,8003,8011,AP
Vehículo Privado,8,1412000010231,1412000011193,13,8003,8035,AP
Vehículo Privado,8,1412000010231,1412000012628,178,8003,8113,AP
Vehículo Privado,8,1412000010231,1412000013293,356,8003,8170,AP
Vehículo Privado,8,1412000010231,1412000015374,178,8003,8315,AP
Vehículo Privado,8,1412000010246,1403900011467,356,8004,122,AP
Vehículo Privado,8,1412000010246,1412000010405,178,8004,8011,AP
Vehículo Privado,8,1412000010354,1403900014071,137,8007,294,AP
Vehículo Privado,8,1412000010354,1412000010354,137,8007,8007,AP
Vehículo Privado,8,1412000010354,141200001066A,137,8007,8018,AP
Vehículo Privado,8,1412000010373,1403900012588,137,8009,212,AP
Vehículo Privado,8,1412000010405,1403900010030,356,8011,2,AP
Vehículo Privado,8,1412000010405,1403900011359,178,8011,111,AP
Vehículo Privado,8,1412000010405,1412000010392,111,8011,8010,AP
Vehículo Privado,8,1412000010405,1412000011795,178,8011,8055,AP
Vehículo Privado,8,1412000010405,1412000013170,200,8011,8161,AP
Vehículo Privado,8,1412000010405,140390001083A,498,8011,64,AP
Vehículo Privado,8,1412000010405,141200001027A,178,8011,8006,AP
Vehículo Privado,8,1412000010547,1403900010308,100,8012,18,AP
Vehículo Privado,8,1412000010547,1412000014836,100,8012,8281,AP
Vehículo Privado,8,1412000010547,141200001066A,100,8012,8018,AP
Vehículo Privado,8,1412000010602,1409704241776,38,8013,5233,AP
Vehículo Privado,8,1412000010602,1412000012384,45,8013,8091,AP
Vehículo Privado,8,1412000010602,1412000012473,45,8013,8100,AP
Vehículo Privado,8,1412000010602,1412000012863,45,8013,8133,AP
Vehículo Privado,8,1412000010602,1412000014573,45,8013,8266,AP
Vehículo Privado,8,1412000010602,1412000014643,45,8013,8271,AP
Vehículo Privado,8,1412000010602,141200001237A,45,8013,8090,AP
Vehículo Privado,8,1412000010617,141200123,110,8014,8455,AP
Vehículo Privado,8,1412000010617,141200142,1540,8014,8459,AP
Vehículo Privado,8,1412000010617,1412000011225,110,8014,8038,AP
Vehículo Privado,8,1412000010617,1412000013819,110,8014,8210,AP
Vehículo Privado,8,1412000010636,999990001,100,8015,10006,AP
Vehículo Privado,8,1412000010636,1403900015366,100,8015,412,AP
Vehículo Privado,8,1412000010636,1412000010636,288,8015,8015,AP
Vehículo Privado,8,1412000010636,1412000014732,300,8015,8276,AP
Vehículo Privado,8,1412000010636,141200001066A,300,8015,8018,AP
Vehículo Privado,8,1412000010640,1403900015652,801,8016,440,AP
Vehículo Privado,8,1412000010640,1409800011928,267,8016,6099,AP
Vehículo Privado,8,1412000010640,1412000010994,267,8016,8028,AP
Vehículo Privado,8,1412000010640,1412000011210,534,8016,8037,AP
Vehículo Privado,8,1412000010640,1412000015270,267,8016,8306,AP
Vehículo Privado,8,1412000010706,1412000016103,49,8020,8353,AP
Vehículo Privado,8,1412000010706,141200001116A,88,8020,8033,AP
Vehículo Privado,8,1412000010814,1412000010814,110,8022,8022,AP
Vehículo Privado,8,1412000010890,1403900010308,274,8023,18,AP
Vehículo Privado,8,1412000010890,1403900010613,137,8023,44,AP
Vehículo Privado,8,1412000010890,1412000012401,137,8023,8093,AP
Vehículo Privado,8,1412000010890,1412000013293,274,8023,8170,AP
Vehículo Privado,8,1412000010890,1412000015374,95,8023,8315,AP
Vehículo Privado,8,1412000010918,1403900011170,137,8024,96,AP
Vehículo Privado,8,1412000010918,1412000010706,137,8024,8020,AP
Vehículo Privado,8,1412000010918,1412000011808,137,8024,8056,AP
Vehículo Privado,8,1412000010918,1412000013039,96,8024,8148,AP
Vehículo Privado,8,1412000010937,1412000012257,137,8025,8078,AP
Vehículo Privado,8,1412000010937,1412000014200,137,8025,8229,AP
Vehículo Privado,8,1412000010994,1403900011359,137,8028,111,AP
Vehículo Privado,8,1412000010994,1403900012183,137,8028,183,AP
Vehículo Privado,8,1412000011009,1403900010577,150,8029,41,AP
Vehículo Privado,8,1412000011009,1412000011009,170,8029,8029,AP
Vehículo Privado,8,1412000011155,1412000011155,264,8032,8032,AP
Vehículo Privado,8,1412000011155,1412000012416,264,8032,8094,AP
Vehículo Privado,8,1412000011155,1412000012914,88,8032,8137,AP
Vehículo Privado,8,1412000011155,1412000013306,176,8032,8171,AP
Vehículo Privado,8,1412000011155,1412000014198,88,8032,8228,AP
Vehículo Privado,8,1412000011189,1403900011556,100,8034,127,AP
Vehículo Privado,8,1412000011189,1409700201013,100,8034,5079,AP
Vehículo Privado,8,1412000011189,1412000014357,100,8034,8244,AP
Vehículo Privado,8,1412000011193,141200157,38,8035,8460,AP
Vehículo Privado,8,1412000011193,1403900011378,88,8035,113,AP
Vehículo Privado,8,1412000011193,1403900012130,88,8035,178,AP
Vehículo Privado,8,1412000011193,1403900015652,88,8035,440,AP
Vehículo Privado,8,1412000011193,1412000010231,13,8035,8003,AP
Vehículo Privado,8,1412000011193,1412000010814,88,8035,8022,AP
Vehículo Privado,8,1412000011193,1412000011193,31,8035,8035,AP
Vehículo Privado,8,1412000011193,1412000011225,101,8035,8038,AP
Vehículo Privado,8,1412000011193,1412000012346,13,8035,8087,AP
Vehículo Privado,8,1412000011193,1412000013397,88,8035,8176,AP
Vehículo Privado,8,1412000011193,1412000014605,176,8035,8269,AP
Vehículo Privado,8,1412000011193,1412002313823,88,8035,8469,AP
Vehículo Privado,8,1412000011193,140970005034A,13,8035,5036,AP
Vehículo Privado,8,1412000011193,14097059A,88,8035,5241,AP
Vehículo Privado,8,1412000011193,141200001326A,88,8035,8167,AP
Vehículo Privado,8,1412000011193,99999000A,88,8035,10002,AP
Vehículo Privado,8,1412000011206,141205567,19,8036,8546,AP
Vehículo Privado,8,1412000011206,1403900010863,19,8036,67,AP
Vehículo Privado,8,1412000011206,1403900011378,19,8036,113,AP
Vehículo Privado,8,1412000011206,1403900011645,19,8036,135,AP
Vehículo Privado,8,1412000011206,1403900011804,19,8036,149,AP
Vehículo Privado,8,1412000011206,1407000200257,19,8036,3069,AP
Vehículo Privado,8,1412000011206,1409709033908,91,8036,5381,AP
Vehículo Privado,8,1412000011206,1409800011928,19,8036,6099,AP
Vehículo Privado,8,1412000011206,1412000010655,19,8036,8017,AP
Vehículo Privado,8,1412000011206,1412000011206,38,8036,8036,AP
Vehículo Privado,8,1412000011206,1412000011210,19,8036,8037,AP
Vehículo Privado,8,1412000011206,1412000011225,19,8036,8038,AP
Vehículo Privado,8,1412000011206,1412000013575,57,8036,8189,AP
Vehículo Privado,8,1412000011206,1412000014431,19,8036,8252,AP
Vehículo Privado,8,1412000011206,1412002434709,19,8036,8516,AP
Vehículo Privado,8,1412000011225,1412000011225,100,8038,8038,AP
Vehículo Privado,8,1412000011225,1412000014520,49,8038,8261,AP
Vehículo Privado,8,1412000011225,1412000014836,19,8038,8281,AP
Vehículo Privado,8,1412000011225,141200001066A,100,8038,8018,AP
Vehículo Privado,8,1412000011278,1403900011556,100,8039,127,AP
Vehículo Privado,8,1412000011278,1403900012130,100,8039,178,AP
Vehículo Privado,8,1412000011278,1403900014527,234,8039,333,AP
Vehículo Privado,8,1412000011278,1412000012420,200,8039,8095,AP
Vehículo Privado,8,1412000011278,1412000013293,100,8039,8170,AP
Vehículo Privado,8,1412000011282,1403900011170,100,8040,96,AP
Vehículo Privado,8,1412000011282,1403900011556,300,8040,127,AP
Vehículo Privado,8,1412000011282,1403900011804,100,8040,149,AP
Vehículo Privado,8,1412000011282,1403900012130,100,8040,178,AP
Vehículo Privado,8,1412000011282,1412000011210,100,8040,8037,AP
Vehículo Privado,8,1412000011282,1412000012505,100,8040,8103,AP
Vehículo Privado,8,1412000011282,1412000012971,100,8040,8143,AP
Vehículo Privado,8,1412000011282,1412000013170,100,8040,8161,AP
Vehículo Privado,8,1412000011282,141200001066A,100,8040,8018,AP
Vehículo Privado,8,1412000011297,1412000010710,267,8041,8021,AP
Vehículo Privado,8,1412000011297,1412000011297,267,8041,8041,AP
Vehículo Privado,8,1412000011297,1412000014357,51,8041,8244,AP
Vehículo Privado,8,1412000011297,1412000014465,267,8041,8255,AP
Vehículo Privado,8,1412000011297,1412000015463,267,8041,8318,AP
Vehículo Privado,8,1412000011297,141200001066A,100,8041,8018,AP
Vehículo Privado,8,1412000011441,141200001116A,267,8043,8033,AP
Vehículo Privado,8,1412000011460,1412000011460,267,8044,8044,AP
Vehículo Privado,8,1412000011460,141200001340A,267,8044,8177,AP
Vehículo Privado,8,1412000011526,1412000015266,38,8045,8305,AP
Vehículo Privado,8,1412000011526,141200001340A,38,8045,8177,AP
Vehículo Privado,8,1412000011634,1412000012280,137,8047,8081,AP
Vehículo Privado,8,1412000011634,1412000014198,137,8047,8228,AP
Vehículo Privado,8,1412000011723,1403900011062,267,8052,85,AP
Vehículo Privado,8,1412000011723,1403900012145,534,8052,179,AP
Vehículo Privado,8,1412000011723,1412000014658,49,8052,8272,AP
Vehículo Privado,8,1412000011795,1403900012130,178,8055,178,AP
Vehículo Privado,8,1412000011795,1412000012609,178,8055,8111,AP
Vehículo Privado,8,1412000011795,1412000012613,178,8055,8112,AP
Vehículo Privado,8,1412000011795,1412000016550,178,8055,8372,AP
Vehículo Privado,8,1412000011812,1412000010392,178,8057,8010,AP
Vehículo Privado,8,1412000011812,1412000011009,178,8057,8029,AP
Vehículo Privado,8,1412000011850,141205567,178,8059,8546,AP
Vehículo Privado,8,1412000011850,1403900010030,178,8059,2,AP
Vehículo Privado,8,1412000011850,1403900010666,178,8059,48,AP
Vehículo Privado,8,1412000011850,1412000016777,178,8059,8389,AP
Vehículo Privado,8,1412000011884,1412000012115,96,8062,8069,AP
Vehículo Privado,8,1412000011920,1403900011626,267,8065,133,AP
Vehículo Privado,8,1412000012064,1412000010212,110,8068,8001,AP
Vehículo Privado,8,1412000012115,1412000014215,48,8069,8230,AP
Vehículo Privado,8,1412000012115,1412000014234,48,8069,8232,AP
Vehículo Privado,8,1412000012134,1403900010115,192,8071,6,AP
Vehículo Privado,8,1412000012134,1412000012825,96,8071,8130,AP
Vehículo Privado,8,1412000012204,1403900011927,95,8073,161,AP
Vehículo Privado,8,1412000012204,1403900014724,95,8073,351,AP
Vehículo Privado,8,1412000012204,1412000010231,95,8073,8003,AP
Vehículo Privado,8,1412000012204,1412000010405,190,8073,8011,AP
Vehículo Privado,8,1412000012204,1412000011009,190,8073,8029,AP
Vehículo Privado,8,1412000012204,1412000011846,95,8073,8058,AP
Vehículo Privado,8,1412000012204,1412000013664,95,8073,8197,AP
Vehículo Privado,8,1412000012204,1412000016550,95,8073,8372,AP
Vehículo Privado,8,1412000012204,141200001319A,95,8073,8163,AP
Vehículo Privado,8,1412000012242,1403900014870,202,8077,364,AP
Vehículo Privado,8,1412000012242,1412000013081,274,8077,8153,AP
Vehículo Privado,8,1412000012257,1412000010706,96,8078,8020,AP
Vehículo Privado,8,1412000012261,141200001187A,178,8079,8061,AP
Vehículo Privado,8,1412000012280,1403900011560,137,8081,128,AP
Vehículo Privado,8,1412000012280,1412000010373,137,8081,8009,AP
Vehículo Privado,8,1412000012295,999990005,49,8082,10004,AP
Vehículo Privado,8,1412000012295,1403900013321,49,8082,237,AP
Vehículo Privado,8,1412000012295,1403900013961,49,8082,283,AP
Vehículo Privado,8,1412000012295,1403900015366,49,8082,412,AP
Vehículo Privado,8,1412000012295,1412000010706,147,8082,8020,AP
Vehículo Privado,8,1412000012295,1412000012473,49,8082,8100,AP
Vehículo Privado,8,1412000012295,1412000014484,49,8082,8257,AP
Vehículo Privado,8,1412000012295,1412000014728,49,8082,8275,AP
Vehículo Privado,8,1412000012308,1403900011170,98,8083,96,AP
Vehículo Privado,8,1412000012312,1412000010602,49,8084,8013,AP
Vehículo Privado,8,1412000012312,1412000014427,49,8084,8251,AP
Vehículo Privado,8,1412000012327,1403900012183,49,8085,183,AP
Vehículo Privado,8,1412000012327,1403900015366,49,8085,412,AP
Vehículo Privado,8,1412000012346,1403900014936,137,8087,370,AP
Vehículo Privado,8,1412000012346,1412000014198,137,8087,8228,AP
Vehículo Privado,8,1412000012346,141200001098A,137,8087,8027,AP
Vehículo Privado,8,1412000012350,1403900011043,176,8088,84,AP
Vehículo Privado,8,1412000012350,1403900014457,88,8088,326,AP
Vehículo Privado,8,1412000012350,1412000010405,88,8088,8011,AP
Vehículo Privado,8,1412000012350,1412000013306,110,8088,8171,AP
Vehículo Privado,8,1412000012350,1412000016777,88,8088,8389,AP
Vehículo Privado,8,1412000012365,1403900011043,150,8089,84,AP
Vehículo Privado,8,1412000012365,1403900011556,75,8089,127,AP
Vehículo Privado,8,1412000012365,1412000014198,75,8089,8228,AP
Vehículo Privado,8,1412000012399,1412000012399,96,8092,8092,AP
Vehículo Privado,8,1412000012435,1403900011359,137,8096,111,AP
Vehículo Privado,8,1412000012435,1403900013923,137,8096,279,AP
Vehículo Privado,8,1412000012435,1412002313823,137,8096,8469,AP
Vehículo Privado,8,1412000012454,1403900011626,38,8098,133,AP
Vehículo Privado,8,1412000012454,1412000012539,38,8098,8106,AP
Vehículo Privado,8,1412000012469,1403900015309,38,8099,406,AP
Vehículo Privado,8,1412000012469,1403900015366,38,8099,412,AP
Vehículo Privado,8,1412000012469,1412000014446,38,8099,8253,AP
Vehículo Privado,8,1412000012473,1403900010651,29,8100,47,AP
Vehículo Privado,8,1412000012473,1403900010929,29,8100,72,AP
Vehículo Privado,8,1412000012473,1403900011043,29,8100,84,AP
Vehículo Privado,8,1412000012473,1403900011804,29,8100,149,AP
Vehículo Privado,8,1412000012473,1403900012554,29,8100,209,AP
Vehículo Privado,8,1412000012473,1403900014584,29,8100,339,AP
Vehículo Privado,8,1412000012473,1403900015366,58,8100,412,AP
Vehículo Privado,8,1412000012473,1403900015652,29,8100,440,AP
Vehículo Privado,8,1412000012473,1407001111378,29,8100,3125,AP
Vehículo Privado,8,1412000012473,1409700010918,87,8100,5009,AP
Vehículo Privado,8,1412000012473,1409700012134,54,8100,5025,AP
Vehículo Privado,8,1412000012473,1409700201013,29,8100,5079,AP
Vehículo Privado,8,1412000012473,1409704240443,29,8100,5228,AP
Vehículo Privado,8,1412000012473,1409704241761,29,8100,5232,AP
Vehículo Privado,8,1412000012473,1409800011928,29,8100,6099,AP
Vehículo Privado,8,1412000012473,1412000010405,87,8100,8011,AP
Vehículo Privado,8,1412000012473,1412000011225,29,8100,8038,AP
Vehículo Privado,8,1412000012473,1412000011278,29,8100,8039,AP
Vehículo Privado,8,1412000012473,1412000012492,87,8100,8102,AP
Vehículo Privado,8,1412000012473,1412000013306,29,8100,8171,AP
Vehículo Privado,8,1412000012473,1412000013518,29,8100,8186,AP
Vehículo Privado,8,1412000012473,1412000014605,29,8100,8269,AP
Vehículo Privado,8,1412000012473,1412000016777,29,8100,8389,AP
Vehículo Privado,8,1412000012473,1412000017046,29,8100,8409,AP
Vehículo Privado,8,1412000012473,141200001066A,58,8100,8018,AP
Vehículo Privado,8,1412000012488,1409704240443,29,8101,5228,AP
Vehículo Privado,8,1412000012488,1409800012381,29,8101,6129,AP
Vehículo Privado,8,1412000012488,1409800012574,58,8101,6146,AP
Vehículo Privado,8,1412000012488,1412000012914,58,8101,8137,AP
Vehículo Privado,8,1412000012488,1412000013151,29,8101,8159,AP
Vehículo Privado,8,1412000012488,1412000014643,29,8101,8271,AP
Vehículo Privado,8,1412000012488,1412000014836,58,8101,8281,AP
Vehículo Privado,8,1412000012492,1403900011043,29,8102,84,AP
Vehículo Privado,8,1412000012492,1403900011556,58,8102,127,AP
Vehículo Privado,8,1412000012492,1409700201013,58,8102,5079,AP
Vehículo Privado,8,1412000012492,1409700250763,29,8102,5094,AP
Vehículo Privado,8,1412000012492,1409701800301,58,8102,5223,AP
Vehículo Privado,8,1412000012492,1412000010710,29,8102,8021,AP
Vehículo Privado,8,1412000012492,1412000013293,29,8102,8170,AP
Vehículo Privado,8,1412000012505,1403900011556,29,8103,127,AP
Vehículo Privado,8,1412000012505,1403900013143,29,8103,233,AP
Vehículo Privado,8,1412000012505,1403900013961,29,8103,283,AP
Vehículo Privado,8,1412000012505,1412000012473,58,8103,8100,AP
Vehículo Privado,8,1412000012505,1412000013293,29,8103,8170,AP
Vehículo Privado,8,1412000012505,1412000014198,29,8103,8228,AP
Vehículo Privado,8,1412000012505,141200001066A,29,8103,8018,AP
Vehículo Privado,8,1412000012543,1412000016300,45,8107,8360,AP
Vehículo Privado,8,1412000012562,1412000012948,267,8109,8140,AP
Vehículo Privado,8,1412000012562,1412000015497,267,8109,8321,AP
Vehículo Privado,8,1412000012562,140390001350A,267,8109,243,AP
Vehículo Privado,8,1412000012609,1412000016067,95,8111,8349,AP
Vehículo Privado,8,1412000012628,1412000012609,178,8113,8111,AP
Vehículo Privado,8,1412000012647,1412000014198,59,8115,8228,AP
Vehículo Privado,8,1412000012666,1412000010231,31,8117,8003,AP
Vehículo Privado,8,1412000012670,1403900010030,178,8118,2,AP
Vehículo Privado,8,1412000012702,1412000012702,100,8121,8121,AP
Vehículo Privado,8,1412000012721,1409800011928,267,8123,6099,AP
Vehículo Privado,8,1412000012755,1412000010937,96,8124,8025,AP
Vehículo Privado,8,1412000012755,1412000013787,96,8124,8207,AP
Vehículo Privado,8,1412000012789,1412000013077,96,8126,8152,AP
Vehículo Privado,8,1412000012789,141200001098A,96,8126,8027,AP
Vehículo Privado,8,1412000012789,141200001372A,96,8126,8203,AP
Vehículo Privado,8,1412000012793,1403900011024,48,8127,82,AP
Vehículo Privado,8,1412000012793,1412000010937,48,8127,8025,AP
Vehículo Privado,8,1412000012793,1412000013293,48,8127,8170,AP
Vehículo Privado,8,1412000012825,1412000012280,96,8130,8081,AP
Vehículo Privado,8,1412000012825,1412000012825,96,8130,8130,AP
Vehículo Privado,8,1412000012844,1409700250354,96,8132,5087,AP
Vehículo Privado,8,1412000012863,1409700010918,19,8133,5009,AP
Vehículo Privado,8,1412000012897,140980001053A,267,8135,6019,AP
Vehículo Privado,8,1412000012914,1403900012728,176,8137,224,AP
Vehículo Privado,8,1412000012914,1412000011225,352,8137,8038,AP
Vehículo Privado,8,1412000012914,1412000012488,29,8137,8101,AP
Vehículo Privado,8,1412000012914,1412000012914,88,8137,8137,AP
Vehículo Privado,8,1412000012914,1412000014198,176,8137,8228,AP
Vehículo Privado,8,1412000012914,1412000014605,88,8137,8269,AP
Vehículo Privado,8,1412000012914,1412000016828,88,8137,8394,AP
Vehículo Privado,8,1412000012929,1403900011128,137,8138,91,AP
Vehículo Privado,8,1412000012933,1403900010346,137,8139,21,AP
Vehículo Privado,8,1412000012933,1403900011170,137,8139,96,AP
Vehículo Privado,8,1412000012948,1403900015652,88,8140,440,AP
Vehículo Privado,8,1412000012948,1412000011206,88,8140,8036,AP
Vehículo Privado,8,1412000012948,1412000014836,88,8140,8281,AP
Vehículo Privado,8,1412000012948,1412000015266,88,8140,8305,AP
Vehículo Privado,8,1412000012952,1403900012588,100,8141,212,AP
Vehículo Privado,8,1412000012952,1403900012592,300,8141,213,AP
Vehículo Privado,8,1412000012952,140970884397A,104,8141,5380,AP
Vehículo Privado,8,1412000012967,1403900011787,200,8142,147,AP
Vehículo Privado,8,1412000012971,1403900015652,100,8143,440,AP
Vehículo Privado,8,1412000012971,1409800011928,100,8143,6099,AP
Vehículo Privado,8,1412000012971,1412000012420,100,8143,8095,AP
Vehículo Privado,8,1412000012971,1412000014836,100,8143,8281,AP
Vehículo Privado,8,1412000013005,1403900011293,100,8146,105,AP
Vehículo Privado,8,1412000013005,1403900014902,100,8146,367,AP
Vehículo Privado,8,1412000013005,1412000011189,100,8146,8034,AP
Vehículo Privado,8,1412000013043,1403900010346,137,8149,21,AP
Vehículo Privado,8,1412000013043,1403900013976,137,8149,284,AP
Vehículo Privado,8,1412000013043,1410100010382,96,8149,7008,AP
Vehículo Privado,8,1412000013062,141200001098A,137,8151,8027,AP
Vehículo Privado,8,1412000013077,141200001066A,137,8152,8018,AP
Vehículo Privado,8,1412000013081,1403900013656,274,8153,256,AP
Vehículo Privado,8,1412000013113,1403900011359,48,8155,111,AP
Vehículo Privado,8,1412000013113,1412000014323,48,8155,8241,AP
Vehículo Privado,8,1412000013147,1412000010706,267,8158,8020,AP
Vehículo Privado,8,1412000013166,1403900011594,100,8160,131,AP
Vehículo Privado,8,1412000013166,1403900012554,100,8160,209,AP
Vehículo Privado,8,1412000013166,1403900012569,200,8160,210,AP
Vehículo Privado,8,1412000013166,1412000013293,100,8160,8170,AP
Vehículo Privado,8,1412000013170,1403900011804,100,8161,149,AP
Vehículo Privado,8,1412000013170,1403900012145,100,8161,179,AP
Vehículo Privado,8,1412000013170,1403900015366,200,8161,412,AP
Vehículo Privado,8,1412000013170,1412000011282,100,8161,8040,AP
Vehículo Privado,8,1412000013170,1412000013170,100,8161,8161,AP
Vehículo Privado,8,1412000013170,141200001066A,200,8161,8018,AP
Vehículo Privado,8,1412000013185,1412000017116,95,8162,8416,AP
Vehículo Privado,8,1412000013185,141200001027A,178,8162,8006,AP
Vehículo Privado,8,1412000013185,141200001187A,178,8162,8061,AP
Vehículo Privado,8,1412000013217,1409700053503,267,8165,5047,AP
Vehículo Privado,8,1412000013236,1412002316692,137,8166,8504,AP
Vehículo Privado,8,1412000013274,1403900015633,220,8168,438,AP
Vehículo Privado,8,1412000013274,1412000010373,330,8168,8009,AP
Vehículo Privado,8,1412000013274,1412000014198,220,8168,8228,AP
Vehículo Privado,8,1412000013274,1412000017046,110,8168,8409,AP
Vehículo Privado,8,1412000013325,1412000011795,178,8173,8055,AP
Vehículo Privado,8,1412000013325,1412000013397,178,8173,8176,AP
Vehículo Privado,8,1412000013325,141200001066A,178,8173,8018,AP
Vehículo Privado,8,1412000013378,1403900011170,110,8174,96,AP
Vehículo Privado,8,1412000013378,1412000011009,110,8174,8029,AP
Vehículo Privado,8,1412000013378,1412000013202,110,8174,8164,AP
Vehículo Privado,8,1412000013397,1412000012609,110,8176,8111,AP
Vehículo Privado,8,1412000013397,141200001098A,178,8176,8027,AP
Vehículo Privado,8,1412000013414,1403900011556,38,8178,127,AP
Vehículo Privado,8,1412000013414,1403900015366,38,8178,412,AP
Vehículo Privado,8,1412000013414,1409704241761,38,8178,5232,AP
Vehículo Privado,8,1412000013414,1409800011928,38,8178,6099,AP
Vehículo Privado,8,1412000013414,1412000010602,38,8178,8013,AP
Vehículo Privado,8,1412000013414,1412000011189,38,8178,8034,AP
Vehículo Privado,8,1412000013414,1412000012558,38,8178,8108,AP
Vehículo Privado,8,1412000013414,141200001066A,38,8178,8018,AP
Vehículo Privado,8,1412000013433,1412000014836,95,8180,8281,AP
Vehículo Privado,8,1412000013575,1403900011274,19,8189,103,AP
Vehículo Privado,8,1412000013575,1403900011359,19,8189,111,AP
Vehículo Privado,8,1412000013575,1403900011645,19,8189,135,AP
Vehículo Privado,8,1412000013575,1403900013976,19,8189,284,AP
Vehículo Privado,8,1412000013575,1403900015366,19,8189,412,AP
Vehículo Privado,8,1412000013575,1412000010212,19,8189,8001,AP
Vehículo Privado,8,1412000013575,1412000011193,19,8189,8035,AP
Vehículo Privado,8,1412000013575,1412000013575,38,8189,8189,AP
Vehículo Privado,8,1412000013575,1412000013664,19,8189,8197,AP
Vehículo Privado,8,1412000013575,1412000014198,57,8189,8228,AP
Vehículo Privado,8,1412000013575,1412000014431,19,8189,8252,AP
Vehículo Privado,8,1412000013575,1412000015266,38,8189,8305,AP
Vehículo Privado,8,1412000013575,1412000016423,19,8189,8364,AP
Vehículo Privado,8,1412000013575,1412000016599,38,8189,8376,AP
Vehículo Privado,8,1412000013575,1412000016635,19,8189,8380,AP
Vehículo Privado,8,1412000013594,1403900014902,19,8190,367,AP
Vehículo Privado,8,1412000013594,1412000014592,19,8190,8268,AP
Vehículo Privado,8,1412000013630,1403900011293,45,8194,105,AP
Vehículo Privado,8,1412000013630,1403900011359,90,8194,111,AP
Vehículo Privado,8,1412000013700,141200001098A,95,8201,8027,AP
Vehículo Privado,8,1412000013772,1403900013586,178,8206,250,AP
Vehículo Privado,8,1412000013772,1412000011009,178,8206,8029,AP
Vehículo Privado,8,1412000013787,1412000014215,48,8207,8230,AP
Vehículo Privado,8,1412000013791,1412000017046,48,8208,8409,AP
Vehículo Privado,8,1412000013819,1410100010382,48,8210,7008,AP
Vehículo Privado,8,1412000013819,1410100010912,48,8210,7049,AP
Vehículo Privado,8,1412000013819,1412000014215,48,8210,8230,AP
Vehículo Privado,8,1412000013819,141200001372A,48,8210,8203,AP
Vehículo Privado,8,1412000013861,1412000012755,48,8212,8124,AP
Vehículo Privado,8,1412000013984,1412000011278,88,8217,8039,AP
Vehículo Privado,8,1412000013984,1412000012914,88,8217,8137,AP
Vehículo Privado,8,1412000013984,1412000013984,88,8217,8217,AP
Vehículo Privado,8,1412000014060,1403900010308,95,8219,18,AP
Vehículo Privado,8,1412000014060,1403900010384,95,8219,25,AP
Vehículo Privado,8,1412000014060,1412000010918,95,8219,8024,AP
Vehículo Privado,8,1412000014060,1412000012609,95,8219,8111,AP
Vehículo Privado,8,1412000014060,1412000014291,190,8219,8238,AP
Vehículo Privado,8,1412000014060,1412000014605,95,8219,8269,AP
Vehículo Privado,8,1412000014060,1412000014836,95,8219,8281,AP
Vehículo Privado,8,1412000014060,141200001098A,95,8219,8027,AP
Vehículo Privado,8,1412000014075,1412000012702,95,8220,8121,AP
Vehículo Privado,8,1412000014075,1412000015942,95,8220,8342,AP
Vehículo Privado,8,1412000014075,1412000017116,95,8220,8416,AP
Vehículo Privado,8,1412000014094,1412000010975,95,8222,8026,AP
Vehículo Privado,8,1412000014183,1409800012220,356,8227,6118,AP
Vehículo Privado,8,1412000014198,1409800012377,163,8228,6128,AP
Vehículo Privado,8,1412000014198,1412000013274,110,8228,8168,AP
Vehículo Privado,8,1412000014198,1412000014198,110,8228,8228,AP
Vehículo Privado,8,1412000014200,1412000010354,137,8229,8007,AP
Vehículo Privado,8,1412000014215,1403900012183,137,8230,183,AP
Vehículo Privado,8,1412000014215,1412000013039,96,8230,8148,AP
Vehículo Privado,8,1412000014234,1403900013783,137,8232,266,AP
Vehículo Privado,8,1412000014234,1412000010373,137,8232,8009,AP
Vehículo Privado,8,1412000014268,1403900013923,96,8235,279,AP
Vehículo Privado,8,1412000014272,1412000014060,96,8236,8219,AP
Vehículo Privado,8,1412000014291,1412000010231,48,8238,8003,AP
Vehículo Privado,8,1412000014291,1412000014060,95,8238,8219,AP
Vehículo Privado,8,1412000014291,1412000014215,96,8238,8230,AP
Vehículo Privado,8,1412000014323,1403900010346,48,8241,21,AP
Vehículo Privado,8,1412000014323,1403900014936,96,8241,370,AP
Vehículo Privado,8,1412000014338,1403900013603,48,8242,252,AP
Vehículo Privado,8,1412000014338,1403900015313,96,8242,407,AP
Vehículo Privado,8,1412000014338,1412000013043,48,8242,8149,AP
Vehículo Privado,8,1412000014338,1412000013058,48,8242,8150,AP
Vehículo Privado,8,1412000014338,1412000014855,48,8242,8283,AP
Vehículo Privado,8,1412000014338,1412000015177,48,8242,8299,AP
Vehículo Privado,8,1412000014338,141200001319A,96,8242,8163,AP
Vehículo Privado,8,1412000014342,1403900011556,100,8243,127,AP
Vehículo Privado,8,1412000014342,1412000013170,100,8243,8161,AP
Vehículo Privado,8,1412000014357,1403900011753,100,8244,145,AP
Vehículo Privado,8,1412000014376,1409700250763,100,8246,5094,AP
Vehículo Privado,8,1412000014376,1412000011278,100,8246,8039,AP
Vehículo Privado,8,1412000014380,1409704241761,267,8247,5232,AP
Vehículo Privado,8,1412000014380,1412000014836,267,8247,8281,AP
Vehículo Privado,8,1412000014408,1403900011359,100,8249,111,AP
Vehículo Privado,8,1412000014408,1412000016828,100,8249,8394,AP
Vehículo Privado,8,1412000014412,1403900011359,100,8250,111,AP
Vehículo Privado,8,1412000014412,1412000010405,100,8250,8011,AP
Vehículo Privado,8,1412000014412,1412000011297,100,8250,8041,AP
Vehículo Privado,8,1412000014412,1412000012914,100,8250,8137,AP
Vehículo Privado,8,1412000014412,1412000014361,100,8250,8245,AP
Vehículo Privado,8,1412000014412,1412000014836,100,8250,8281,AP
Vehículo Privado,8,1412000014412,1412000016527,200,8250,8369,AP
Vehículo Privado,8,1412000014431,1412000011297,267,8252,8041,AP
Vehículo Privado,8,1412000014431,1412000014836,267,8252,8281,AP
Vehículo Privado,8,1412000014431,1412000016141,45,8252,8356,AP
Vehículo Privado,8,1412000014465,1403900010365,267,8255,23,AP
Vehículo Privado,8,1412000014465,1409800010879,534,8255,6028,AP
Vehículo Privado,8,1412000014465,1412000012505,267,8255,8103,AP
Vehículo Privado,8,1412000014465,1412000016391,267,8255,8363,AP
Vehículo Privado,8,1412000014501,140980012,38,8259,6216,AP
Vehículo Privado,8,1412000014501,1412000012505,38,8259,8103,AP
Vehículo Privado,8,1412000014501,1412000012524,38,8259,8105,AP
Vehículo Privado,8,1412000014501,1412000013414,76,8259,8178,AP
Vehículo Privado,8,1412000014520,1403900011170,49,8261,96,AP
Vehículo Privado,8,1412000014520,1412000010706,49,8261,8020,AP
Vehículo Privado,8,1412000014520,1412000014520,49,8261,8261,AP
Vehículo Privado,8,1412000014573,1403900011787,267,8266,147,AP
Vehículo Privado,8,1412000014573,1412000012488,58,8266,8101,AP
Vehículo Privado,8,1412000014573,1412000013166,267,8266,8160,AP
Vehículo Privado,8,1412000014573,1412000015478,267,8266,8319,AP
Vehículo Privado,8,1412000014605,1412000012365,267,8269,8089,AP
Vehículo Privado,8,1412000014605,1412000012562,267,8269,8109,AP
Vehículo Privado,8,1412000014643,1403900011753,49,8271,145,AP
Vehículo Privado,8,1412000014643,1403900014546,49,8271,335,AP
Vehículo Privado,8,1412000014643,1412000011225,49,8271,8038,AP
Vehículo Privado,8,1412000014643,1412000014573,49,8271,8266,AP
Vehículo Privado,8,1412000014643,141200001447A,49,8271,8256,AP
Vehículo Privado,8,1412000014658,1403900012183,49,8272,183,AP
Vehículo Privado,8,1412000014658,1412000011189,49,8272,8034,AP
Vehículo Privado,8,1412000014658,1412000011297,49,8272,8041,AP
Vehículo Privado,8,1412000014658,1412000012721,49,8272,8123,AP
Vehículo Privado,8,1412000014658,1412000014520,49,8272,8261,AP
Vehículo Privado,8,1412000014658,1412000014573,49,8272,8266,AP
Vehículo Privado,8,1412000014658,1412000015340,49,8272,8312,AP
Vehículo Privado,8,1412000014658,1412000016423,49,8272,8364,AP
Vehículo Privado,8,1412000014658,141200001454A,98,8272,8263,AP
Vehículo Privado,8,1412000014662,1403900011005,49,8273,80,AP
Vehículo Privado,8,1412000014662,1412000014662,45,8273,8273,AP
Vehículo Privado,8,1412000014662,141200001066A,49,8273,8018,AP
Vehículo Privado,8,1412000014677,1412000011225,49,8274,8038,AP
Vehículo Privado,8,1412000014677,1412000014728,98,8274,8275,AP
Vehículo Privado,8,1412000014677,141200001066A,49,8274,8018,AP
Vehículo Privado,8,1412000014732,1403900011274,100,8276,103,AP
Vehículo Privado,8,1412000014889,1412000011009,95,8286,8029,AP
Vehículo Privado,8,1412000014978,141200001098A,96,8292,8027,AP
Vehículo Privado,8,1412000015105,1412000011009,95,8293,8029,AP
Vehículo Privado,8,1412000015105,141200001098A,95,8293,8027,AP
Vehículo Privado,8,1412000015139,1412000012280,48,8295,8081,AP
Vehículo Privado,8,1412000015139,1412000012789,48,8295,8126,AP
Vehículo Privado,8,1412000015139,1412000014198,48,8295,8228,AP
Vehículo Privado,8,1412000015143,1403900010115,96,8296,6,AP
Vehículo Privado,8,1412000015143,1403900010365,48,8296,23,AP
Vehículo Privado,8,1412000015143,1412000014198,48,8296,8228,AP
Vehículo Privado,8,1412000015143,1412000014215,48,8296,8230,AP
Vehículo Privado,8,1412000015177,1412000012399,96,8299,8092,AP
Vehículo Privado,8,1412000015181,1409700250763,29,8300,5094,AP
Vehículo Privado,8,1412000015181,1409700931028,29,8300,5208,AP
Vehículo Privado,8,1412000015181,1409708331865,29,8300,5312,AP
Vehículo Privado,8,1412000015181,1412000016743,29,8300,8386,AP
Vehículo Privado,8,1412000015209,1412000010602,45,8302,8013,AP
Vehículo Privado,8,1412000015209,1412000012524,45,8302,8105,AP
Vehículo Privado,8,1412000015209,1412000012562,45,8302,8109,AP
Vehículo Privado,8,1412000015209,141200001098A,45,8302,8027,AP
Vehículo Privado,8,1412000015228,1412000014677,49,8303,8274,AP
Vehículo Privado,8,1412000015251,1403900011753,100,8304,145,AP
Vehículo Privado,8,1412000015251,1403900013976,100,8304,284,AP
Vehículo Privado,8,1412000015251,1412000011225,100,8304,8038,AP
Vehículo Privado,8,1412000015266,999990001,100,8305,10006,AP
Vehículo Privado,8,1412000015266,1403900011363,100,8305,112,AP
Vehículo Privado,8,1412000015266,1412000010547,100,8305,8012,AP
Vehículo Privado,8,1412000015266,1412000012914,200,8305,8137,AP
Vehículo Privado,8,1412000015266,1412000012990,100,8305,8145,AP
Vehículo Privado,8,1412000015266,1412000015266,100,8305,8305,AP
Vehículo Privado,8,1412000015270,1412000010265,100,8306,8005,AP
Vehículo Privado,8,1412000015270,1412000012971,100,8306,8143,AP
Vehículo Privado,8,1412000015336,1412000012473,49,8311,8100,AP
Vehículo Privado,8,1412000015336,1412000015340,45,8311,8312,AP
Vehículo Privado,8,1412000015336,1412000017366,45,8311,8434,AP
Vehículo Privado,8,1412000015340,1403900011293,45,8312,105,AP
Vehículo Privado,8,1412000015340,1403900011359,45,8312,111,AP
Vehículo Privado,8,1412000015340,1403900013321,45,8312,237,AP
Vehículo Privado,8,1412000015340,1412000010706,45,8312,8020,AP
Vehículo Privado,8,1412000015340,1412000013128,45,8312,8156,AP
Vehículo Privado,8,1412000015340,1412000013147,45,8312,8158,AP
Vehículo Privado,8,1412000015340,1412000014535,45,8312,8262,AP
Vehículo Privado,8,1412000015340,1412000015209,45,8312,8302,AP
Vehículo Privado,8,1412000015340,1412000015228,45,8312,8303,AP
Vehículo Privado,8,1412000015340,1412000015340,135,8312,8312,AP
Vehículo Privado,8,1412000015340,1412000015694,45,8312,8332,AP
Vehículo Privado,8,1412000015340,141200001066A,90,8312,8018,AP
Vehículo Privado,8,1412000015340,141200001237A,45,8312,8090,AP
Vehículo Privado,8,1412000015340,141200001657A,90,8312,8374,AP
Vehículo Privado,8,1412000015355,1403900011359,45,8313,111,AP
Vehículo Privado,8,1412000015374,1403900011359,95,8315,111,AP
Vehículo Privado,8,1412000015374,1403900011626,95,8315,133,AP
Vehículo Privado,8,1412000015374,1403900012130,95,8315,178,AP
Vehículo Privado,8,1412000015374,1412002434713,95,8315,8517,AP
Vehículo Privado,8,1412000015374,141200001098A,95,8315,8027,AP
Vehículo Privado,8,1412000015444,1403900014743,45,8316,352,AP
Vehículo Privado,8,1412000015444,1409800011928,45,8316,6099,AP
Vehículo Privado,8,1412000015444,1412000011687,45,8316,8050,AP
Vehículo Privado,8,1412000015463,1412000010706,534,8318,8020,AP
Vehículo Privado,8,1412000015478,1403900014902,178,8319,367,AP
Vehículo Privado,8,1412000015478,1409701800301,267,8319,5223,AP
Vehículo Privado,8,1412000015478,1409800011928,178,8319,6099,AP
Vehículo Privado,8,1412000015497,1403900013321,267,8321,237,AP
Vehículo Privado,8,1412000015497,1412000013043,267,8321,8149,AP
Vehículo Privado,8,1412000015497,141200001066A,267,8321,8018,AP
Vehículo Privado,8,1412000015533,1403900013938,96,8323,280,AP
Vehículo Privado,8,1412000015533,1412000012346,96,8323,8087,AP
Vehículo Privado,8,1412000015548,1409800010385,96,8324,6015,AP
Vehículo Privado,8,1412000015552,1409704240570,114,8325,5229,AP
Vehículo Privado,8,1412000015552,1409708221530,38,8325,5252,AP
Vehículo Privado,8,1412000015849,1403900010651,95,8340,47,AP
Vehículo Privado,8,1412000015849,1403900011359,95,8340,111,AP
Vehículo Privado,8,1412000015849,1403900012164,95,8340,181,AP
Vehículo Privado,8,1412000015849,1410100010927,95,8340,7050,AP
Vehículo Privado,8,1412000015849,1412000011225,95,8340,8038,AP
Vehículo Privado,8,1412000015849,1412000013293,95,8340,8170,AP
Vehículo Privado,8,1412000015942,1412000012609,88,8342,8111,AP
Vehículo Privado,8,1412000015942,1412000014198,88,8342,8228,AP
Vehículo Privado,8,1412000015942,1412000015355,88,8342,8313,AP
Vehículo Privado,8,1412000015942,1412000017277,88,8342,8427,AP
Vehículo Privado,8,1412000015942,141200001447A,88,8342,8256,AP
Vehículo Privado,8,1412000016048,1412000013185,95,8347,8162,AP
Vehículo Privado,8,1412000016067,1412000012609,95,8349,8111,AP
Vehículo Privado,8,1412000016067,1412000016048,95,8349,8347,AP
Vehículo Privado,8,1412000016071,1412000010405,95,8350,8011,AP
Vehículo Privado,8,1412000016071,1412000015834,95,8350,8339,AP
Vehículo Privado,8,1412000016103,1412000015444,49,8353,8316,AP
Vehículo Privado,8,1412000016175,1412000016175,95,8357,8357,AP
Vehículo Privado,8,1412000016300,1403900013961,90,8360,283,AP
Vehículo Privado,8,1412000016300,1403900015652,90,8360,440,AP
Vehículo Privado,8,1412000016300,1409800011928,45,8360,6099,AP
Vehículo Privado,8,1412000016300,1412000011297,45,8360,8041,AP
Vehículo Privado,8,1412000016300,1412000012543,45,8360,8107,AP
Vehículo Privado,8,1412000016300,1412000012558,45,8360,8108,AP
Vehículo Privado,8,1412000016300,1412000012721,45,8360,8123,AP
Vehículo Privado,8,1412000016300,1412000013289,45,8360,8169,AP
Vehículo Privado,8,1412000016300,141200001326A,45,8360,8167,AP
Vehículo Privado,8,1412000016391,1412000012505,49,8363,8103,AP
Vehículo Privado,8,1412000016391,1412000012647,98,8363,8115,AP
Vehículo Privado,8,1412000016391,14097059A,49,8363,5241,AP
Vehículo Privado,8,1412000016438,1403900011005,45,8365,80,AP
Vehículo Privado,8,1412000016438,1403900011359,45,8365,111,AP
Vehículo Privado,8,1412000016438,1403900011626,45,8365,133,AP
Vehículo Privado,8,1412000016438,1403900011908,45,8365,159,AP
Vehículo Privado,8,1412000016438,1409800011256,45,8365,6052,AP
Vehículo Privado,8,1412000016508,1403900010350,62,8367,22,AP
Vehículo Privado,8,1412000016508,1412000011009,31,8367,8029,AP
Vehículo Privado,8,1412000016508,1412000013185,31,8367,8162,AP
Vehículo Privado,8,1412000016508,1412000017046,31,8367,8409,AP
Vehículo Privado,8,1412000016512,1403900010346,31,8368,21,AP
Vehículo Privado,8,1412000016512,1412000010405,31,8368,8011,AP
Vehículo Privado,8,1412000016512,1412000012204,31,8368,8073,AP
Vehículo Privado,8,1412000016512,1412000014198,31,8368,8228,AP
Vehículo Privado,8,1412000016512,1412000016423,31,8368,8364,AP
Vehículo Privado,8,1412000016512,1412000016599,31,8368,8376,AP
Vehículo Privado,8,1412000016512,1412000016758,31,8368,8387,AP
Vehículo Privado,8,1412000016531,1412000016550,24,8370,8372,AP
Vehículo Privado,8,1412000016550,141200123,3,8372,8455,AP
Vehículo Privado,8,1412000016550,1412000010975,95,8372,8026,AP
Vehículo Privado,8,1412000016550,1412000013293,95,8372,8170,AP
Vehículo Privado,8,1412000016550,1412000015374,95,8372,8315,AP
Vehículo Privado,8,1412000016550,1412000017012,95,8372,8406,AP
Vehículo Privado,8,1412000016550,1412002312079,24,8372,8468,AP
Vehículo Privado,8,1412000016565,1403900013374,29,8373,240,AP
Vehículo Privado,8,1412000016565,1409800011928,58,8373,6099,AP
Vehículo Privado,8,1412000016565,1412000013306,29,8373,8171,AP
Vehículo Privado,8,1412000016565,1412000014465,29,8373,8255,AP
Vehículo Privado,8,1412000016565,1412000014516,29,8373,8260,AP
Vehículo Privado,8,1412000016584,1412002315887,31,8375,8489,AP
Vehículo Privado,8,1412000016599,1412000016531,95,8376,8370,AP
Vehículo Privado,8,1412000016599,1412000016832,110,8376,8395,AP
Vehículo Privado,8,1412000016599,1412001395980,13,8376,8457,AP
Vehículo Privado,8,1412000016599,1412007570439,59,8376,8529,AP
Vehículo Privado,8,1412000016599,1412007580797,59,8376,8538,AP
Vehículo Privado,8,1412000016724,1403900014546,31,8384,335,AP
Vehículo Privado,8,1412000016724,1412000014198,31,8384,8228,AP
Vehículo Privado,8,1412000016724,1412000017046,31,8384,8409,AP
Vehículo Privado,8,1412000016739,1412000012774,96,8385,8125,AP
Vehículo Privado,8,1412000016743,1412000013397,59,8386,8176,AP
Vehículo Privado,8,1412000016809,1412000016828,110,8392,8394,AP
Vehículo Privado,8,1412000016809,141200001326A,110,8392,8167,AP
Vehículo Privado,8,1412000016832,1403900011289,110,8395,104,AP
Vehículo Privado,8,1412000016832,1412000010617,110,8395,8014,AP
Vehículo Privado,8,1412000016832,1412000016777,110,8395,8389,AP
Vehículo Privado,8,1412000016847,1403900011043,31,8396,84,AP
Vehículo Privado,8,1412000016847,1409800011928,31,8396,6099,AP
Vehículo Privado,8,1412000016847,1412000010265,31,8396,8005,AP
Vehículo Privado,8,1412000016847,1412000016550,31,8396,8372,AP
Vehículo Privado,8,1412000016847,1412000016705,31,8396,8382,AP
Vehículo Privado,8,1412000016847,140390001101A,62,8396,81,AP
Vehículo Privado,8,1412000016847,140700021101A,62,8396,3088,AP
Vehículo Privado,8,1412000016866,1412000013293,31,8398,8170,AP
Vehículo Privado,8,1412000016866,1412000017205,31,8398,8423,AP
Vehículo Privado,8,1412000016866,1412002312026,31,8398,8465,AP
Vehículo Privado,8,1412000016870,141200001326A,110,8399,8167,AP
Vehículo Privado,8,1412000016902,1403900011804,110,8402,149,AP
Vehículo Privado,8,1412000016902,1403900012573,110,8402,211,AP
Vehículo Privado,8,1412000016902,1403900013961,110,8402,283,AP
Vehículo Privado,8,1412000016902,1412000010212,110,8402,8001,AP
Vehículo Privado,8,1412000016902,1412000010227,110,8402,8002,AP
Vehículo Privado,8,1412000016902,1412000010405,220,8402,8011,AP
Vehículo Privado,8,1412000016902,1412000013293,110,8402,8170,AP
Vehículo Privado,8,1412000016902,1412000016550,110,8402,8372,AP
Vehículo Privado,8,1412000016902,141200001326A,110,8402,8167,AP
Vehículo Privado,8,1412000016921,1403900010596,31,8404,42,AP
Vehículo Privado,8,1412000016921,1403900011359,31,8404,111,AP
Vehículo Privado,8,1412000017008,1412000010231,31,8405,8003,AP
Vehículo Privado,8,1412000017008,1412000017008,31,8405,8405,AP
Vehículo Privado,8,1412000017012,1403900013783,190,8406,266,AP
Vehículo Privado,8,1412000017012,1412000013185,190,8406,8162,AP
Vehículo Privado,8,1412000017012,141200001422A,95,8406,8231,AP
Vehículo Privado,8,1412000017031,999990001,31,8408,10006,AP
Vehículo Privado,8,1412000017031,1412000010405,31,8408,8011,AP
Vehículo Privado,8,1412000017031,1412000014836,31,8408,8281,AP
Vehículo Privado,8,1412000017031,1412000016601,31,8408,8377,AP
Vehículo Privado,8,1412000017050,1412000010405,95,8410,8011,AP
Vehículo Privado,8,1412000017050,1412000014836,95,8410,8281,AP
Vehículo Privado,8,1412000017116,1412000013185,95,8416,8162,AP
Vehículo Privado,8,1412000017116,1412000013325,95,8416,8173,AP
Vehículo Privado,8,1412000017116,1412000014215,95,8416,8230,AP
Vehículo Privado,8,1412000017120,1412000010231,31,8417,8003,AP
Vehículo Privado,8,1412000017120,1412000012666,31,8417,8117,AP
Vehículo Privado,8,1412000017135,1412000010231,132,8418,8003,AP
Vehículo Privado,8,1412000017366,1409700010918,45,8434,5009,AP
Vehículo Privado,8,1412000017366,1412000012863,45,8434,8133,AP
Vehículo Privado,8,1412000017366,1412000015266,45,8434,8305,AP
Vehículo Privado,8,1412000017366,141200001447A,45,8434,8256,AP
Vehículo Privado,8,1412000620161,1412000011009,264,8445,8029,AP
Vehículo Privado,8,1412000620161,1412000016550,132,8445,8372,AP
Vehículo Privado,8,1412000620176,1412000012632,132,8446,8114,AP
Vehículo Privado,8,1412000620180,1412000011210,132,8447,8037,AP
Vehículo Privado,8,1412001395980,141200104,13,8457,8454,AP
Vehículo Privado,8,1412001395980,141200142,13,8457,8459,AP
Vehículo Privado,8,1412001395980,141205567,13,8457,8546,AP
Vehículo Privado,8,1412001395980,1412000016531,13,8457,8370,AP
Vehículo Privado,8,1412001395980,1412001395980,52,8457,8457,AP
Vehículo Privado,8,1412001395980,1412002312026,13,8457,8465,AP
Vehículo Privado,8,1412001395980,1412002315887,13,8457,8489,AP
Vehículo Privado,8,1412001395995,999990006,52,8458,10005,AP
Vehículo Privado,8,1412001395995,1412001395980,13,8458,8457,AP
Vehículo Privado,8,1412001395995,1412002312026,13,8458,8465,AP
Vehículo Privado,8,1412001395995,1412002313838,13,8458,8470,AP
Vehículo Privado,8,1412001395995,1412002314179,13,8458,8478,AP
Vehículo Privado,8,1412001395995,1412002315779,13,8458,8487,AP
Vehículo Privado,8,1412001395995,1412002434709,13,8458,8516,AP
Vehículo Privado,8,1412002065054,141200123,3,8462,8455,AP
Vehículo Privado,8,1412002065054,1403900011128,3,8462,91,AP
Vehículo Privado,8,1412002065054,1403900011467,6,8462,122,AP
Vehículo Privado,8,1412002065054,1403900015366,6,8462,412,AP
Vehículo Privado,8,1412002065054,1412000010373,3,8462,8009,AP
Vehículo Privado,8,1412002065054,1412000010890,3,8462,8023,AP
Vehículo Privado,8,1412002065054,1412002065054,3,8462,8462,AP
Vehículo Privado,8,1412002065054,141200206504A,6,8462,8461,AP
Vehículo Privado,8,1412002312026,1403900011359,132,8465,111,AP
Vehículo Privado,8,1412002312026,1412000016866,31,8465,8398,AP
Vehículo Privado,8,1412002312079,141200104,24,8468,8454,AP
Vehículo Privado,8,1412002312079,1412000016550,24,8468,8372,AP
Vehículo Privado,8,1412002312079,1412001395980,24,8468,8457,AP
Vehículo Privado,8,1412002312079,1412002315887,24,8468,8489,AP
Vehículo Privado,8,1412002312079,1412002316669,24,8468,8501,AP
Vehículo Privado,8,1412002313823,1403900010365,132,8469,23,AP
Vehículo Privado,8,1412002313823,1403900010863,132,8469,67,AP
Vehículo Privado,8,1412002313823,1403900011378,132,8469,113,AP
Vehículo Privado,8,1412002313823,1412000016512,132,8469,8368,AP
Vehículo Privado,8,1412002314145,1409800141129,24,8475,6219,AP
Vehículo Privado,8,1412002314145,1412000016527,24,8475,8369,AP
Vehículo Privado,8,1412002314145,1412002314145,24,8475,8475,AP
Vehículo Privado,8,1412002314164,1403900012605,24,8477,214,AP
Vehículo Privado,8,1412002314164,1412001395980,24,8477,8457,AP
Vehículo Privado,8,1412002314164,1412002312079,24,8477,8468,AP
Vehículo Privado,8,1412002314164,1412002315887,24,8477,8489,AP
Vehículo Privado,8,1412002314179,141200142,120,8478,8459,AP
Vehículo Privado,8,1412002314179,999990002,24,8478,10007,AP
Vehículo Privado,8,1412002314179,1403900011077,24,8478,86,AP
Vehículo Privado,8,1412002314179,1412000010265,24,8478,8005,AP
Vehículo Privado,8,1412002314179,1412000011009,24,8478,8029,AP
Vehículo Privado,8,1412002314179,1412000016508,120,8478,8367,AP
Vehículo Privado,8,1412002314179,1412002312026,24,8478,8465,AP
Vehículo Privado,8,1412002314179,1412002313842,24,8478,8471,AP
Vehículo Privado,8,1412002314179,1412002316673,24,8478,8502,AP
Vehículo Privado,8,1412002314179,1412002434713,120,8478,8517,AP
Vehículo Privado,8,1412002315726,1412000011009,132,8485,8029,AP
Vehículo Privado,8,1412002315779,1412002315887,24,8487,8489,AP
Vehículo Privado,8,1412002315872,1412000010231,132,8488,8003,AP
Vehículo Privado,8,1412002315887,1412002312026,31,8489,8465,AP
Vehículo Privado,8,1412002316230,1412000013293,132,8493,8170,AP
Vehículo Privado,8,1412002316230,1412002313823,132,8493,8469,AP
Vehículo Privado,8,1412002316264,1403900011359,132,8496,111,AP
Vehículo Privado,8,1412002316264,1412000011579,132,8496,8046,AP
Vehículo Privado,8,1412002316264,1412002312026,132,8496,8465,AP
Vehículo Privado,8,1412002316669,1412002316654,132,8501,8500,AP
Vehículo Privado,8,1412002434709,141200142,26,8516,8459,AP
Vehículo Privado,8,1412002434709,1412000011225,13,8516,8038,AP
Vehículo Privado,8,1412002434709,1412002434709,39,8516,8516,AP
Vehículo Privado,8,1412002434709,1412002434713,13,8516,8517,AP
Vehículo Privado,8,1412002434709,141200001397A,13,8516,8216,AP
Vehículo Privado,8,1412002434713,141200142,13,8517,8459,AP
Vehículo Privado,8,1412002434713,1412000010405,13,8517,8011,AP
Vehículo Privado,8,1412002434713,1412000015266,13,8517,8305,AP
Vehículo Privado,8,1412004306940,1412000011009,59,8519,8029,AP
Vehículo Privado,8,1412004306940,1412002315887,59,8519,8489,AP
Vehículo Privado,8,1412004306940,1412004306940,59,8519,8519,AP
Vehículo Privado,8,1412007500301,141200123,660,8524,8455,AP
Vehículo Privado,8,1412007500301,1412000014836,132,8524,8281,AP
Vehículo Privado,8,1412007500301,1412000016550,132,8524,8372,AP
Vehículo Privado,8,1412007500301,1412007500301,132,8524,8524,AP
Vehículo Privado,8,1412007500316,1412000016527,264,8525,8369,AP
Vehículo Privado,8,1412007530320,1403900012592,132,8526,213,AP
Vehículo Privado,8,1412007530320,1412002315887,132,8526,8489,AP
Vehículo Privado,8,1412007560424,1412000010392,132,8528,8010,AP
Vehículo Privado,8,1412007560424,1412000012609,132,8528,8111,AP
Vehículo Privado,8,1412007560424,1412000013293,132,8528,8170,AP
Vehículo Privado,8,1412007560424,1412000015266,132,8528,8305,AP
Vehículo Privado,8,1412007560424,1412002316989,132,8528,8507,AP
Vehículo Privado,8,1412007570439,1412000011009,59,8529,8029,AP
Vehículo Privado,8,1412007580509,1412002315887,59,8532,8489,AP
Vehículo Privado,8,1412007580551,1403900011359,59,8533,111,AP
Vehículo Privado,8,1412007580566,999990001,59,8534,10006,AP
Vehículo Privado,8,1412007580566,1403900011359,59,8534,111,AP
Vehículo Privado,8,1412007580566,1412000014198,59,8534,8228,AP
Vehículo Privado,8,1412007580566,1412002315887,59,8534,8489,AP
Vehículo Privado,8,1412007580566,140390001172A,59,8534,143,AP
Vehículo Privado,8,1412007580744,1412007580744,59,8536,8536,AP
Vehículo Privado,8,1412007580759,1412000011808,118,8537,8056,AP
Vehículo Privado,8,1412007580833,1403900011359,118,8541,111,AP
Vehículo Privado,8,1412007580833,1412007580848,177,8541,8542,AP
Vehículo Privado,8,1412007580848,141200758080A,59,8542,8539,AP
Vehículo Privado,8,1412007630852,141200142,13,8543,8459,AP
Vehículo Privado,8,1412007630852,999990001,13,8543,10006,AP
Vehículo Privado,8,1412007630852,1403900011556,13,8543,127,AP
Vehículo Privado,8,1412007630852,1412002312026,13,8543,8465,AP
Vehículo Privado,8,1412400010122,1412400010141,35,9001,9003,AP
Vehículo Privado,8,1412400010137,1403900011359,35,9002,111,AP
Vehículo Privado,8,1412400010137,141240001018A,35,9002,9006,AP
Vehículo Privado,8,1412400010156,141240071,35,9004,9045,AP
Vehículo Privado,8,1412400010156,1412400010141,35,9004,9003,AP
Vehículo Privado,8,1412400010156,1412400010495,70,9004,9031,AP
Vehículo Privado,8,1412400010175,141240090,3,9005,9047,AP
Vehículo Privado,8,1412400010175,1412000011225,35,9005,8038,AP
Vehículo Privado,8,1412400010175,1412400010495,70,9005,9031,AP
Vehículo Privado,8,1412400010211,1412400010495,70,9007,9031,AP
Vehículo Privado,8,1412400010211,141240001018A,35,9007,9006,AP
Vehículo Privado,8,1412400010438,1412400010175,35,9025,9005,AP
Vehículo Privado,8,1412400010438,1412400010480,35,9025,9030,AP
Vehículo Privado,8,1412400010438,1412400010495,35,9025,9031,AP
Vehículo Privado,8,1412400010480,1412400010480,3,9030,9030,AP
Vehículo Privado,8,1412400010495,999990004,70,9031,10001,AP
Vehículo Privado,8,1412400010495,1410100011338,35,9031,7085,AP
Vehículo Privado,8,1412400010495,1412400010141,35,9031,9003,AP
Vehículo Privado,8,1412400010495,1412400010175,35,9031,9005,AP
Vehículo Privado,8,1412400010495,1412400010495,70,9031,9031,AP
Vehículo Privado,8,1412400010495,1412400010508,140,9031,9032,AP
Vehículo Privado,8,1412400010495,1412400010512,35,9031,9033,AP
Vehículo Privado,8,1412400010495,1412400940391,35,9031,9049,AP
Vehículo Privado,8,1412400010512,141240071,35,9033,9045,AP
Vehículo Privado,8,1412400010512,1412400010495,35,9033,9031,AP
Vehículo Privado,8,1412400010527,141240033,70,9034,9043,AP
Vehículo Privado,8,1412400010527,1412400010264,35,9034,9012,AP
Vehículo Privado,8,1412400940387,1403900012554,23,9048,209,AP
Vehículo Privado,8,1412400940387,141010001250A,41,9048,7143,AP
Vehículo Privado,8,1412400940391,141240090,21,9049,9047,AP
Vehículo Privado,8,1412400940391,1412400940391,105,9049,9049,AP
Vehículo Privado,8,1412401760160,140510035,3,9051,2020,AP
Vehículo Privado,8,1412401760160,141240090,84,9051,9047,AP
Vehículo Privado,8,1412401760160,999990005,3,9051,10004,AP
Vehículo Privado,8,1412401760160,1403900011359,6,9051,111,AP
Vehículo Privado,8,1412401760160,1403900011467,3,9051,122,AP
Vehículo Privado,8,1412401760160,1405100020209,6,9051,2017,AP
Vehículo Privado,8,1412401760160,1409800010597,3,9051,6020,AP
Vehículo Privado,8,1412401760160,1409800012771,3,9051,6163,AP
Vehículo Privado,8,1412401760160,1410100010931,3,9051,7051,AP
Vehículo Privado,8,1412401760160,1410100260683,3,9051,7197,AP
Vehículo Privado,8,1412401760160,1410100260698,6,9051,7198,AP
Vehículo Privado,8,1412401760160,1412400010175,15,9051,9005,AP
Vehículo Privado,8,1412401760160,1412400010480,6,9051,9030,AP
Vehículo Privado,8,1412401760160,1412400010508,3,9051,9032,AP
Vehículo Privado,8,1412401760160,1412400940387,9,9051,9048,AP
Vehículo Privado,8,1412401760160,1412401760160,27,9051,9051,AP
Vehículo Privado,8,1412401760160,140390001101A,6,9051,81,AP
Vehículo Privado,8,1412401760160,141240001018A,3,9051,9006,AP
Vehículo Privado,8,140390001005A,1403900010952,150,3,75,AP
Vehículo Privado,8,140390001005A,1403900011359,75,3,111,AP
Vehículo Privado,8,140390001005A,1412000010405,75,3,8011,AP
Vehículo Privado,8,140390001005A,1412000014198,75,3,8228,AP
Vehículo Privado,8,140390001090A,1403900011359,249,71,111,AP
Vehículo Privado,8,140390001090A,140390001083A,249,71,64,AP
Vehículo Privado,8,140390001101A,140510001004A,2,81,2001,AP
Vehículo Privado,8,140390001119A,1403900011452,249,98,121,AP
Vehículo Privado,8,140390001119A,1410100010931,111,98,7051,AP
Vehículo Privado,8,140390001140A,1403900011166,111,116,95,AP
Vehículo Privado,8,140390001140A,1403900011414,222,116,117,AP
Vehículo Privado,8,140390001140A,1403900013656,222,116,256,AP
Vehículo Privado,8,140390001140A,140390001119A,111,116,98,AP
Vehículo Privado,8,140390001254A,1403900013961,119,208,283,AP
Vehículo Privado,8,140390001279A,1403900012728,227,226,224,AP
Vehículo Privado,8,140390001279A,1403900012785,227,226,225,AP
Vehículo Privado,8,140390001279A,1403900014052,119,226,292,AP
Vehículo Privado,8,140390001350A,1403900014033,48,243,290,AP
Vehículo Privado,8,140390001368A,1403900013529,48,258,245,AP
Vehículo Privado,8,140390001400A,1403900011861,246,287,155,AP
Vehículo Privado,8,140390001400A,140390001254A,246,287,208,AP
Vehículo Privado,8,140390001418A,1409800010879,249,304,6028,AP
Vehículo Privado,8,140390001418A,141200001066A,249,304,8018,AP
Vehículo Privado,8,140390001457A,141011963,144,338,7230,AP
Vehículo Privado,8,140390001457A,1409700350551,96,338,5172,AP
Vehículo Privado,8,140390001464A,1403900012662,163,345,218,AP
Vehículo Privado,8,140390001464A,1409800011928,163,345,6099,AP
Vehículo Privado,8,140390001471A,1409800012428,246,350,6131,AP
Vehículo Privado,8,140390001489A,1403900012554,111,366,209,AP
Vehículo Privado,8,140390001507A,1403900014476,234,384,328,AP
Vehículo Privado,8,140390001521A,1412000014836,234,398,8281,AP
Vehículo Privado,8,140440002005A,999990005,14,1013,10004,AP
Vehículo Privado,8,140440002005A,140440002012A,21,1013,1015,AP
Vehículo Privado,8,140440002012A,1404400020115,7,1015,1014,AP
Vehículo Privado,8,140440002012A,1404400020187,7,1015,1021,AP
Vehículo Privado,8,140440002012A,1409700350138,7,1015,5169,AP
Vehículo Privado,8,140440002012A,1409800012377,7,1015,6128,AP
Vehículo Privado,8,140440002012A,140440002012A,7,1015,1015,AP
Vehículo Privado,8,140440002012A,14097059A,7,1015,5241,AP
Vehículo Privado,8,140510001004A,1403900011005,2,2001,80,AP
Vehículo Privado,8,140510001004A,1403900011359,2,2001,111,AP
Vehículo Privado,8,140510001004A,1403900013694,2,2001,259,AP
Vehículo Privado,8,140510001004A,1405100010054,6,2001,2002,AP
Vehículo Privado,8,140510001004A,1405100010069,8,2001,2003,AP
Vehículo Privado,8,140510001004A,1405100020181,2,2001,2015,AP
Vehículo Privado,8,140510001004A,1407000010045,8,2001,3002,AP
Vehículo Privado,8,140510001004A,1407000010115,2,2001,3005,AP
Vehículo Privado,8,140510001004A,1407000130350,2,2001,3031,AP
Vehículo Privado,8,140510001004A,1407000200191,2,2001,3066,AP
Vehículo Privado,8,140510001004A,1409708432666,2,2001,5336,AP
Vehículo Privado,8,140510001004A,1409800011519,4,2001,6069,AP
Vehículo Privado,8,140510001004A,1412000011189,2,2001,8034,AP
Vehículo Privado,8,140510001004A,1412400010175,4,2001,9005,AP
Vehículo Privado,8,140510001004A,140440002012A,7,2001,1015,AP
Vehículo Privado,8,140510001004A,140510001004A,8,2001,2001,AP
Vehículo Privado,8,140700001012A,1409800010671,59,3006,6021,AP
Vehículo Privado,8,140700014083A,99999000A,63,3060,10002,AP
Vehículo Privado,8,140700020126A,1407000201236,177,3078,3076,AP
Vehículo Privado,8,140700021076A,1412000010405,15,3085,8011,AP
Vehículo Privado,8,140700021076A,1412000013128,15,3085,8156,AP
Vehículo Privado,8,140700021101A,1407000140609,63,3088,3056,AP
Vehículo Privado,8,140700111133A,1407000010045,118,3121,3002,AP
Vehículo Privado,8,140700111133A,1407000010702,59,3121,3015,AP
Vehículo Privado,8,14070140A,999990005,15,3131,10004,AP
Vehículo Privado,8,14070140A,14070140A,59,3131,3131,AP
Vehículo Privado,8,140970001212A,140971066,54,5024,5383,AP
Vehículo Privado,8,140970001212A,1409700250763,54,5024,5094,AP
Vehículo Privado,8,140970005034A,1409708623414,19,5036,5366,AP
Vehículo Privado,8,140970005034A,140970005034A,19,5036,5036,AP
Vehículo Privado,8,140970025130A,1409700250354,51,5106,5087,AP
Vehículo Privado,8,140970180123A,1409700250354,29,5225,5087,AP
Vehículo Privado,8,140970180123A,1409700931028,29,5225,5208,AP
Vehículo Privado,8,140970180123A,1412000010689,29,5225,8019,AP
Vehículo Privado,8,140970180123A,140970025130A,29,5225,5106,AP
Vehículo Privado,8,140970180123A,141200001340A,29,5225,8177,AP
Vehículo Privado,8,140970424098A,140980012,38,5231,6216,AP
Vehículo Privado,8,140970424098A,1403900011359,38,5231,111,AP
Vehículo Privado,8,140970424098A,1409700010918,38,5231,5009,AP
Vehículo Privado,8,140970424098A,1409700931028,38,5231,5208,AP
Vehículo Privado,8,140970424098A,1409704240443,38,5231,5228,AP
Vehículo Privado,8,140970424098A,1409704241761,38,5231,5232,AP
Vehículo Privado,8,140970424098A,1410100010946,38,5231,7052,AP
Vehículo Privado,8,140970424098A,140970424098A,76,5231,5231,AP
Vehículo Privado,8,14097059A,1403900011804,96,5241,149,AP
Vehículo Privado,8,14097059A,1404400010100,96,5241,1005,AP
Vehículo Privado,8,14097059A,1404400540416,57,5241,1034,AP
Vehículo Privado,8,14097059A,1407000010115,57,5241,3005,AP
Vehículo Privado,8,14097059A,1409700092825,57,5241,5052,AP
Vehículo Privado,8,14097059A,1409800011928,96,5241,6099,AP
Vehículo Privado,8,14097059A,140970005034A,326,5241,5036,AP
Vehículo Privado,8,14097059A,14097059A,59,5241,5241,AP
Vehículo Privado,8,14097059A,140980128288A,91,5241,6235,AP
Vehículo Privado,8,14097059A,99999000A,194,5241,10002,AP
Vehículo Privado,8,140970831205A,1407000130401,96,5302,3033,AP
Vehículo Privado,8,140970831205A,1409708311653,192,5302,5297,AP
Vehículo Privado,8,140970831205A,1409708623414,288,5302,5366,AP
Vehículo Privado,8,140970831205A,1409800011928,96,5302,6099,AP
Vehículo Privado,8,140970831205A,140970831205A,96,5302,5302,AP
Vehículo Privado,8,140970843269A,1412000010636,94,5339,8015,AP
Vehículo Privado,8,140980001007A,1403900010030,75,6004,2,AP
Vehículo Privado,8,140980001007A,1403900011429,249,6004,118,AP
Vehículo Privado,8,140980001007A,140390001158A,246,6004,130,AP
Vehículo Privado,8,140980001053A,1403900012179,48,6019,182,AP
Vehículo Privado,8,140980001053A,1403900012662,48,6019,218,AP
Vehículo Privado,8,140980001053A,1403900013321,48,6019,237,AP
Vehículo Privado,8,140980001053A,1410100272336,23,6019,7207,AP
Vehículo Privado,8,140980001053A,140980001053A,48,6019,6019,AP
Vehículo Privado,8,140980001110A,1403900011429,178,6041,118,AP
Vehículo Privado,8,140980001110A,1409800012485,178,6041,6137,AP
Vehículo Privado,8,140980001135A,999990006,227,6057,10005,AP
Vehículo Privado,8,140980001167A,140980001167A,192,6079,6079,AP
Vehículo Privado,8,140980001181A,1409800012413,23,6090,6130,AP
Vehículo Privado,8,140980001256A,1409701800301,163,6145,5223,AP
Vehículo Privado,8,140980001270A,1409700353240,182,6156,5175,AP
Vehículo Privado,8,140980001320A,1409800011237,96,6198,6050,AP
Vehículo Privado,8,141010001065A,1403900011359,288,7030,111,AP
Vehículo Privado,8,141010001065A,1410100010931,144,7030,7051,AP
Vehículo Privado,8,141010001065A,1410100012020,144,7030,7128,AP
Vehículo Privado,8,141010001097A,1403900014476,109,7055,328,AP
Vehículo Privado,8,141010001108A,1403900012056,246,7065,174,AP
Vehículo Privado,8,141010001115A,1403900011556,109,7071,127,AP
Vehículo Privado,8,141010001115A,1410100260683,109,7071,7197,AP
Vehículo Privado,8,141010001147A,1410100011094,234,7095,7066,AP
Vehículo Privado,8,141010001147A,1410100012001,234,7095,7126,AP
Vehículo Privado,8,141010001147A,1410100091465,234,7095,7151,AP
Vehículo Privado,8,141010001250A,1409800010879,41,7143,6028,AP
Vehículo Privado,8,141010001250A,1409800011063,41,7143,6037,AP
Vehículo Privado,8,141010001250A,1410100010452,41,7143,7013,AP
Vehículo Privado,8,141010001250A,1410100010946,41,7143,7052,AP
Vehículo Privado,8,141010001250A,1412400940387,41,7143,9048,AP
Vehículo Privado,8,141010009211A,1403900011325,109,7169,108,AP
Vehículo Privado,8,141010027236A,1403900013529,23,7210,245,AP
Vehículo Privado,8,141010027236A,1409800010879,23,7210,6028,AP
Vehículo Privado,8,141010027236A,1410100011588,23,7210,7103,AP
Vehículo Privado,8,141200001027A,1412000015374,95,8006,8315,AP
Vehículo Privado,8,141200001066A,1403900010308,100,8018,18,AP
Vehículo Privado,8,141200001066A,1403900011359,100,8018,111,AP
Vehículo Privado,8,141200001066A,1403900011594,100,8018,131,AP
Vehículo Privado,8,141200001066A,1403900013957,100,8018,282,AP
Vehículo Privado,8,141200001066A,1403900015652,100,8018,440,AP
Vehículo Privado,8,141200001066A,1409800010031,75,8018,6001,AP
Vehículo Privado,8,141200001066A,1409800012555,163,8018,6144,AP
Vehículo Privado,8,141200001066A,1412000013166,300,8018,8160,AP
Vehículo Privado,8,141200001066A,1412000013965,200,8018,8215,AP
Vehículo Privado,8,141200001066A,1412000014376,100,8018,8246,AP
Vehículo Privado,8,141200001066A,1412000014431,100,8018,8252,AP
Vehículo Privado,8,141200001066A,1412000015463,200,8018,8318,AP
Vehículo Privado,8,141200001066A,141200001066A,138,8018,8018,AP
Vehículo Privado,8,141200001098A,1412000014060,95,8027,8219,AP
Vehículo Privado,8,141200001098A,1412000017046,95,8027,8409,AP
Vehículo Privado,8,141200001116A,1403900011109,88,8033,89,AP
Vehículo Privado,8,141200001116A,1403900011804,176,8033,149,AP
Vehículo Privado,8,141200001116A,1403900011857,88,8033,154,AP
Vehículo Privado,8,141200001116A,1403900014546,176,8033,335,AP
Vehículo Privado,8,141200001116A,1412000011225,176,8033,8038,AP
Vehículo Privado,8,141200001116A,1412000012914,88,8033,8137,AP
Vehículo Privado,8,141200001116A,1412000015266,88,8033,8305,AP
Vehículo Privado,8,141200001116A,1412000016550,88,8033,8372,AP
Vehículo Privado,8,141200001187A,1403900011359,178,8061,111,AP
Vehículo Privado,8,141200001187A,1412000012632,178,8061,8114,AP
Vehículo Privado,8,141200001187A,1412000012914,88,8061,8137,AP
Vehículo Privado,8,141200001237A,1412000015340,45,8090,8312,AP
Vehículo Privado,8,141200001244A,1403900010312,411,8097,19,AP
Vehículo Privado,8,141200001244A,1403900011170,137,8097,96,AP
Vehículo Privado,8,141200001244A,1412000011189,137,8097,8034,AP
Vehículo Privado,8,141200001244A,141200001422A,274,8097,8231,AP
Vehículo Privado,8,141200001251A,1412000010706,267,8104,8020,AP
Vehículo Privado,8,141200001251A,1412000015355,267,8104,8313,AP
Vehículo Privado,8,141200001290A,1403900011804,88,8136,149,AP
Vehículo Privado,8,141200001290A,1409800011646,88,8136,6076,AP
Vehículo Privado,8,141200001290A,1412000011193,264,8136,8035,AP
Vehículo Privado,8,141200001290A,1412000013306,88,8136,8171,AP
Vehículo Privado,8,141200001290A,1412000014605,88,8136,8269,AP
Vehículo Privado,8,141200001301A,1403900010350,200,8147,22,AP
Vehículo Privado,8,141200001301A,1403900011359,100,8147,111,AP
Vehículo Privado,8,141200001301A,1412000010706,100,8147,8020,AP
Vehículo Privado,8,141200001301A,140970180123A,29,8147,5225,AP
Vehículo Privado,8,141200001319A,1412000010212,110,8163,8001,AP
Vehículo Privado,8,141200001319A,1412000011009,178,8163,8029,AP
Vehículo Privado,8,141200001326A,1403900011626,110,8167,133,AP
Vehículo Privado,8,141200001326A,1403900014546,110,8167,335,AP
Vehículo Privado,8,141200001326A,1412000012929,110,8167,8138,AP
Vehículo Privado,8,141200001326A,1412000013397,110,8167,8176,AP
Vehículo Privado,8,141200001326A,141200001326A,110,8167,8167,AP
Vehículo Privado,8,141200001340A,999990006,38,8177,10005,AP
Vehículo Privado,8,141200001340A,1412000010706,38,8177,8020,AP
Vehículo Privado,8,141200001340A,1412000011155,38,8177,8032,AP
Vehículo Privado,8,141200001397A,141200157,19,8216,8460,AP
Vehículo Privado,8,141200001454A,999990001,534,8263,10006,AP
Vehículo Privado,8,141200001454A,1412000013166,267,8263,8160,AP
Vehículo Privado,8,141200001454A,1412000014573,534,8263,8266,AP
Vehículo Privado,8,141200001486A,1412002065054,48,8284,8462,AP
Vehículo Privado,8,141200001582A,1403900011043,534,8338,84,AP
Vehículo Privado,8,141200001582A,1403900011359,534,8338,111,AP
Vehículo Privado,8,141200001582A,1412000014376,267,8338,8246,AP
Vehículo Privado,8,141200001657A,1403900015652,29,8374,440,AP
Vehículo Privado,8,141200001657A,1409701801244,29,8374,5226,AP
Vehículo Privado,8,141200001657A,1409800010120,29,8374,6008,AP
Vehículo Privado,8,141200001657A,1412000015497,58,8374,8321,AP
Vehículo Privado,8,141200001657A,141200001066A,29,8374,8018,AP
Vehículo Privado,8,141200001689A,1412000016885,132,8401,8400,AP
Vehículo Privado,8,141200001707A,1409800012377,45,8412,6128,AP
Vehículo Privado,8,141200001739A,999990001,31,8437,10006,AP
Vehículo Privado,8,141200001739A,1403900014866,31,8437,363,AP
Vehículo Privado,8,141200001739A,1412000012609,31,8437,8111,AP
Vehículo Privado,8,141200001739A,1412000016550,62,8437,8372,AP
Vehículo Privado,8,141200001739A,1412000017046,31,8437,8409,AP
Vehículo Privado,8,141200001739A,1412007500316,31,8437,8525,AP
Vehículo Privado,8,141200206504A,141200087,3,8461,8452,AP
Vehículo Privado,8,141200206504A,999990003,12,8461,10003,AP
Vehículo Privado,8,141200206504A,999990004,3,8461,10001,AP
Vehículo Privado,8,141200206504A,1412000012346,6,8461,8087,AP
Vehículo Privado,8,141200206504A,1412000012789,3,8461,8126,AP
Vehículo Privado,8,141200206504A,1412000014291,3,8461,8238,AP
Vehículo Privado,8,141200231415A,1412000015482,24,8476,8320,AP
Vehículo Privado,8,141200231415A,1412000016550,48,8476,8372,AP
Vehículo Privado,8,141200231415A,141200001664A,48,8476,8381,AP
Vehículo Privado,8,141200231696A,1412000010405,264,8505,8011,AP
Vehículo Privado,8,141200758080A,141200123,59,8539,8455,AP
Vehículo Privado,8,141200758080A,1412000010918,59,8539,8024,AP
Vehículo Privado,8,141200758080A,1412000015482,59,8539,8320,AP
Vehículo Privado,8,141240001018A,141240090,21,9006,9047,AP
Vehículo Privado,8,141240001018A,999990004,35,9006,10001,AP
Vehículo Privado,8,141240001018A,1403900010312,35,9006,19,AP
Vehículo Privado,8,141240001018A,1412400010495,35,9006,9031,AP
Vehículo Privado,8,141240001018A,1412400010527,35,9006,9034,AP
Vehículo Privado,8,141240001018A,141240001018A,35,9006,9006,AP
Vehículo Privado,8,99999000A,1403900010030,75,10002,2,AP
Vehículo Privado,8,99999000A,1407000201382,59,10002,3079,AP
Vehículo Privado,8,99999000A,1409707771780,57,10002,5247,AP
Vehículo Privado,8,99999000A,1412000011193,88,10002,8035,AP
Vehículo Privado,8,99999000A,1412000012473,29,10002,8100,AP
Vehículo Privado,8,99999000A,1412000016300,45,10002,8360,AP
Vehículo Privado,8,99999000A,141200001657A,29,10002,8374,AP
Vehículo Privado,8,140440011,1404400100238,27,1031,1028,AP
Vehículo Privado,8,140440011,1404400100242,27,1031,1029,AP
Vehículo Privado,8,140440011,1404400540416,27,1031,1034,AP
Vehículo Privado,8,140440011,14097059A,27,1031,5241,AP
Vehículo Privado,8,140970104,140970015,19,5209,5060,AP
Vehículo Privado,8,140970123,1409700010918,20,5222,5009,AP
Vehículo Privado,8,140972308,140972308,484,5384,5384,AP
Vehículo Privado,8,140972416,1409700010918,15,5387,5009,AP
Vehículo Privado,8,140980243,140980243,15,6237,6237,AP
Vehículo Privado,8,140980243,1407000210721,15,6237,3081,AP
Vehículo Privado,8,140980243,140700021101A,15,6237,3088,AP
Vehículo Privado,8,141200087,141200001664A,3,8452,8381,AP
Vehículo Privado,8,1404400010098,140440026,10,1004,1032,AP
Vehículo Privado,8,1404400020115,1404400540416,7,1014,1034,AP
Vehículo Privado,8,1404400020153,999990005,7,1018,10004,AP
Vehículo Privado,8,1407000011503,1407000010702,59,3026,3015,AP
Vehículo Privado,8,1407000011503,1407000200242,59,3026,3068,AP
Vehículo Privado,8,1407000131429,1409800013214,96,3038,6199,AP
Vehículo Privado,8,1407000131448,1407000131429,96,3040,3038,AP
Vehículo Privado,8,1407000131448,1407000131448,96,3040,3040,AP
Vehículo Privado,8,1407000131448,1409800013214,96,3040,6199,AP
Vehículo Privado,8,1407000210736,1407000210721,15,3082,3081,AP
Vehículo Privado,8,1407000211005,1409800011063,15,3087,6037,AP
Vehículo Privado,8,1407001111363,1407001111378,59,3124,3125,AP
Vehículo Privado,8,1409700010918,1409700010922,15,5009,5010,AP
Vehículo Privado,8,1409700010922,1409700010922,15,5010,5010,AP
Vehículo Privado,8,1409700150227,1409700150960,10,5061,5069,AP
Vehículo Privado,8,1409700250354,1409700010212,51,5087,5003,AP
Vehículo Privado,8,1409700252399,1409700250354,104,5118,5087,AP
Vehículo Privado,8,1409700312789,1409700312789,10,5133,5133,AP
Vehículo Privado,8,1409700320829,1409700320284,104,5143,5139,AP
Vehículo Privado,8,1409700340250,1409700340250,19,5156,5156,AP
Vehículo Privado,8,1409700340373,1409700340250,38,5157,5156,AP
Vehículo Privado,8,1409704240570,1409701801244,38,5229,5226,AP
Vehículo Privado,8,1409704240570,1409704240443,38,5229,5228,AP
Vehículo Privado,8,1409704241761,1409704240443,38,5232,5228,AP
Vehículo Privado,8,1409706133927,1412000010636,94,5243,8015,AP
Vehículo Privado,8,1409707772365,1409700092810,114,5248,5051,AP
Vehículo Privado,8,1409708221530,1409708221530,242,5252,5252,AP
Vehículo Privado,8,1409708221530,1409708223471,242,5252,5282,AP
Vehículo Privado,8,1409708221583,1409708221530,242,5257,5252,AP
Vehículo Privado,8,1409708223043,1409708221598,242,5276,5258,AP
Vehículo Privado,8,1409708374200,1409708531672,242,5332,5356,AP
Vehículo Privado,8,1409708524179,140973679,54,5353,5390,AP
Vehículo Privado,8,1409800011824,1409800011398,23,6091,6061,AP
Vehículo Privado,8,1409800011951,1409800012659,489,6100,6153,AP
Vehículo Privado,8,1409800012216,1409800010262,178,6117,6009,AP
Vehículo Privado,8,1409800012555,1412000014501,76,6144,8259,AP
Vehículo Privado,8,1410100010471,1410100010471,41,7014,7014,AP
Vehículo Privado,8,1410100010927,1410100010931,144,7050,7051,AP
Vehículo Privado,8,1410100010950,1410100010927,144,7053,7050,AP
Vehículo Privado,8,1410100011268,1410100010378,18,7078,7007,AP
Vehículo Privado,8,1410100011268,1410100010490,18,7078,7016,AP
Vehículo Privado,8,1410100011268,1410100011643,18,7078,7109,AP
Vehículo Privado,8,1410100011268,141010001072A,18,7078,7034,AP
Vehículo Privado,8,1410100011554,1410100010679,41,7100,7031,AP
Vehículo Privado,8,1410100091465,1410100091465,218,7151,7151,AP
Vehículo Privado,8,1410100092213,141010009211A,109,7179,7169,AP
Vehículo Privado,8,1412000012261,1412000015548,96,8079,8324,AP
Vehículo Privado,8,1412000012312,1412000014573,49,8084,8266,AP
Vehículo Privado,8,1412000012454,1409800013290,38,8098,6204,AP
Vehículo Privado,8,1412000012454,1412000011526,38,8098,8045,AP
Vehículo Privado,8,1412000012454,1412000012488,38,8098,8101,AP
Vehículo Privado,8,1412000012793,1412000012755,48,8127,8124,AP
Vehículo Privado,8,1412000012793,141200001372A,48,8127,8203,AP
Vehículo Privado,8,1412000012844,1412000012755,96,8132,8124,AP
Vehículo Privado,8,1412000012863,1412000014520,19,8133,8261,AP
Vehículo Privado,8,1412000013518,1412000012863,19,8186,8133,AP
Vehículo Privado,8,1412000013556,1412000012295,49,8187,8082,AP
Vehículo Privado,8,1412000013791,1412000014291,48,8208,8238,AP
Vehículo Privado,8,1412000014323,1412000013062,48,8241,8151,AP
Vehículo Privado,8,1412000014516,1412000014516,163,8260,8260,AP
Vehículo Privado,8,1412000014520,1412000013289,49,8261,8169,AP
Vehículo Privado,8,1412000014662,1412000014662,49,8273,8273,AP
Vehículo Privado,8,1412000014677,1412000011278,49,8274,8039,AP
Vehículo Privado,8,1412000014677,1412000011723,49,8274,8052,AP
Vehículo Privado,8,1412000014677,1412000015209,49,8274,8302,AP
Vehículo Privado,8,1412000015158,1412000011634,48,8297,8047,AP
Vehículo Privado,8,1412000015158,1412000012280,48,8297,8081,AP
Vehículo Privado,8,1412000015158,1412000013039,48,8297,8148,AP
Vehículo Privado,8,1412000015158,1412000015158,48,8297,8297,AP
Vehículo Privado,8,1412000015228,1412000014677,49,8303,8274,AP
Vehículo Privado,8,1412000015552,1409800012042,76,8325,6105,AP
Vehículo Privado,8,1412000015552,1412000012454,114,8325,8098,AP
Vehículo Privado,8,1412000016300,1412000011742,90,8360,8053,AP
Vehículo Privado,8,1412000016391,1412000012863,49,8363,8133,AP
Vehículo Privado,8,1412000016584,1412000016620,31,8375,8379,AP
Vehículo Privado,8,1412000016620,1412002315887,31,8379,8489,AP
Vehículo Privado,8,1412000017031,1412000016512,62,8408,8368,AP
Vehículo Privado,8,1412001395980,1412002314179,24,8457,8478,AP
Vehículo Privado,8,1412002065054,140970104,3,8462,5209,AP
Vehículo Privado,8,1412002065054,141200087,3,8462,8452,AP
Vehículo Privado,8,1412002065054,1410100010452,3,8462,7013,AP
Vehículo Privado,8,1412002065054,1412002065054,15,8462,8462,AP
Vehículo Privado,8,1412002065054,141200001664A,15,8462,8381,AP
Vehículo Privado,8,1412002314145,141200231205A,24,8475,8467,AP
Vehículo Privado,8,1412002314179,1412001395980,24,8478,8457,AP
Vehículo Privado,8,1412002314179,1412002314164,24,8478,8477,AP
Vehículo Privado,8,1412002314179,1412002315887,24,8478,8489,AP
Vehículo Privado,8,1412002315779,1412002314164,24,8487,8477,AP
Vehículo Privado,8,1412004306940,1412004307421,177,8519,8521,AP
Vehículo Privado,8,1412004306955,1412004306955,59,8520,8520,AP
Vehículo Privado,8,1412401760160,141240090,3,9051,9047,AP
Vehículo Privado,8,140440002012A,1404400540401,7,1015,1033,AP
Vehículo Privado,8,140510001004A,140510001004A,2,2001,2001,AP
Vehículo Privado,8,140970032027A,1409700320829,104,5138,5143,AP
Vehículo Privado,8,140980001320A,1409800011237,96,6198,6050,AP
Vehículo Privado,8,141200206504A,141200087,6,8461,8452,AP
Vehículo Privado,8,141200206504A,1412002065054,6,8461,8462,AP
Vehículo Privado,8,141200206504A,141200001664A,3,8461,8381,AP
Vehículo Privado,8,140440011,1407000200242,27,1031,3068,AP
Vehículo Privado,8,140440011,14097059A,27,1031,5241,AP
Vehículo Privado,8,141012567,1410100220113,144,7232,7196,AP
Vehículo Privado,8,141200123,1412000011009,3,8455,8029,AP
Vehículo Privado,8,141240029,141240029,3,9042,9042,AP
Vehículo Privado,8,141240033,999990004,6,9043,10001,AP
Vehículo Privado,8,141240090,1412401760160,21,9047,9051,AP
Vehículo Privado,8,999990005,1410100260698,23,10004,7198,AP
Vehículo Privado,8,1403900010666,1412000011846,202,48,8058,AP
Vehículo Privado,8,1403900011170,1403900010863,111,96,67,AP
Vehículo Privado,8,1403900011429,1407000200257,249,118,3069,AP
Vehículo Privado,8,1403900012554,140700111133A,59,209,3121,AP
Vehículo Privado,8,1403900014033,1403900015328,163,290,408,AP
Vehículo Privado,8,1403900014283,1403900014283,249,314,314,AP
Vehículo Privado,8,1405100010054,1407000010702,59,2002,3015,AP
Vehículo Privado,8,1405100010069,1409701150886,59,2003,5211,AP
Vehículo Privado,8,1405100010139,1407000200191,2,2010,3066,AP
Vehículo Privado,8,1407000010098,1409701153363,59,3003,5219,AP
Vehículo Privado,8,1407000010134,99999000A,59,3007,10002,AP
Vehículo Privado,8,1407000130401,1407000130401,2,3033,3033,AP
Vehículo Privado,8,1407000140469,1412000010689,63,3051,8019,AP
Vehículo Privado,8,1407000201397,1407000200257,59,3080,3069,AP
Vehículo Privado,8,1407001211518,1407000200257,23,3127,3069,AP
Vehículo Privado,8,1407001211518,1407000211128,23,3127,3092,AP
Vehículo Privado,8,1409700053166,140973679,38,5045,5390,AP
Vehículo Privado,8,1409700053166,1407000200257,19,5045,3069,AP
Vehículo Privado,8,1409700340250,1409700340250,54,5156,5156,AP
Vehículo Privado,8,1409708432647,1409704241761,188,5334,5232,AP
Vehículo Privado,8,1409708634126,1409700411263,57,5368,5193,AP
Vehículo Privado,8,1409708634145,99999000A,57,5369,10002,AP
Vehículo Privado,8,1409800010046,1409800010084,492,6002,6005,AP
Vehículo Privado,8,1409800011222,14097059A,227,6049,5241,AP
Vehículo Privado,8,1409800012358,1403900013783,326,6126,266,AP
Vehículo Privado,8,1409800012358,1409700340250,163,6126,5156,AP
Vehículo Privado,8,1409800012714,1403900011448,91,6157,120,AP
Vehículo Privado,8,1409800013182,1409800010506,178,6196,6017,AP
Vehículo Privado,8,1410100011268,1410100010927,18,7078,7050,AP
Vehículo Privado,8,1410100011554,1410100011554,23,7100,7100,AP
Vehículo Privado,8,1412000010975,1412000016847,31,8026,8396,AP
Vehículo Privado,8,1412000012257,1412000010405,96,8078,8011,AP
Vehículo Privado,8,1412000012257,1412000016599,96,8078,8376,AP
Vehículo Privado,8,1412000012825,1403900013088,96,8130,232,AP
Vehículo Privado,8,1412000012948,1403900010365,88,8140,23,AP
Vehículo Privado,8,1412000012948,141200001116A,88,8140,8033,AP
Vehículo Privado,8,1412000013113,1412000012346,48,8155,8087,AP
Vehículo Privado,8,1412000014431,999990006,267,8252,10005,AP
Vehículo Privado,8,1412000015552,1412000016758,38,8325,8387,AP
Vehículo Privado,8,1412000016635,1412000010405,132,8380,8011,AP
Vehículo Privado,8,1412000016758,1409800011434,91,8387,6063,AP
Vehículo Privado,8,1412000016758,1412000620176,264,8387,8446,AP
Vehículo Privado,8,1412000016885,1412000016758,264,8400,8387,AP
Vehículo Privado,8,1412002065054,1412000010373,3,8462,8009,AP
Vehículo Privado,8,1412002314164,1412001395980,24,8477,8457,AP
Vehículo Privado,8,1412004307421,1412000010405,59,8521,8011,AP
Vehículo Privado,8,1412007580496,1412007580496,59,8531,8531,AP
Vehículo Privado,8,1412400010175,1412401760160,3,9005,9051,AP
Vehículo Privado,8,1412401760160,141240090,6,9051,9047,AP
Vehículo Privado,8,140440002012A,14097059A,7,1015,5241,AP
Vehículo Privado,8,140510001004A,1404400050257,2,2001,1024,AP
Vehículo Privado,8,140510001004A,1407000200191,2,2001,3066,AP
Vehículo Privado,8,140510001004A,1407000200257,2,2001,3069,AP
Vehículo Privado,8,14097059A,1404400540401,27,5241,1033,AP
Vehículo Privado,8,140980001053A,1403900014033,48,6019,290,AP
Vehículo Privado,8,141010001147A,1410100011022,468,7095,7060,AP
Vehículo Privado,8,141200001447A,1412000015444,45,8256,8316,AP
Vehículo Privado,8,141200001536A,1412000011846,95,8314,8058,AP
Vehículo Privado,8,140440026,1404400010100,10,1032,1005,AP
Vehículo Privado,8,140980012,1409800140027,38,6216,6217,AP
Vehículo Privado,8,141240029,1412400010495,3,9042,9031,AP
Vehículo Privado,8,1403900010030,1412000014198,75,2,8228,AP
Vehículo Privado,8,1403900010469,141200001319A,452,32,8163,AP
Vehículo Privado,8,1403900010524,1403900010859,226,37,66,AP
Vehículo Privado,8,1403900010524,1412000011225,226,37,8038,AP
Vehículo Privado,8,1403900010539,140390001172A,249,38,143,AP
Vehículo Privado,8,1403900010577,1403900010577,75,41,41,AP
Vehículo Privado,8,1403900010609,1412000013166,75,43,8160,AP
Vehículo Privado,8,1403900010651,1412000010373,202,47,8009,AP
Vehículo Privado,8,1403900010666,1403900010365,404,48,23,AP
Vehículo Privado,8,1403900010736,1403900010350,202,55,22,AP
Vehículo Privado,8,1403900011166,1403900013834,111,95,271,AP
Vehículo Privado,8,1403900011217,1403900010149,249,100,8,AP
Vehículo Privado,8,1403900011293,1403900014917,75,105,368,AP
Vehículo Privado,8,1403900011715,1403900010863,246,142,67,AP
Vehículo Privado,8,1403900011715,1403900013800,246,142,268,AP
Vehículo Privado,8,1403900012200,1409800012413,111,184,6130,AP
Vehículo Privado,8,1403900012319,1403900012319,144,193,193,AP
Vehículo Privado,8,1403900012319,1409800010101,246,193,6006,AP
Vehículo Privado,8,1403900012376,1403900012179,238,197,182,AP
Vehículo Privado,8,1403900012569,1403900012569,96,210,210,AP
Vehículo Privado,8,1403900012569,1403900013980,111,210,285,AP
Vehículo Privado,8,1403900013321,1412000012967,119,237,8142,AP
Vehículo Privado,8,1403900013321,1412000015463,119,237,8318,AP
Vehículo Privado,8,1403900013726,1403900013514,48,262,244,AP
Vehículo Privado,8,1403900013980,1403900015366,111,285,412,AP
Vehículo Privado,8,1403900014033,1403900015366,163,290,412,AP
Vehículo Privado,8,1403900014052,1409800012377,119,292,6128,AP
Vehículo Privado,8,1403900014090,1412000013151,202,296,8159,AP
Vehículo Privado,8,1403900014476,1403900011378,234,328,113,AP
Vehículo Privado,8,1403900014669,1403900014673,227,347,348,AP
Vehículo Privado,8,1403900015008,140390001083A,249,377,64,AP
Vehículo Privado,8,1403900015281,1403900013834,111,404,271,AP
Vehículo Privado,8,1403900015366,1403900011359,163,412,111,AP
Vehículo Privado,8,1403900015436,1403900012501,163,419,204,AP
Vehículo Privado,8,1403900015474,1403900011378,227,422,113,AP
Vehículo Privado,8,1403900015506,1403900015506,163,425,425,AP
Vehículo Privado,8,1409700010918,1409700463876,15,5009,5207,AP
Vehículo Privado,8,1409700010941,1409700010195,15,5012,5001,AP
Vehículo Privado,8,1409700013113,1409700250763,15,5031,5094,AP
Vehículo Privado,8,1409700092863,1409700092810,57,5056,5051,AP
Vehículo Privado,8,1409700150227,1409700012100,10,5061,5022,AP
Vehículo Privado,8,1409700150227,1409708623414,10,5061,5366,AP
Vehículo Privado,8,1409700150227,140390001101A,20,5061,81,AP
Vehículo Privado,8,1409700320053,1409700010918,104,5135,5009,AP
Vehículo Privado,8,1409708432670,1412000010636,94,5337,8015,AP
Vehículo Privado,8,1409708622914,1403900012569,94,5363,210,AP
Vehículo Privado,8,1409800010046,1403900012319,246,6002,193,AP
Vehículo Privado,8,1409800010084,1403900013976,246,6005,284,AP
Vehículo Privado,8,1409800010101,1403900012319,246,6006,193,AP
Vehículo Privado,8,1409800011222,1409800010671,227,6049,6021,AP
Vehículo Privado,8,1409800011434,1409800011260,91,6063,6053,AP
Vehículo Privado,8,1409800011576,1403900015366,23,6072,412,AP
Vehículo Privado,8,1409800011769,1409800011345,178,6085,6056,AP
Vehículo Privado,8,1409800012131,140390001539A,91,6111,415,AP
Vehículo Privado,8,1409800012150,1403900012728,23,6112,224,AP
Vehículo Privado,8,1409800012150,1409700010918,23,6112,5009,AP
Vehículo Privado,8,1409800012150,1409800012451,23,6112,6134,AP
Vehículo Privado,8,1409800012485,1403900013711,48,6137,261,AP
Vehículo Privado,8,1409800012485,1403900014673,227,6137,348,AP
Vehículo Privado,8,1409800012714,1412000010706,91,6157,8020,AP
Vehículo Privado,8,1409800012856,1409800012841,23,6171,6170,AP
Vehículo Privado,8,1409800013267,1409700350138,91,6201,5169,AP
Vehículo Privado,8,1410100010151,1403900014832,36,7002,360,AP
Vehículo Privado,8,1410100010611,141010001097A,109,7026,7055,AP
Vehículo Privado,8,1410100010679,141010001097A,41,7031,7055,AP
Vehículo Privado,8,1410100010927,1410100010147,18,7050,7001,AP
Vehículo Privado,8,1410100011395,1410100010946,246,7089,7052,AP
Vehículo Privado,8,1410100012016,1403900011594,234,7127,131,AP
Vehículo Privado,8,1410100092213,1403900010261,109,7179,14,AP
Vehículo Privado,8,1410100092213,1403900014086,109,7179,295,AP
Vehículo Privado,8,1410100092213,1403900014870,109,7179,364,AP
Vehículo Privado,8,1412000010227,1412000013293,178,8002,8170,AP
Vehículo Privado,8,1412000010231,1412000011206,178,8003,8036,AP
Vehículo Privado,8,1412000010231,1412000013293,178,8003,8170,AP
Vehículo Privado,8,1412000010405,141200001290A,178,8011,8136,AP
Vehículo Privado,8,1412000010617,1412000014605,110,8014,8269,AP
Vehículo Privado,8,1412000010636,1412000011189,100,8015,8034,AP
Vehículo Privado,8,1412000010890,1403900010562,137,8023,40,AP
Vehículo Privado,8,1412000010890,1403900010863,137,8023,67,AP
Vehículo Privado,8,1412000011032,140390001101A,137,8030,81,AP
Vehículo Privado,8,1412000011206,1412000011225,19,8036,8038,AP
Vehículo Privado,8,1412000011206,1412000013575,19,8036,8189,AP
Vehículo Privado,8,1412000011297,1412000011278,267,8041,8039,AP
Vehículo Privado,8,1412000011850,141200001098A,178,8059,8027,AP
Vehículo Privado,8,1412000011935,1412000015815,267,8066,8337,AP
Vehículo Privado,8,1412000012280,1412000011121,137,8081,8031,AP
Vehículo Privado,8,1412000012399,1403900011132,96,8092,92,AP
Vehículo Privado,8,1412000012488,1409700201013,58,8101,5079,AP
Vehículo Privado,8,1412000012613,1403900011005,178,8112,80,AP
Vehículo Privado,8,1412000012971,141200001098A,100,8143,8027,AP
Vehículo Privado,8,1412000013236,1412000014249,178,8166,8233,AP
Vehículo Privado,8,1412000013236,1412000015478,178,8166,8319,AP
Vehículo Privado,8,1412000014304,1412000013293,96,8239,8170,AP
Vehículo Privado,8,1412000014412,1412000014836,100,8250,8281,AP
Vehículo Privado,8,1412000014516,1412000012492,163,8260,8102,AP
Vehículo Privado,8,1412000014643,1412000014605,49,8271,8269,AP
Vehículo Privado,8,1412000014662,1403900010952,49,8273,75,AP
Vehículo Privado,8,1412000014978,1412000011121,192,8292,8031,AP
Vehículo Privado,8,1412000015355,1412000011206,45,8313,8036,AP
Vehículo Privado,8,1412000015849,1403900013143,95,8340,233,AP
Vehículo Privado,8,1412000016635,1412000014198,132,8380,8228,AP
Vehículo Privado,8,1412000016809,1412000013293,220,8392,8170,AP
Vehículo Privado,8,1412000016832,1412000016599,110,8395,8376,AP
Vehículo Privado,8,1412000016832,1412000016758,110,8395,8387,AP
Vehículo Privado,8,1412000017031,1412000012632,31,8408,8114,AP
Vehículo Privado,8,1412000017031,1412000016584,31,8408,8375,AP
Vehículo Privado,8,1412000017366,1412000013147,45,8434,8158,AP
Vehículo Privado,8,1412002065054,1403900014832,3,8462,360,AP
Vehículo Privado,8,1412002434709,1412002434713,13,8516,8517,AP
Vehículo Privado,8,1412401760160,141240090,3,9051,9047,AP
Vehículo Privado,8,140390001119A,140390001083A,111,98,64,AP
Vehículo Privado,8,140390001464A,1403900011378,163,345,113,AP
Vehículo Privado,8,140510001004A,1407000010045,2,2001,3002,AP
Vehículo Privado,8,140980001053A,1403900012427,96,6019,201,AP
Vehículo Privado,8,141010001097A,141010001097A,23,7055,7055,AP
Vehículo Privado,8,141200001066A,1403900011359,100,8018,111,AP
Vehículo Privado,8,141200001066A,1403900011804,100,8018,149,AP
Vehículo Privado,8,141200001326A,1412000013664,110,8167,8197,AP
Vehículo Privado,8,141200001657A,141200001066A,29,8374,8018,AP
