Modo,Hora_inicio,Origen,Destino,Ponderador,Origen_ageb,Destino_ageb,Periodo
Transporte Público,18,140440011,140440011,6,1031,1031,PP
Transporte Público,18,140440011,999990005,6,1031,10004,PP
Transporte Público,18,140440011,1404400020134,7,1031,1016,PP
Transporte Público,18,140440011,1404400540401,15,1031,1033,PP
Transporte Público,18,140440011,1404400540416,15,1031,1034,PP
Transporte Público,18,140440011,1407000641306,33,1031,3118,PP
Transporte Público,18,140440011,1409707771780,32,1031,5247,PP
Transporte Público,18,140440011,1409800011190,125,1031,6046,PP
Transporte Público,18,140510016,1407000011503,33,2019,3026,PP
Transporte Público,18,140510016,1410100260683,13,2019,7197,PP
Transporte Público,18,140510016,1410100312317,13,2019,7211,PP
Transporte Público,18,140970015,140970015,11,5060,5060,PP
Transporte Público,18,140970015,1409700312774,6,5060,5132,PP
Transporte Público,18,140970015,1409800143229,59,5060,6230,PP
Transporte Público,18,140970104,1409700010922,9,5209,5010,PP
Transporte Público,18,140970123,1409700150710,6,5222,5066,PP
Transporte Público,18,140970123,1409700150956,6,5222,5068,PP
Transporte Público,18,140970602,140970602,59,5242,5242,PP
Transporte Público,18,140970602,140980012,59,5242,6216,PP
Transporte Público,18,140970602,1403900012802,59,5242,227,PP
Transporte Público,18,140970602,1409700201013,59,5242,5079,PP
Transporte Público,18,140970602,1409700320180,59,5242,5136,PP
Transporte Público,18,140970602,1409708222469,136,5242,5274,PP
Transporte Público,18,140970602,1409800011256,52,5242,6052,PP
Transporte Público,18,140972308,1409708714060,54,5384,5372,PP
Transporte Público,18,140972308,1409708744022,272,5384,5375,PP
Transporte Público,18,140972308,1409800012714,52,5384,6157,PP
Transporte Público,18,140972308,1409800012752,13,5384,6161,PP
Transporte Público,18,140972416,1409700010937,15,5387,5011,PP
Transporte Público,18,140980012,1409700010937,9,6216,5011,PP
Transporte Público,18,140980012,1409700201013,21,6216,5079,PP
Transporte Público,18,140980012,1409700320053,26,6216,5135,PP
Transporte Público,18,140980012,1409700321189,59,6216,5149,PP
Transporte Público,18,140980012,1409704241761,59,6216,5232,PP
Transporte Público,18,140980012,1409800011928,85,6216,6099,PP
Transporte Público,18,140980012,1409800141129,72,6216,6219,PP
Transporte Público,18,140980012,1409800142023,59,6216,6221,PP
Transporte Público,18,140980012,1409800143159,21,6216,6228,PP
Transporte Público,18,140980012,140970025080A,59,6216,5098,PP
Transporte Público,18,140980243,140980243,9,6237,6237,PP
Transporte Público,18,140980243,1407000210967,27,6237,3086,PP
Transporte Público,18,140980243,1407000430806,10,6237,3105,PP
Transporte Público,18,140980243,1409800010084,9,6237,6005,PP
Transporte Público,18,140980243,1409800011063,9,6237,6037,PP
Transporte Público,18,140980243,1409800012428,18,6237,6131,PP
Transporte Público,18,140980243,1410100011569,9,6237,7101,PP
Transporte Público,18,140980243,1412000011441,152,6237,8043,PP
Transporte Público,18,140980243,140700021101A,9,6237,3088,PP
Transporte Público,18,140980243,140980001320A,54,6237,6198,PP
Transporte Público,18,141011959,1410100010147,10,7229,7001,PP
Transporte Público,18,141011959,1410100010861,82,7229,7046,PP
Transporte Público,18,141011959,1410100011766,82,7229,7115,PP
Transporte Público,18,141011959,1410100091465,62,7229,7151,PP
Transporte Público,18,141011959,141010001115A,62,7229,7071,PP
Transporte Público,18,141011963,141011963,10,7230,7230,PP
Transporte Público,18,141011963,1403900011359,10,7230,111,PP
Transporte Público,18,141011963,1410100010931,62,7230,7051,PP
Transporte Público,18,141011963,1410100010946,82,7230,7052,PP
Transporte Público,18,141011963,1410100011573,13,7230,7102,PP
Transporte Público,18,141011963,1410100011982,62,7230,7124,PP
Transporte Público,18,141011963,1410100091465,62,7230,7151,PP
Transporte Público,18,141012552,1407000140810,36,7231,3058,PP
Transporte Público,18,141012567,1407001211518,52,7232,3127,PP
Transporte Público,18,141200068,1412007570439,33,8451,8529,PP
Transporte Público,18,141200068,1412007580759,33,8451,8537,PP
Transporte Público,18,141200087,1412002065054,2,8452,8462,PP
Transporte Público,18,141200087,141200206504A,4,8452,8461,PP
Transporte Público,18,141200123,141200123,33,8455,8455,PP
Transporte Público,18,141200123,1409708223749,242,8455,5290,PP
Transporte Público,18,141200123,1412002065054,2,8455,8462,PP
Transporte Público,18,141200123,1412007580509,33,8455,8532,PP
Transporte Público,18,141200142,1412002434709,7,8459,8516,PP
Transporte Público,18,141205567,1412000011206,11,8546,8036,PP
Transporte Público,18,141205567,1412000012242,77,8546,8077,PP
Transporte Público,18,141205567,1412000016550,53,8546,8372,PP
Transporte Público,18,141205567,1412000016885,75,8546,8400,PP
Transporte Público,18,141240029,141240029,4,9042,9042,PP
Transporte Público,18,141240029,1410100010147,10,9042,7001,PP
Transporte Público,18,141240033,141240033,2,9043,9043,PP
Transporte Público,18,141240033,141240071,2,9043,9045,PP
Transporte Público,18,141240071,1412400010512,20,9045,9033,PP
Transporte Público,18,141240090,1410100312317,13,9047,7211,PP
Transporte Público,18,999990001,141200142,14,10006,8459,PP
Transporte Público,18,999990001,999990001,131,10006,10006,PP
Transporte Público,18,999990001,1409708714056,55,10006,5371,PP
Transporte Público,18,999990001,1412000010617,62,10006,8014,PP
Transporte Público,18,999990001,1412000011193,88,10006,8035,PP
Transporte Público,18,999990001,1412002434713,14,10006,8517,PP
Transporte Público,18,999990005,140440026,12,10004,1032,PP
Transporte Público,18,999990005,141240090,2,10004,9047,PP
Transporte Público,18,999990005,1404400010098,54,10004,1004,PP
Transporte Público,18,999990005,1404400010280,12,10004,1006,PP
Transporte Público,18,999990005,1404400020115,8,10004,1014,PP
Transporte Público,18,999990005,1404400020346,8,10004,1022,PP
Transporte Público,18,999990005,1407000130327,36,10004,3030,PP
Transporte Público,18,999990005,1409700053503,11,10004,5047,PP
Transporte Público,18,999990005,1409700053768,22,10004,5050,PP
Transporte Público,18,999990005,1409700092810,32,10004,5051,PP
Transporte Público,18,999990005,1409700092844,32,10004,5054,PP
Transporte Público,18,999990005,1409707771780,32,10004,5247,PP
Transporte Público,18,999990005,1409707772365,32,10004,5248,PP
Transporte Público,18,999990005,1410100260683,13,10004,7197,PP
Transporte Público,18,999990005,140440002012A,12,10004,1015,PP
Transporte Público,18,999990005,140700014044A,36,10004,3049,PP
Transporte Público,18,999990005,14097059A,32,10004,5241,PP
Transporte Público,18,999990005,140970777244A,32,10004,5250,PP
Transporte Público,18,999990005,141200758080A,33,10004,8539,PP
Transporte Público,18,999990006,1404400540435,15,10005,1036,PP
Transporte Público,18,999990006,1409700010937,10,10005,5011,PP
Transporte Público,18,999990006,1409700340250,22,10005,5156,PP
Transporte Público,18,999990006,140440010037A,15,10005,1030,PP
Transporte Público,18,1403900010030,1407000140825,36,2,3059,PP
Transporte Público,18,1403900010030,1409701151992,33,2,5215,PP
Transporte Público,18,1403900010030,1410100312317,13,2,7211,PP
Transporte Público,18,1403900010030,1410101902374,23,2,7224,PP
Transporte Público,18,1403900010030,1412000012401,54,2,8093,PP
Transporte Público,18,1403900010030,1412000015177,48,2,8299,PP
Transporte Público,18,1403900010115,1403900010986,202,6,78,PP
Transporte Público,18,1403900010115,1407000140825,36,6,3059,PP
Transporte Público,18,1403900010115,1410100010522,62,6,7019,PP
Transporte Público,18,1403900010149,1403900011359,114,8,111,PP
Transporte Público,18,1403900010153,1403900011359,228,9,111,PP
Transporte Público,18,1403900010238,1403900011170,128,13,96,PP
Transporte Público,18,1403900010238,1403900013834,63,13,271,PP
Transporte Público,18,1403900010276,1403900011359,128,15,111,PP
Transporte Público,18,1403900010276,1403900011397,128,15,115,PP
Transporte Público,18,1403900010276,140390001083A,128,15,64,PP
Transporte Público,18,1403900010280,1412000010405,43,16,8011,PP
Transporte Público,18,1403900010308,1403900015578,93,18,432,PP
Transporte Público,18,1403900010308,1412000013005,56,18,8146,PP
Transporte Público,18,1403900010308,140980001256A,93,18,6145,PP
Transporte Público,18,1403900010312,1412000014287,27,19,8237,PP
Transporte Público,18,1403900010312,1412007580744,33,19,8536,PP
Transporte Público,18,1403900010346,1409709033908,52,21,5381,PP
Transporte Público,18,1403900010346,1409800011434,91,21,6063,PP
Transporte Público,18,1403900010346,1409800012733,91,21,6159,PP
Transporte Público,18,1403900010346,1412000010354,137,21,8007,PP
Transporte Público,18,1403900010346,1412000011795,178,21,8055,PP
Transporte Público,18,1403900010346,1412000011812,178,21,8057,PP
Transporte Público,18,1403900010346,1412000014249,178,21,8233,PP
Transporte Público,18,1403900010350,1412000015162,27,22,8298,PP
Transporte Público,18,1403900010365,140980012,104,23,6216,PP
Transporte Público,18,1403900010365,1403900010083,114,23,5,PP
Transporte Público,18,1403900010365,1403900010882,140,23,69,PP
Transporte Público,18,1403900010365,1407001211518,13,23,3127,PP
Transporte Público,18,1403900010365,1409800011398,26,23,6061,PP
Transporte Público,18,1403900010365,1409800012199,126,23,6115,PP
Transporte Público,18,1403900010365,1409800142019,59,23,6220,PP
Transporte Público,18,1403900010365,1409800143229,104,23,6230,PP
Transporte Público,18,1403900010365,1410100010700,131,23,7032,PP
Transporte Público,18,1403900010365,1410100091677,62,23,7155,PP
Transporte Público,18,1403900010365,1412000015143,27,23,8296,PP
Transporte Público,18,1403900010399,1403900010717,114,26,53,PP
Transporte Público,18,1403900010399,1403900013891,226,26,276,PP
Transporte Público,18,1403900010435,1403900010454,63,29,31,PP
Transporte Público,18,1403900010435,1403900010755,63,29,57,PP
Transporte Público,18,1403900010435,1403900014809,114,29,357,PP
Transporte Público,18,1403900010435,1409800011383,26,29,6060,PP
Transporte Público,18,1403900010435,141200001422A,63,29,8231,PP
Transporte Público,18,1403900010454,1403900010454,128,31,31,PP
Transporte Público,18,1403900010454,1403900011132,128,31,92,PP
Transporte Público,18,1403900010454,140390001119A,128,31,98,PP
Transporte Público,18,1403900010469,1403900011293,128,32,105,PP
Transporte Público,18,1403900010469,1403900011359,256,32,111,PP
Transporte Público,18,1403900010505,140390001119A,128,35,98,PP
Transporte Público,18,1403900010539,1403900010539,140,38,38,PP
Transporte Público,18,1403900010539,1403900010882,140,38,69,PP
Transporte Público,18,1403900010577,1409700053575,12,41,5049,PP
Transporte Público,18,1403900010596,1410100010147,10,42,7001,PP
Transporte Público,18,1403900010609,1407000431147,9,43,3115,PP
Transporte Público,18,1403900010613,1410100091802,62,44,7159,PP
Transporte Público,18,1403900010632,1403900010115,114,45,6,PP
Transporte Público,18,1403900010651,1407000140276,13,47,3046,PP
Transporte Público,18,1403900010651,1409700381827,136,47,5184,PP
Transporte Público,18,1403900010651,1409708221564,242,47,5255,PP
Transporte Público,18,1403900010651,1409708332933,136,47,5316,PP
Transporte Público,18,1403900010651,1409800011383,13,47,6060,PP
Transporte Público,18,1403900010651,1409800012767,23,47,6162,PP
Transporte Público,18,1403900010651,1412000012257,96,47,8078,PP
Transporte Público,18,1403900010651,1412000012774,96,47,8125,PP
Transporte Público,18,1403900010666,1409800012362,163,48,6127,PP
Transporte Público,18,1403900010666,1412000012401,54,48,8093,PP
Transporte Público,18,1403900010666,1412000015162,27,48,8298,PP
Transporte Público,18,1403900010685,1407000140844,36,50,3061,PP
Transporte Público,18,1403900010736,1403900013656,114,55,256,PP
Transporte Público,18,1403900010736,1407000430295,114,55,3096,PP
Transporte Público,18,1403900010755,1403900010399,63,57,26,PP
Transporte Público,18,1403900010755,1403900012427,63,57,201,PP
Transporte Público,18,1403900010755,1410100011164,82,57,7072,PP
Transporte Público,18,1403900010755,1410100341978,82,57,7214,PP
Transporte Público,18,1403900010755,140390001496A,63,57,373,PP
Transporte Público,18,1403900010774,1403900011630,63,58,134,PP
Transporte Público,18,1403900010789,1409708221530,136,59,5252,PP
Transporte Público,18,1403900010789,1409800010991,23,59,6033,PP
Transporte Público,18,1403900010806,1403900011363,140,61,112,PP
Transporte Público,18,1403900010806,1409800011237,55,61,6050,PP
Transporte Público,18,1403900010810,1403900010505,128,62,35,PP
Transporte Público,18,1403900010825,1403900011378,280,63,113,PP
Transporte Público,18,1403900010825,1412000015482,140,63,8320,PP
Transporte Público,18,1403900010825,140390001119A,140,63,98,PP
Transporte Público,18,1403900010844,1403900013800,131,65,268,PP
Transporte Público,18,1403900010859,1403900011005,140,66,80,PP
Transporte Público,18,1403900010863,1403900010238,128,67,13,PP
Transporte Público,18,1403900010863,1403900010276,128,67,15,PP
Transporte Público,18,1403900010863,1403900010469,128,67,32,PP
Transporte Público,18,1403900010863,1403900011683,140,67,139,PP
Transporte Público,18,1403900010863,1403900013482,226,67,242,PP
Transporte Público,18,1403900010863,1403900014300,131,67,316,PP
Transporte Público,18,1403900010863,1403900014921,226,67,369,PP
Transporte Público,18,1403900010863,1403900015099,131,67,386,PP
Transporte Público,18,1403900010863,1409700250462,51,67,5090,PP
Transporte Público,18,1403900010863,1409800010370,23,67,6014,PP
Transporte Público,18,1403900010863,1410100010147,10,67,7001,PP
Transporte Público,18,1403900010863,1410100010151,10,67,7002,PP
Transporte Público,18,1403900010863,1410100011003,82,67,7058,PP
Transporte Público,18,1403900010863,1412000011206,19,67,8036,PP
Transporte Público,18,1403900010863,1412000011812,178,67,8057,PP
Transporte Público,18,1403900010863,1412000012280,137,67,8081,PP
Transporte Público,18,1403900010863,1412000013039,96,67,8148,PP
Transporte Público,18,1403900010863,1412000014268,96,67,8235,PP
Transporte Público,18,1403900010863,1412000015478,178,67,8319,PP
Transporte Público,18,1403900010863,1412000015548,96,67,8324,PP
Transporte Público,18,1403900010863,1412000016620,18,67,8379,PP
Transporte Público,18,1403900010863,1412000620161,75,67,8445,PP
Transporte Público,18,1403900010863,1412002314164,14,67,8477,PP
Transporte Público,18,1403900010863,140390001507A,131,67,384,PP
Transporte Público,18,1403900010882,1403900010539,140,69,38,PP
Transporte Público,18,1403900010882,1403900011170,140,69,96,PP
Transporte Público,18,1403900010882,1410100010537,10,69,7020,PP
Transporte Público,18,1403900010882,1412000014836,140,69,8281,PP
Transporte Público,18,1403900010897,1410100010537,10,70,7020,PP
Transporte Público,18,1403900010929,1410100010471,23,72,7014,PP
Transporte Público,18,1403900010933,1403900014546,43,73,335,PP
Transporte Público,18,1403900010933,1412000012280,77,73,8081,PP
Transporte Público,18,1403900010948,1409800012199,125,74,6115,PP
Transporte Público,18,1403900010952,1403900010454,128,75,31,PP
Transporte Público,18,1403900010967,1403900011397,114,76,115,PP
Transporte Público,18,1403900010967,1409700353734,96,76,5178,PP
Transporte Público,18,1403900010967,1409700353772,96,76,5179,PP
Transporte Público,18,1403900010967,1409708714056,54,76,5371,PP
Transporte Público,18,1403900010986,1403900011630,202,78,134,PP
Transporte Público,18,1403900010986,1403900011804,114,78,149,PP
Transporte Público,18,1403900011005,1403900010882,140,80,69,PP
Transporte Público,18,1403900011005,1403900012268,136,80,188,PP
Transporte Público,18,1403900011005,1409800010953,178,80,6029,PP
Transporte Público,18,1403900011005,1409800011063,1068,80,6037,PP
Transporte Público,18,1403900011005,1410100010541,131,80,7021,PP
Transporte Público,18,1403900011005,1410100011126,23,80,7068,PP
Transporte Público,18,1403900011005,1410100011200,13,80,7076,PP
Transporte Público,18,1403900011005,1412000012666,101,80,8117,PP
Transporte Público,18,1403900011005,1412000012793,240,80,8127,PP
Transporte Público,18,1403900011005,1412000014215,75,80,8230,PP
Transporte Público,18,1403900011005,1412000015162,48,80,8298,PP
Transporte Público,18,1403900011005,1412000016724,18,80,8384,PP
Transporte Público,18,1403900011005,1412000016847,18,80,8396,PP
Transporte Público,18,1403900011024,1403900010755,114,82,57,PP
Transporte Público,18,1403900011043,1412000011193,49,84,8035,PP
Transporte Público,18,1403900011043,1412000011206,11,84,8036,PP
Transporte Público,18,1403900011062,1403900011397,111,85,115,PP
Transporte Público,18,1403900011096,1403900010774,111,88,58,PP
Transporte Público,18,1403900011096,1405100010054,33,88,2002,PP
Transporte Público,18,1403900011096,1407000430308,36,88,3097,PP
Transporte Público,18,1403900011096,1412000012488,16,88,8101,PP
Transporte Público,18,1403900011109,1403900011077,43,89,86,PP
Transporte Público,18,1403900011113,1403900010539,140,90,38,PP
Transporte Público,18,1403900011132,1403900010064,202,92,4,PP
Transporte Público,18,1403900011132,1403900010505,128,92,35,PP
Transporte Público,18,1403900011132,1403900011429,249,92,118,PP
Transporte Público,18,1403900011132,1403900011683,140,92,139,PP
Transporte Público,18,1403900011132,1403900011734,131,92,144,PP
Transporte Público,18,1403900011132,1403900013177,140,92,234,PP
Transporte Público,18,1403900011132,1403900014245,280,92,310,PP
Transporte Público,18,1403900011132,1410100010700,131,92,7032,PP
Transporte Público,18,1403900011132,1410100010787,131,92,7040,PP
Transporte Público,18,1403900011132,1410100010931,144,92,7051,PP
Transporte Público,18,1403900011132,1410100010999,144,92,7057,PP
Transporte Público,18,1403900011132,1410100011766,82,92,7115,PP
Transporte Público,18,1403900011132,1412000011121,178,92,8031,PP
Transporte Público,18,1403900011132,1412000012647,178,92,8115,PP
Transporte Público,18,1403900011132,1412000013185,178,92,8162,PP
Transporte Público,18,1403900011147,1412000012280,77,93,8081,PP
Transporte Público,18,1403900011147,1412000016832,172,93,8395,PP
Transporte Público,18,1403900011166,1410100011268,10,95,7078,PP
Transporte Público,18,1403900011170,1403900010204,256,96,11,PP
Transporte Público,18,1403900011170,1403900010238,256,96,13,PP
Transporte Público,18,1403900011170,1403900011024,202,96,82,PP
Transporte Público,18,1403900011170,1403900011170,164,96,96,PP
Transporte Público,18,1403900011170,1403900011537,63,96,126,PP
Transporte Público,18,1403900011170,1403900011734,234,96,144,PP
Transporte Público,18,1403900011170,1403900013891,226,96,276,PP
Transporte Público,18,1403900011170,1403900014832,63,96,360,PP
Transporte Público,18,1403900011170,1409700010922,18,96,5010,PP
Transporte Público,18,1403900011170,1410100010310,164,96,7005,PP
Transporte Público,18,1403900011170,1410100010397,62,96,7009,PP
Transporte Público,18,1403900011170,1410100010537,10,96,7020,PP
Transporte Público,18,1403900011170,1410101902374,26,96,7224,PP
Transporte Público,18,1403900011170,1412000012454,21,96,8098,PP
Transporte Público,18,1403900011170,1412000016067,95,96,8349,PP
Transporte Público,18,1403900011170,140390001069A,114,96,51,PP
Transporte Público,18,1403900011185,1403900011359,63,97,111,PP
Transporte Público,18,1403900011185,1403900011378,111,97,113,PP
Transporte Público,18,1403900011185,1403900011397,63,97,115,PP
Transporte Público,18,1403900011185,1403900012554,63,97,209,PP
Transporte Público,18,1403900011185,1403900014936,63,97,370,PP
Transporte Público,18,1403900011185,1412000011935,152,97,8066,PP
Transporte Público,18,1403900011217,1403900011359,140,100,111,PP
Transporte Público,18,1403900011217,1403900011467,140,100,122,PP
Transporte Público,18,1403900011217,1410100010147,10,100,7001,PP
Transporte Público,18,1403900011221,140390001051A,118,101,36,PP
Transporte Público,18,1403900011293,1412000011193,49,105,8035,PP
Transporte Público,18,1403900011306,140970602,59,106,5242,PP
Transporte Público,18,1403900011306,1409700320053,104,106,5135,PP
Transporte Público,18,1403900011306,1409708441704,59,106,5347,PP
Transporte Público,18,1403900011310,1403900014048,125,107,291,PP
Transporte Público,18,1403900011325,1403900010064,228,108,4,PP
Transporte Público,18,1403900011325,1410100010787,131,108,7040,PP
Transporte Público,18,1403900011325,1412000010212,62,108,8001,PP
Transporte Público,18,1403900011325,1412000012454,38,108,8098,PP
Transporte Público,18,1403900011325,1412000015552,38,108,8325,PP
Transporte Público,18,1403900011344,1403900014762,75,110,353,PP
Transporte Público,18,1403900011344,1407000200204,33,110,3067,PP
Transporte Público,18,1403900011359,140980012,34,111,6216,PP
Transporte Público,18,1403900011359,140980243,15,111,6237,PP
Transporte Público,18,1403900011359,141200034,59,111,8442,PP
Transporte Público,18,1403900011359,141240090,2,111,9047,PP
Transporte Público,18,1403900011359,1403900010295,43,111,17,PP
Transporte Público,18,1403900011359,1403900010469,256,111,32,PP
Transporte Público,18,1403900011359,1403900010473,226,111,33,PP
Transporte Público,18,1403900011359,1403900010632,456,111,45,PP
Transporte Público,18,1403900011359,1403900011081,228,111,87,PP
Transporte Público,18,1403900011359,1403900011359,278,111,111,PP
Transporte Público,18,1403900011359,1403900011378,62,111,113,PP
Transporte Público,18,1403900011359,1403900011452,140,111,121,PP
Transporte Público,18,1403900011359,1403900011679,174,111,138,PP
Transporte Público,18,1403900011359,1403900011823,114,111,151,PP
Transporte Público,18,1403900011359,1403900011912,111,111,160,PP
Transporte Público,18,1403900011359,1403900011946,111,111,163,PP
Transporte Público,18,1403900011359,1403900012022,136,111,171,PP
Transporte Público,18,1403900011359,1403900012268,136,111,188,PP
Transporte Público,18,1403900011359,1403900012287,136,111,190,PP
Transporte Público,18,1403900011359,1403900012431,27,111,202,PP
Transporte Público,18,1403900011359,1403900012535,119,111,207,PP
Transporte Público,18,1403900011359,1403900012588,27,111,212,PP
Transporte Público,18,1403900011359,1403900012713,96,111,223,PP
Transporte Público,18,1403900011359,1403900012802,125,111,227,PP
Transporte Público,18,1403900011359,1403900013088,226,111,232,PP
Transporte Público,18,1403900011359,1403900013514,125,111,244,PP
Transporte Público,18,1403900011359,1403900013707,27,111,260,PP
Transporte Público,18,1403900011359,1403900014090,114,111,296,PP
Transporte Público,18,1403900011359,1403900014442,128,111,325,PP
Transporte Público,18,1403900011359,1403900014480,131,111,329,PP
Transporte Público,18,1403900011359,1403900015188,234,111,395,PP
Transporte Público,18,1403900011359,1403900015417,163,111,417,PP
Transporte Público,18,1403900011359,1403900015506,93,111,425,PP
Transporte Público,18,1403900011359,1403900015525,125,111,427,PP
Transporte Público,18,1403900011359,1404400020134,4,111,1016,PP
Transporte Público,18,1403900011359,1405100020181,12,111,2015,PP
Transporte Público,18,1403900011359,1405100020196,24,111,2016,PP
Transporte Público,18,1403900011359,1405100020213,33,111,2018,PP
Transporte Público,18,1403900011359,1407000130327,72,111,3030,PP
Transporte Público,18,1403900011359,1407000130401,23,111,3033,PP
Transporte Público,18,1403900011359,1407000131448,54,111,3040,PP
Transporte Público,18,1403900011359,1407000140276,39,111,3046,PP
Transporte Público,18,1403900011359,1407000140488,36,111,3053,PP
Transporte Público,18,1403900011359,1407000140844,36,111,3061,PP
Transporte Público,18,1403900011359,1407000200079,33,111,3065,PP
Transporte Público,18,1403900011359,1407000201236,33,111,3076,PP
Transporte Público,18,1403900011359,1407000201397,33,111,3080,PP
Transporte Público,18,1403900011359,1407000210736,27,111,3082,PP
Transporte Público,18,1403900011359,1407000210967,9,111,3086,PP
Transporte Público,18,1403900011359,1407000430492,72,111,3098,PP
Transporte Público,18,1403900011359,1407000431024,9,111,3111,PP
Transporte Público,18,1403900011359,1407000431039,18,111,3112,PP
Transporte Público,18,1403900011359,1407000431147,9,111,3115,PP
Transporte Público,18,1403900011359,1407001211518,23,111,3127,PP
Transporte Público,18,1403900011359,1409700010918,9,111,5009,PP
Transporte Público,18,1403900011359,1409700012098,93,111,5021,PP
Transporte Público,18,1403900011359,1409700012115,31,111,5023,PP
Transporte Público,18,1403900011359,1409700092859,32,111,5055,PP
Transporte Público,18,1403900011359,1409700252399,59,111,5118,PP
Transporte Público,18,1403900011359,1409700320053,164,111,5135,PP
Transporte Público,18,1403900011359,1409700350551,54,111,5172,PP
Transporte Público,18,1403900011359,1409704241761,42,111,5232,PP
Transporte Público,18,1403900011359,1409705601032,59,111,5236,PP
Transporte Público,18,1403900011359,1409708221973,378,111,5269,PP
Transporte Público,18,1403900011359,1409708312026,96,111,5299,PP
Transporte Público,18,1403900011359,1409708362793,53,111,5328,PP
Transporte Público,18,1403900011359,1409708362806,53,111,5329,PP
Transporte Público,18,1403900011359,1409708374200,378,111,5332,PP
Transporte Público,18,1403900011359,1409708432651,53,111,5335,PP
Transporte Público,18,1403900011359,1409708634126,33,111,5368,PP
Transporte Público,18,1403900011359,1409708714056,163,111,5371,PP
Transporte Público,18,1403900011359,1409708744018,136,111,5374,PP
Transporte Público,18,1403900011359,1409800010262,101,111,6009,PP
Transporte Público,18,1403900011359,1409800010370,26,111,6014,PP
Transporte Público,18,1403900011359,1409800010506,272,111,6017,PP
Transporte Público,18,1403900011359,1409800011097,404,111,6040,PP
Transporte Público,18,1403900011359,1409800011190,125,111,6046,PP
Transporte Público,18,1403900011359,1409800011237,54,111,6050,PP
Transporte Público,18,1403900011359,1409800011260,52,111,6053,PP
Transporte Público,18,1403900011359,1409800011383,23,111,6060,PP
Transporte Público,18,1403900011359,1409800011608,101,111,6074,PP
Transporte Público,18,1403900011359,1409800011646,91,111,6076,PP
Transporte Público,18,1403900011359,1409800012042,38,111,6105,PP
Transporte Público,18,1403900011359,1409800012150,13,111,6112,PP
Transporte Público,18,1403900011359,1409800012201,101,111,6116,PP
Transporte Público,18,1403900011359,1409800012377,419,111,6128,PP
Transporte Público,18,1403900011359,1409800012574,163,111,6146,PP
Transporte Público,18,1403900011359,1409800012659,93,111,6153,PP
Transporte Público,18,1403900011359,1409800012697,52,111,6155,PP
Transporte Público,18,1403900011359,1409800012752,23,111,6161,PP
Transporte Público,18,1403900011359,1409800141114,59,111,6218,PP
Transporte Público,18,1403900011359,1410100010522,62,111,7019,PP
Transporte Público,18,1403900011359,1410100010541,131,111,7021,PP
Transporte Público,18,1403900011359,1410100010630,62,111,7028,PP
Transporte Público,18,1403900011359,1410100010749,262,111,7036,PP
Transporte Público,18,1403900011359,1410100010823,164,111,7043,PP
Transporte Público,18,1403900011359,1410100010857,82,111,7045,PP
Transporte Público,18,1403900011359,1410100010861,82,111,7046,PP
Transporte Público,18,1403900011359,1410100010946,82,111,7052,PP
Transporte Público,18,1403900011359,1410100011003,82,111,7058,PP
Transporte Público,18,1403900011359,1410100011130,23,111,7069,PP
Transporte Público,18,1403900011359,1410100260683,13,111,7197,PP
Transporte Público,18,1403900011359,1410100312317,108,111,7211,PP
Transporte Público,18,1403900011359,1410100341978,164,111,7214,PP
Transporte Público,18,1403900011359,1410100380132,144,111,7219,PP
Transporte Público,18,1403900011359,1410101902374,23,111,7224,PP
Transporte Público,18,1403900011359,1412000010212,110,111,8001,PP
Transporte Público,18,1403900011359,1412000010602,26,111,8013,PP
Transporte Público,18,1403900011359,1412000010617,544,111,8014,PP
Transporte Público,18,1403900011359,1412000010814,110,111,8022,PP
Transporte Público,18,1403900011359,1412000011884,108,111,8062,PP
Transporte Público,18,1403900011359,1412000011920,152,111,8065,PP
Transporte Público,18,1403900011359,1412000012172,54,111,8072,PP
Transporte Público,18,1403900011359,1412000012280,137,111,8081,PP
Transporte Público,18,1403900011359,1412000012350,49,111,8088,PP
Transporte Público,18,1403900011359,1412000012454,22,111,8098,PP
Transporte Público,18,1403900011359,1412000012469,38,111,8099,PP
Transporte Público,18,1403900011359,1412000012488,16,111,8101,PP
Transporte Público,18,1403900011359,1412000012806,27,111,8128,PP
Transporte Público,18,1403900011359,1412000012929,77,111,8138,PP
Transporte Público,18,1403900011359,1412000013062,137,111,8151,PP
Transporte Público,18,1403900011359,1412000013185,178,111,8162,PP
Transporte Público,18,1403900011359,1412000013683,62,111,8199,PP
Transporte Público,18,1403900011359,1412000014094,53,111,8222,PP
Transporte Público,18,1403900011359,1412000014183,178,111,8227,PP
Transporte Público,18,1403900011359,1412000014342,56,111,8243,PP
Transporte Público,18,1403900011359,1412000014380,304,111,8247,PP
Transporte Público,18,1403900011359,1412000014662,28,111,8273,PP
Transporte Público,18,1403900011359,1412000015285,62,111,8307,PP
Transporte Público,18,1403900011359,1412000015459,152,111,8317,PP
Transporte Público,18,1403900011359,1412000015533,54,111,8323,PP
Transporte Público,18,1403900011359,1412000015552,42,111,8325,PP
Transporte Público,18,1403900011359,1412000016832,62,111,8395,PP
Transporte Público,18,1403900011359,1412000016902,330,111,8402,PP
Transporte Público,18,1403900011359,1412000017031,18,111,8408,PP
Transporte Público,18,1403900011359,1412000017309,28,111,8430,PP
Transporte Público,18,1403900011359,1412002065054,2,111,8462,PP
Transporte Público,18,1403900011359,1412002313838,75,111,8470,PP
Transporte Público,18,1403900011359,1412002314145,14,111,8475,PP
Transporte Público,18,1403900011359,1412002314164,24,111,8477,PP
Transporte Público,18,1403900011359,1412002434709,7,111,8516,PP
Transporte Público,18,1403900011359,1412007580496,33,111,8531,PP
Transporte Público,18,1403900011359,1412007580693,33,111,8535,PP
Transporte Público,18,1403900011359,1412007580833,33,111,8541,PP
Transporte Público,18,1403900011359,1412400940387,12,111,9048,PP
Transporte Público,18,1403900011359,140390001279A,454,111,226,PP
Transporte Público,18,1403900011359,140390001489A,63,111,366,PP
Transporte Público,18,1403900011359,140390001553A,163,111,428,PP
Transporte Público,18,1403900011359,140700020126A,33,111,3078,PP
Transporte Público,18,1403900011359,140700021076A,18,111,3085,PP
Transporte Público,18,1403900011359,14097059A,54,111,5241,PP
Transporte Público,18,1403900011359,140980001181A,26,111,6090,PP
Transporte Público,18,1403900011359,140980001320A,162,111,6198,PP
Transporte Público,18,1403900011359,141200001027A,100,111,8006,PP
Transporte Público,18,1403900011359,141200001066A,36,111,8018,PP
Transporte Público,18,1403900011359,141200001739A,18,111,8437,PP
Transporte Público,18,1403900011359,141200231415A,14,111,8476,PP
Transporte Público,18,1403900011363,1403900010365,228,112,23,PP
Transporte Público,18,1403900011363,1403900010986,202,112,78,PP
Transporte Público,18,1403900011363,1403900013800,140,112,268,PP
Transporte Público,18,1403900011363,1409700350138,54,112,5169,PP
Transporte Público,18,1403900011363,1410100011554,13,112,7100,PP
Transporte Público,18,1403900011378,140440011,27,113,1031,PP
Transporte Público,18,1403900011378,1403900010454,256,113,31,PP
Transporte Público,18,1403900011378,1403900010524,128,113,37,PP
Transporte Público,18,1403900011378,1403900010825,249,113,63,PP
Transporte Público,18,1403900011378,1403900011185,63,113,97,PP
Transporte Público,18,1403900011378,1403900011715,136,113,142,PP
Transporte Público,18,1403900011378,1403900012569,48,113,210,PP
Transporte Público,18,1403900011378,1403900013177,140,113,234,PP
Transporte Público,18,1403900011378,1403900013209,140,113,235,PP
Transporte Público,18,1403900011378,1403900013482,226,113,242,PP
Transporte Público,18,1403900011378,1403900015188,234,113,395,PP
Transporte Público,18,1403900011378,1403900015597,226,113,434,PP
Transporte Público,18,1403900011378,1404400100238,15,113,1028,PP
Transporte Público,18,1403900011378,1404400540435,15,113,1036,PP
Transporte Público,18,1403900011378,1407000131452,54,113,3041,PP
Transporte Público,18,1403900011378,1407000131486,54,113,3043,PP
Transporte Público,18,1403900011378,1407000140276,13,113,3046,PP
Transporte Público,18,1403900011378,1407000431147,9,113,3115,PP
Transporte Público,18,1403900011378,1409700250354,51,113,5087,PP
Transporte Público,18,1403900011378,1409700250369,79,113,5088,PP
Transporte Público,18,1403900011378,1409700251418,56,113,5109,PP
Transporte Público,18,1403900011378,1409700320053,59,113,5135,PP
Transporte Público,18,1403900011378,1409704240570,59,113,5229,PP
Transporte Público,18,1403900011378,1409704241776,38,113,5233,PP
Transporte Público,18,1403900011378,1409708362806,53,113,5329,PP
Transporte Público,18,1403900011378,1409800012042,38,113,6105,PP
Transporte Público,18,1403900011378,1409800012150,13,113,6112,PP
Transporte Público,18,1403900011378,1409800012822,202,113,6168,PP
Transporte Público,18,1403900011378,1409800013055,23,113,6185,PP
Transporte Público,18,1403900011378,1410100010433,101,113,7011,PP
Transporte Público,18,1403900011378,1410100010537,10,113,7020,PP
Transporte Público,18,1403900011378,1410100010679,23,113,7031,PP
Transporte Público,18,1403900011378,1410100091677,62,113,7155,PP
Transporte Público,18,1403900011378,1412000011206,11,113,8036,PP
Transporte Público,18,1403900011378,1412000012280,274,113,8081,PP
Transporte Público,18,1403900011378,1412000012469,38,113,8099,PP
Transporte Público,18,1403900011378,1412000013861,48,113,8212,PP
Transporte Público,18,1403900011378,1412000015251,56,113,8304,PP
Transporte Público,18,1403900011378,1412002314145,14,113,8475,PP
Transporte Público,18,1403900011378,1412002314164,24,113,8477,PP
Transporte Público,18,1403900011378,1412002434713,7,113,8517,PP
Transporte Público,18,1403900011378,140390001119A,222,113,98,PP
Transporte Público,18,1403900011378,140390001286A,226,113,228,PP
Transporte Público,18,1403900011378,140390001489A,63,113,366,PP
Transporte Público,18,1403900011378,140970822358A,136,113,5285,PP
Transporte Público,18,1403900011378,141010001065A,82,113,7030,PP
Transporte Público,18,1403900011378,141010027236A,33,113,7210,PP
Transporte Público,18,1403900011378,141200001212A,48,113,8070,PP
Transporte Público,18,1403900011382,1403900011429,140,114,118,PP
Transporte Público,18,1403900011397,1403900011378,111,115,113,PP
Transporte Público,18,1403900011397,1403900014283,140,115,314,PP
Transporte Público,18,1403900011397,140390001140A,63,115,116,PP
Transporte Público,18,1403900011414,1403900011645,63,117,135,PP
Transporte Público,18,1403900011414,1403900013016,128,117,230,PP
Transporte Público,18,1403900011414,1403900014387,226,117,320,PP
Transporte Público,18,1403900011414,1403900014781,226,117,355,PP
Transporte Público,18,1403900011429,1403900010539,140,118,38,PP
Transporte Público,18,1403900011429,1407000210736,9,118,3082,PP
Transporte Público,18,1403900011452,1403900012056,140,121,174,PP
Transporte Público,18,1403900011467,1403900012056,272,122,174,PP
Transporte Público,18,1403900011467,1412000012774,54,122,8125,PP
Transporte Público,18,1403900011467,140980001007A,136,122,6004,PP
Transporte Público,18,1403900011471,1410100010151,140,123,7002,PP
Transporte Público,18,1403900011490,1410100092105,62,124,7168,PP
Transporte Público,18,1403900011537,141011963,62,126,7230,PP
Transporte Público,18,1403900011537,1403900013209,140,126,235,PP
Transporte Público,18,1403900011537,1409700053166,11,126,5045,PP
Transporte Público,18,1403900011537,1410100010594,62,126,7024,PP
Transporte Público,18,1403900011537,1410100011766,82,126,7115,PP
Transporte Público,18,1403900011537,1410100011997,62,126,7125,PP
Transporte Público,18,1403900011537,1410100091465,62,126,7151,PP
Transporte Público,18,1403900011537,1410100092393,63,126,7185,PP
Transporte Público,18,1403900011537,1410100092410,109,126,7187,PP
Transporte Público,18,1403900011537,140390001119A,63,126,98,PP
Transporte Público,18,1403900011537,140390001489A,63,126,366,PP
Transporte Público,18,1403900011556,1403900010539,249,127,38,PP
Transporte Público,18,1403900011556,1403900010882,249,127,69,PP
Transporte Público,18,1403900011556,1403900010986,114,127,78,PP
Transporte Público,18,1403900011556,1403900012200,63,127,184,PP
Transporte Público,18,1403900011556,1403900012713,48,127,223,PP
Transporte Público,18,1403900011556,1403900013177,140,127,234,PP
Transporte Público,18,1403900011556,1403900013800,140,127,268,PP
Transporte Público,18,1403900011556,1403900014226,140,127,308,PP
Transporte Público,18,1403900011556,1403900015506,93,127,425,PP
Transporte Público,18,1403900011556,1407000010045,33,127,3002,PP
Transporte Público,18,1403900011556,1407000140810,36,127,3058,PP
Transporte Público,18,1403900011556,1407000431147,18,127,3115,PP
Transporte Público,18,1403900011556,1409700092859,32,127,5055,PP
Transporte Público,18,1403900011556,1409700350138,54,127,5169,PP
Transporte Público,18,1403900011556,1409800011203,125,127,6047,PP
Transporte Público,18,1403900011556,1409800011631,52,127,6075,PP
Transporte Público,18,1403900011556,1409800012150,49,127,6112,PP
Transporte Público,18,1403900011556,1409800012663,13,127,6154,PP
Transporte Público,18,1403900011556,1410100010452,23,127,7013,PP
Transporte Público,18,1403900011556,1410100312321,13,127,7212,PP
Transporte Público,18,1403900011556,1412000010602,52,127,8013,PP
Transporte Público,18,1403900011556,1412000012295,56,127,8082,PP
Transporte Público,18,1403900011556,1412000012420,56,127,8095,PP
Transporte Público,18,1403900011560,1409800011237,96,128,6050,PP
Transporte Público,18,1403900011594,1403900012395,68,131,199,PP
Transporte Público,18,1403900011594,1409700340250,11,131,5156,PP
Transporte Público,18,1403900011594,1409800010953,101,131,6029,PP
Transporte Público,18,1403900011594,1409800011097,178,131,6040,PP
Transporte Público,18,1403900011594,1409800013182,178,131,6196,PP
Transporte Público,18,1403900011594,1412000011920,152,131,8065,PP
Transporte Público,18,1403900011594,1412000012204,95,131,8073,PP
Transporte Público,18,1403900011607,1409800012131,52,132,6111,PP
Transporte Público,18,1403900011626,140440026,15,133,1032,PP
Transporte Público,18,1403900011626,141011963,10,133,7230,PP
Transporte Público,18,1403900011626,141240090,3,133,9047,PP
Transporte Público,18,1403900011626,1403900011537,131,133,126,PP
Transporte Público,18,1403900011626,1403900014048,125,133,291,PP
Transporte Público,18,1403900011626,1403900014300,131,133,316,PP
Transporte Público,18,1403900011626,1403900014847,128,133,361,PP
Transporte Público,18,1403900011626,1403900015332,96,133,409,PP
Transporte Público,18,1403900011626,1403900015525,125,133,427,PP
Transporte Público,18,1403900011626,1404400540401,15,133,1033,PP
Transporte Público,18,1403900011626,1404400540420,15,133,1035,PP
Transporte Público,18,1403900011626,1405100010054,33,133,2002,PP
Transporte Público,18,1403900011626,1409700012115,54,133,5023,PP
Transporte Público,18,1403900011626,1409700050335,11,133,5035,PP
Transporte Público,18,1403900011626,1409700053147,11,133,5043,PP
Transporte Público,18,1403900011626,1409700053166,11,133,5045,PP
Transporte Público,18,1403900011626,1409700340388,11,133,5158,PP
Transporte Público,18,1403900011626,1409701151511,33,133,5214,PP
Transporte Público,18,1403900011626,1409708221916,136,133,5263,PP
Transporte Público,18,1403900011626,1409709033912,52,133,5382,PP
Transporte Público,18,1403900011626,1409800011434,52,133,6063,PP
Transporte Público,18,1403900011626,1409800012131,52,133,6111,PP
Transporte Público,18,1403900011626,1409800012273,101,133,6123,PP
Transporte Público,18,1403900011626,1409800012625,101,133,6150,PP
Transporte Público,18,1403900011626,1409800012663,85,133,6154,PP
Transporte Público,18,1403900011626,1409800012697,91,133,6155,PP
Transporte Público,18,1403900011626,1409800012714,182,133,6157,PP
Transporte Público,18,1403900011626,1409800012729,91,133,6158,PP
Transporte Público,18,1403900011626,1409800012841,23,133,6170,PP
Transporte Público,18,1403900011626,1409800013290,23,133,6204,PP
Transporte Público,18,1403900011626,1410100312321,13,133,7212,PP
Transporte Público,18,1403900011626,1412000011032,77,133,8030,PP
Transporte Público,18,1403900011626,1412000011812,178,133,8057,PP
Transporte Público,18,1403900011626,1412000012454,21,133,8098,PP
Transporte Público,18,1403900011626,1412000012473,29,133,8100,PP
Transporte Público,18,1403900011626,1412000012488,58,133,8101,PP
Transporte Público,18,1403900011626,1412000012647,178,133,8115,PP
Transporte Público,18,1403900011626,1412000012933,137,133,8139,PP
Transporte Público,18,1403900011626,1412000013397,200,133,8176,PP
Transporte Público,18,1403900011626,1412000014215,137,133,8230,PP
Transporte Público,18,1403900011626,1412000014234,77,133,8232,PP
Transporte Público,18,1403900011626,1412000014249,100,133,8233,PP
Transporte Público,18,1403900011626,1412000014520,49,133,8261,PP
Transporte Público,18,1403900011626,1412000014658,49,133,8272,PP
Transporte Público,18,1403900011626,1412000014677,49,133,8274,PP
Transporte Público,18,1403900011626,1412000015478,178,133,8319,PP
Transporte Público,18,1403900011626,1412000017031,18,133,8408,PP
Transporte Público,18,1403900011626,1412002434713,7,133,8517,PP
Transporte Público,18,1403900011626,140440002012A,4,133,1015,PP
Transporte Público,18,1403900011626,140440010037A,27,133,1030,PP
Transporte Público,18,1403900011626,140510001004A,1,133,2001,PP
Transporte Público,18,1403900011626,140700111133A,33,133,3121,PP
Transporte Público,18,1403900011626,140970005034A,22,133,5036,PP
Transporte Público,18,1403900011626,140970835365A,31,133,5327,PP
Transporte Público,18,1403900011630,1403900011880,63,134,157,PP
Transporte Público,18,1403900011630,1403900015065,131,134,383,PP
Transporte Público,18,1403900011645,1410100010147,10,135,7001,PP
Transporte Público,18,1403900011645,1410100010378,131,135,7007,PP
Transporte Público,18,1403900011664,1403900015099,131,137,386,PP
Transporte Público,18,1403900011679,1403900011170,63,138,96,PP
Transporte Público,18,1403900011683,1403900011359,140,139,111,PP
Transporte Público,18,1403900011683,1403900012018,140,139,170,PP
Transporte Público,18,1403900011698,1409708223058,136,140,5277,PP
Transporte Público,18,1403900011698,1409708333753,136,140,5321,PP
Transporte Público,18,1403900011698,1409708744022,242,140,5375,PP
Transporte Público,18,1403900011734,1403900012639,136,144,217,PP
Transporte Público,18,1403900011753,1403900011537,131,145,126,PP
Transporte Público,18,1403900011753,1403900015099,131,145,386,PP
Transporte Público,18,1403900011753,1410100010202,234,145,7004,PP
Transporte Público,18,1403900011753,1412000013556,152,145,8187,PP
Transporte Público,18,1403900011768,1403900015065,131,146,383,PP
Transporte Público,18,1403900011768,1409800010525,125,146,6018,PP
Transporte Público,18,1403900011768,1410100011003,82,146,7058,PP
Transporte Público,18,1403900011787,1403900010030,43,147,2,PP
Transporte Público,18,1403900011804,1403900011823,114,149,151,PP
Transporte Público,18,1403900011804,1403900012681,68,149,220,PP
Transporte Público,18,1403900011804,1403900014777,43,149,354,PP
Transporte Público,18,1403900011804,1403900014917,43,149,368,PP
Transporte Público,18,1403900011804,1412000013575,22,149,8189,PP
Transporte Público,18,1403900011823,1403900011359,228,151,111,PP
Transporte Público,18,1403900011823,141200001098A,114,151,8027,PP
Transporte Público,18,1403900011838,1403900011823,114,152,151,PP
Transporte Público,18,1403900011838,140440002012A,4,152,1015,PP
Transporte Público,18,1403900011857,1409800010987,93,154,6032,PP
Transporte Público,18,1403900011861,1403900011861,114,155,155,PP
Transporte Público,18,1403900011861,1403900015065,131,155,383,PP
Transporte Público,18,1403900011876,1410100011018,136,156,7059,PP
Transporte Público,18,1403900011880,1403900010986,202,157,78,PP
Transporte Público,18,1403900011880,1410100010397,62,157,7009,PP
Transporte Público,18,1403900011895,1410100010679,23,158,7031,PP
Transporte Público,18,1403900011927,140980243,9,161,6237,PP
Transporte Público,18,1403900011927,1403900011927,54,161,161,PP
Transporte Público,18,1403900011927,1403900012183,63,161,183,PP
Transporte Público,18,1403900011927,1403900012624,136,161,216,PP
Transporte Público,18,1403900011927,1409708223058,136,161,5277,PP
Transporte Público,18,1403900011927,1410100010819,131,161,7042,PP
Transporte Público,18,1403900011965,1403900015667,63,165,441,PP
Transporte Público,18,1403900011984,1412000011121,200,167,8031,PP
Transporte Público,18,1403900011999,1403900011861,114,168,155,PP
Transporte Público,18,1403900011999,1403900012056,136,168,174,PP
Transporte Público,18,1403900011999,1404400020115,4,168,1014,PP
Transporte Público,18,1403900011999,1407000430651,9,168,3103,PP
Transporte Público,18,1403900012022,1403900014724,136,171,351,PP
Transporte Público,18,1403900012056,1409700053166,11,174,5045,PP
Transporte Público,18,1403900012056,1409708223058,136,174,5277,PP
Transporte Público,18,1403900012111,1409700250369,28,176,5088,PP
Transporte Público,18,1403900012111,1412000014431,152,176,8252,PP
Transporte Público,18,1403900012111,1412000015552,21,176,8325,PP
Transporte Público,18,1403900012126,1403900015652,68,177,440,PP
Transporte Público,18,1403900012130,1407000131429,54,178,3038,PP
Transporte Público,18,1403900012130,1412000012280,137,178,8081,PP
Transporte Público,18,1403900012130,1412000014520,28,178,8261,PP
Transporte Público,18,1403900012145,1403900011397,63,179,115,PP
Transporte Público,18,1403900012145,1403900012145,93,179,179,PP
Transporte Público,18,1403900012145,1404400100238,15,179,1028,PP
Transporte Público,18,1403900012145,1412000010602,26,179,8013,PP
Transporte Público,18,1403900012164,1403900010473,128,181,33,PP
Transporte Público,18,1403900012164,1403900013016,128,181,230,PP
Transporte Público,18,1403900012164,1403900013891,226,181,276,PP
Transporte Público,18,1403900012164,1403900015417,163,181,417,PP
Transporte Público,18,1403900012164,1409708221530,378,181,5252,PP
Transporte Público,18,1403900012164,1409708221935,136,181,5265,PP
Transporte Público,18,1403900012164,1409708222168,408,181,5271,PP
Transporte Público,18,1403900012164,1409708223749,242,181,5290,PP
Transporte Público,18,1403900012164,1409708531884,484,181,5358,PP
Transporte Público,18,1403900012164,1409800010987,163,181,6032,PP
Transporte Público,18,1403900012164,1409800013040,64,181,6184,PP
Transporte Público,18,1403900012164,1410100010679,23,181,7031,PP
Transporte Público,18,1403900012164,1412002065054,6,181,8462,PP
Transporte Público,18,1403900012164,140980001256A,163,181,6145,PP
Transporte Público,18,1403900012179,1403900011715,136,182,142,PP
Transporte Público,18,1403900012179,1407000140825,72,182,3059,PP
Transporte Público,18,1403900012179,1409800010506,246,182,6017,PP
Transporte Público,18,1403900012179,1409800011928,38,182,6099,PP
Transporte Público,18,1403900012179,140970822358A,136,182,5285,PP
Transporte Público,18,1403900012183,1403900011081,114,183,87,PP
Transporte Público,18,1403900012183,1403900011927,63,183,161,PP
Transporte Público,18,1403900012183,1403900012588,27,183,212,PP
Transporte Público,18,1403900012183,1403900012713,48,183,223,PP
Transporte Público,18,1403900012183,1403900014283,140,183,314,PP
Transporte Público,18,1403900012183,1403900015008,140,183,377,PP
Transporte Público,18,1403900012183,1409708531884,136,183,5358,PP
Transporte Público,18,1403900012183,1409800010084,136,183,6005,PP
Transporte Público,18,1403900012183,1410100010999,82,183,7057,PP
Transporte Público,18,1403900012183,1412000012242,137,183,8077,PP
Transporte Público,18,1403900012183,140390001368A,27,183,258,PP
Transporte Público,18,1403900012183,140390001489A,63,183,366,PP
Transporte Público,18,1403900012200,1403900011359,63,184,111,PP
Transporte Público,18,1403900012200,1409800012413,63,184,6130,PP
Transporte Público,18,1403900012268,1409800010879,136,188,6028,PP
Transporte Público,18,1403900012287,1409708312045,136,190,5301,PP
Transporte Público,18,1403900012291,1403900015296,140,191,405,PP
Transporte Público,18,1403900012304,1412000012914,49,192,8137,PP
Transporte Público,18,1403900012342,1409800012841,13,194,6170,PP
Transporte Público,18,1403900012357,1403900014743,125,195,352,PP
Transporte Público,18,1403900012357,1403900015474,227,195,422,PP
Transporte Público,18,1403900012357,1409800012131,52,195,6111,PP
Transporte Público,18,1403900012357,1410100092586,62,195,7190,PP
Transporte Público,18,1403900012376,1403900012501,68,197,204,PP
Transporte Público,18,1403900012376,1403900012588,68,197,212,PP
Transporte Público,18,1403900012376,1412000013293,68,197,8170,PP
Transporte Público,18,1403900012395,1403900013730,27,199,263,PP
Transporte Público,18,1403900012408,1403900010859,249,200,66,PP
Transporte Público,18,1403900012408,1403900011471,140,200,123,PP
Transporte Público,18,1403900012408,1403900015296,249,200,405,PP
Transporte Público,18,1403900012427,141012567,13,201,7232,PP
Transporte Público,18,1403900012427,141240090,2,201,9047,PP
Transporte Público,18,1403900012427,1403900011185,63,201,97,PP
Transporte Público,18,1403900012427,1403900011768,68,201,146,PP
Transporte Público,18,1403900012427,1403900011823,114,201,151,PP
Transporte Público,18,1403900012427,1403900012728,125,201,224,PP
Transporte Público,18,1403900012427,1403900013336,68,201,238,PP
Transporte Público,18,1403900012427,1403900014616,125,201,342,PP
Transporte Público,18,1403900012427,1404400540416,15,201,1034,PP
Transporte Público,18,1403900012427,1407000140276,13,201,3046,PP
Transporte Público,18,1403900012427,1409700010208,9,201,5002,PP
Transporte Público,18,1403900012427,1409700251456,59,201,5111,PP
Transporte Público,18,1403900012427,1409800010794,125,201,6025,PP
Transporte Público,18,1403900012427,1409800011909,93,201,6097,PP
Transporte Público,18,1403900012427,1409800012979,13,201,6179,PP
Transporte Público,18,1403900012427,1412000620176,75,201,8446,PP
Transporte Público,18,1403900012427,140390001553A,93,201,428,PP
Transporte Público,18,1403900012446,1403900015563,27,203,431,PP
Transporte Público,18,1403900012501,1410100312317,13,204,7211,PP
Transporte Público,18,1403900012554,141011963,10,209,7230,PP
Transporte Público,18,1403900012554,1403900012431,48,209,202,PP
Transporte Público,18,1403900012554,1403900012713,134,209,223,PP
Transporte Público,18,1403900012554,1403900013336,68,209,238,PP
Transporte Público,18,1403900012554,1403900013711,27,209,261,PP
Transporte Público,18,1403900012554,1403900015347,27,209,410,PP
Transporte Público,18,1403900012554,1405100020213,12,209,2018,PP
Transporte Público,18,1403900012554,1407000140488,36,209,3053,PP
Transporte Público,18,1403900012554,1407000430295,36,209,3096,PP
Transporte Público,18,1403900012554,1409700213842,11,209,5081,PP
Transporte Público,18,1403900012554,1409700340250,11,209,5156,PP
Transporte Público,18,1403900012554,1409708714056,54,209,5371,PP
Transporte Público,18,1403900012554,1409709033908,91,209,5381,PP
Transporte Público,18,1403900012554,1409800012201,101,209,6116,PP
Transporte Público,18,1403900012554,1409801282875,52,209,6234,PP
Transporte Público,18,1403900012554,1410100011395,272,209,7089,PP
Transporte Público,18,1403900012554,140390001350A,48,209,243,PP
Transporte Público,18,1403900012554,140390001368A,48,209,258,PP
Transporte Público,18,1403900012554,140390001546A,125,209,421,PP
Transporte Público,18,1403900012554,140980001053A,81,209,6019,PP
Transporte Público,18,1403900012554,140980001270A,91,209,6156,PP
Transporte Público,18,1403900012554,140980128288A,91,209,6235,PP
Transporte Público,18,1403900012569,1403900011753,27,210,145,PP
Transporte Público,18,1403900012569,1409800010671,125,210,6021,PP
Transporte Público,18,1403900012569,1409800012199,250,210,6115,PP
Transporte Público,18,1403900012569,1409800013214,54,210,6199,PP
Transporte Público,18,1403900012569,1412000016423,27,210,8364,PP
Transporte Público,18,1403900012573,1403900014669,227,211,347,PP
Transporte Público,18,1403900012573,1409700340388,11,211,5158,PP
Transporte Público,18,1403900012573,1409700432628,19,211,5205,PP
Transporte Público,18,1403900012573,1409708332933,136,211,5316,PP
Transporte Público,18,1403900012573,1409800010671,125,211,6021,PP
Transporte Público,18,1403900012573,1410100010147,28,211,7001,PP
Transporte Público,18,1403900012573,1410100010151,18,211,7002,PP
Transporte Público,18,1403900012573,1410100011573,13,211,7102,PP
Transporte Público,18,1403900012573,140390001546A,352,211,421,PP
Transporte Público,18,1403900012573,140980001135A,227,211,6057,PP
Transporte Público,18,1403900012588,1403900010736,202,212,55,PP
Transporte Público,18,1403900012588,1403900011537,234,212,126,PP
Transporte Público,18,1403900012588,1403900011912,27,212,160,PP
Transporte Público,18,1403900012588,1403900012588,52,212,212,PP
Transporte Público,18,1403900012588,1403900014476,131,212,328,PP
Transporte Público,18,1403900012588,1403900014546,27,212,335,PP
Transporte Público,18,1403900012588,1403900015347,27,212,410,PP
Transporte Público,18,1403900012588,1409800010718,125,212,6023,PP
Transporte Público,18,1403900012588,1410100010749,234,212,7036,PP
Transporte Público,18,1403900012588,1410100260698,13,212,7198,PP
Transporte Público,18,1403900012588,1412000011193,7,212,8035,PP
Transporte Público,18,1403900012592,1403900012592,54,213,213,PP
Transporte Público,18,1403900012592,1403900013923,226,213,279,PP
Transporte Público,18,1403900012592,1403900014565,54,213,337,PP
Transporte Público,18,1403900012592,1409709033908,91,213,5381,PP
Transporte Público,18,1403900012592,1409800011468,91,213,6066,PP
Transporte Público,18,1403900012592,1409800011716,52,213,6082,PP
Transporte Público,18,1403900012592,140510001004A,1,213,2001,PP
Transporte Público,18,1403900012592,140980001135A,125,213,6057,PP
Transporte Público,18,1403900012605,1407000140346,36,214,3048,PP
Transporte Público,18,1403900012605,1409700353772,54,214,5179,PP
Transporte Público,18,1403900012605,1409700411259,32,214,5192,PP
Transporte Público,18,1403900012624,140970822358A,136,216,5285,PP
Transporte Público,18,1403900012639,1403900012291,93,217,191,PP
Transporte Público,18,1403900012639,1403900012639,136,217,217,PP
Transporte Público,18,1403900012639,1409800011398,13,217,6061,PP
Transporte Público,18,1403900012639,1410100011573,13,217,7102,PP
Transporte Público,18,1403900012639,140980001181A,13,217,6090,PP
Transporte Público,18,1403900012662,141240090,2,218,9047,PP
Transporte Público,18,1403900012662,1403900010276,226,218,15,PP
Transporte Público,18,1403900012662,1403900013891,128,218,276,PP
Transporte Público,18,1403900012662,1403900014724,136,218,351,PP
Transporte Público,18,1403900012662,1409800010525,125,218,6018,PP
Transporte Público,18,1403900012662,1409800011063,101,218,6037,PP
Transporte Público,18,1403900012662,1409800011519,136,218,6069,PP
Transporte Público,18,1403900012662,1410100010679,23,218,7031,PP
Transporte Público,18,1403900012662,1410100010912,144,218,7049,PP
Transporte Público,18,1403900012662,1410100011126,23,218,7068,PP
Transporte Público,18,1403900012662,1410100011164,82,218,7072,PP
Transporte Público,18,1403900012662,1410100011200,13,218,7076,PP
Transporte Público,18,1403900012662,1410100011766,144,218,7115,PP
Transporte Público,18,1403900012662,1410100220024,82,218,7193,PP
Transporte Público,18,1403900012662,140390001496A,128,218,373,PP
Transporte Público,18,1403900012662,141010001065A,164,218,7030,PP
Transporte Público,18,1403900012662,141010027236A,13,218,7210,PP
Transporte Público,18,1403900012677,1409800011576,13,219,6072,PP
Transporte Público,18,1403900012696,1403900015525,125,221,427,PP
Transporte Público,18,1403900012696,1412000012914,68,221,8137,PP
Transporte Público,18,1403900012696,140390001457A,68,221,338,PP
Transporte Público,18,1403900012709,1403900012145,68,222,179,PP
Transporte Público,18,1403900012709,1409700381827,242,222,5184,PP
Transporte Público,18,1403900012709,1409708223043,242,222,5276,PP
Transporte Público,18,1403900012709,1409708332933,136,222,5316,PP
Transporte Público,18,1403900012709,140970822358A,136,222,5285,PP
Transporte Público,18,1403900012709,141200001066A,56,222,8018,PP
Transporte Público,18,1403900012713,1403900010346,202,223,21,PP
Transporte Público,18,1403900012713,1403900012728,125,223,224,PP
Transporte Público,18,1403900012713,1403900014669,125,223,347,PP
Transporte Público,18,1403900012728,1403900010346,404,224,21,PP
Transporte Público,18,1403900012728,1403900012520,125,224,206,PP
Transporte Público,18,1403900012728,1403900013552,125,224,248,PP
Transporte Público,18,1403900012728,1412000012469,38,224,8099,PP
Transporte Público,18,1403900012785,1409704241761,21,225,5232,PP
Transporte Público,18,1403900013020,1412000013185,100,231,8162,PP
Transporte Público,18,1403900013020,140510001004A,3,231,2001,PP
Transporte Público,18,1403900013088,1403900014404,128,232,322,PP
Transporte Público,18,1403900013143,1403900013143,49,233,233,PP
Transporte Público,18,1403900013143,1407000210967,9,233,3086,PP
Transporte Público,18,1403900013143,1409800010968,101,233,6030,PP
Transporte Público,18,1403900013143,1409800012733,52,233,6159,PP
Transporte Público,18,1403900013143,1410100010147,10,233,7001,PP
Transporte Público,18,1403900013143,1410100011268,36,233,7078,PP
Transporte Público,18,1403900013143,1412000016438,26,233,8365,PP
Transporte Público,18,1403900013143,1412000016832,62,233,8395,PP
Transporte Público,18,1403900013177,1403900010469,256,234,32,PP
Transporte Público,18,1403900013177,1410100010151,31,234,7002,PP
Transporte Público,18,1403900013177,1410100011268,10,234,7078,PP
Transporte Público,18,1403900013177,1412002315887,140,234,8489,PP
Transporte Público,18,1403900013177,140390001507A,140,234,384,PP
Transporte Público,18,1403900013209,1403900011043,140,235,84,PP
Transporte Público,18,1403900013209,1403900012662,140,235,218,PP
Transporte Público,18,1403900013209,1412000016832,62,235,8395,PP
Transporte Público,18,1403900013321,1409700250369,28,237,5088,PP
Transporte Público,18,1403900013321,1412000011526,21,237,8045,PP
Transporte Público,18,1403900013321,1412000015340,26,237,8312,PP
Transporte Público,18,1403900013321,1412000015459,152,237,8317,PP
Transporte Público,18,1403900013336,1403900014654,68,238,346,PP
Transporte Público,18,1403900013336,1409800012555,326,238,6144,PP
Transporte Público,18,1403900013340,1403900013340,68,239,239,PP
Transporte Público,18,1403900013374,1403900011359,125,240,111,PP
Transporte Público,18,1403900013374,1403900011378,250,240,113,PP
Transporte Público,18,1403900013374,1403900013374,125,240,240,PP
Transporte Público,18,1403900013406,141240071,55,241,9045,PP
Transporte Público,18,1403900013406,1409800013214,96,241,6199,PP
Transporte Público,18,1403900013406,1412000010227,100,241,8002,PP
Transporte Público,18,1403900013482,1403900013923,256,242,279,PP
Transporte Público,18,1403900013514,1403900012427,125,244,201,PP
Transporte Público,18,1403900013514,1403900012713,125,244,223,PP
Transporte Público,18,1403900013514,1403900014033,125,244,290,PP
Transporte Público,18,1403900013529,1403900010736,202,245,55,PP
Transporte Público,18,1403900013529,1403900012431,27,245,202,PP
Transporte Público,18,1403900013529,1403900013783,93,245,266,PP
Transporte Público,18,1403900013529,1409800011519,136,245,6069,PP
Transporte Público,18,1403900013548,1409800010370,13,247,6014,PP
Transporte Público,18,1403900013548,1409800012150,13,247,6112,PP
Transporte Público,18,1403900013552,1403900014654,125,248,346,PP
Transporte Público,18,1403900013552,1409700353772,108,248,5179,PP
Transporte Público,18,1403900013586,1410100011766,82,250,7115,PP
Transporte Público,18,1403900013590,1403900010350,128,251,22,PP
Transporte Público,18,1403900013590,1403900013590,128,251,251,PP
Transporte Público,18,1403900013603,1403900010789,140,252,59,PP
Transporte Público,18,1403900013603,1403900014387,226,252,320,PP
Transporte Público,18,1403900013603,1412000012280,137,252,8081,PP
Transporte Público,18,1403900013618,1403900013783,93,253,266,PP
Transporte Público,18,1403900013618,1412000011009,128,253,8029,PP
Transporte Público,18,1403900013641,1403900010280,43,255,16,PP
Transporte Público,18,1403900013641,1403900011908,333,255,159,PP
Transporte Público,18,1403900013641,1403900013641,125,255,255,PP
Transporte Público,18,1403900013641,1405100020196,12,255,2016,PP
Transporte Público,18,1403900013641,1405100020209,21,255,2017,PP
Transporte Público,18,1403900013641,1409800010597,1246,255,6020,PP
Transporte Público,18,1403900013641,1409800011379,202,255,6059,PP
Transporte Público,18,1403900013641,1409800012377,163,255,6128,PP
Transporte Público,18,1403900013641,1410100010594,124,255,7024,PP
Transporte Público,18,1403900013641,1410100011200,23,255,7076,PP
Transporte Público,18,1403900013641,1410100011268,10,255,7078,PP
Transporte Público,18,1403900013641,1410100011588,13,255,7103,PP
Transporte Público,18,1403900013656,1403900014476,131,256,328,PP
Transporte Público,18,1403900013656,1403900014813,228,256,358,PP
Transporte Público,18,1403900013656,1403900015188,234,256,395,PP
Transporte Público,18,1403900013656,1410100010378,234,256,7007,PP
Transporte Público,18,1403900013656,1410100010787,234,256,7040,PP
Transporte Público,18,1403900013656,1412000014291,27,256,8238,PP
Transporte Público,18,1403900013660,1403900013660,10,257,257,PP
Transporte Público,18,1403900013660,1410100011268,10,257,7078,PP
Transporte Público,18,1403900013660,1410100011982,62,257,7124,PP
Transporte Público,18,1403900013694,1403900012624,136,259,216,PP
Transporte Público,18,1403900013694,1409800012610,27,259,6149,PP
Transporte Público,18,1403900013707,1403900011170,27,260,96,PP
Transporte Público,18,1403900013707,1409800010031,27,260,6001,PP
Transporte Público,18,1403900013707,1409800010120,27,260,6008,PP
Transporte Público,18,1403900013707,1409800012790,27,260,6165,PP
Transporte Público,18,1403900013711,1403900013711,54,261,261,PP
Transporte Público,18,1403900013726,1403900011378,27,262,113,PP
Transporte Público,18,1403900013726,1403900012569,27,262,210,PP
Transporte Público,18,1403900013726,1404400100223,32,262,1027,PP
Transporte Público,18,1403900013726,1412000012952,56,262,8141,PP
Transporte Público,18,1403900013730,1403900015366,27,263,412,PP
Transporte Público,18,1403900013730,1410100011200,23,263,7076,PP
Transporte Público,18,1403900013730,1410100011554,23,263,7100,PP
Transporte Público,18,1403900013764,1410100010946,82,265,7052,PP
Transporte Público,18,1403900013783,1403900011293,93,266,105,PP
Transporte Público,18,1403900013783,1403900015417,93,266,417,PP
Transporte Público,18,1403900013783,1407000130365,36,266,3032,PP
Transporte Público,18,1403900013783,1409800010370,23,266,6014,PP
Transporte Público,18,1403900013783,1409800010987,163,266,6032,PP
Transporte Público,18,1403900013783,1409800012358,166,266,6126,PP
Transporte Público,18,1403900013783,1412000011935,152,266,8066,PP
Transporte Público,18,1403900013783,1412000012990,495,266,8145,PP
Transporte Público,18,1403900013783,1412000013217,152,266,8165,PP
Transporte Público,18,1403900013783,1412000014268,96,266,8235,PP
Transporte Público,18,1403900013783,1412000014272,96,266,8236,PP
Transporte Público,18,1403900013783,140390001464A,163,266,345,PP
Transporte Público,18,1403900013798,1403900010473,128,267,33,PP
Transporte Público,18,1403900013798,1403900013815,128,267,269,PP
Transporte Público,18,1403900013798,1403900013923,354,267,279,PP
Transporte Público,18,1403900013815,1410100010749,131,269,7036,PP
Transporte Público,18,1403900013853,1403900011378,111,273,113,PP
Transporte Público,18,1403900013891,1403900014391,128,276,321,PP
Transporte Público,18,1403900013919,1403900015597,256,278,434,PP
Transporte Público,18,1403900013919,140390001553A,93,278,428,PP
Transporte Público,18,1403900013923,1403900013618,128,279,253,PP
Transporte Público,18,1403900013923,1407001211518,13,279,3127,PP
Transporte Público,18,1403900013923,1410100010787,131,279,7040,PP
Transporte Público,18,1403900013923,1410100010895,82,279,7048,PP
Transporte Público,18,1403900013923,1410100010912,226,279,7049,PP
Transporte Público,18,1403900013923,1412000010602,26,279,8013,PP
Transporte Público,18,1403900013923,1412000013630,45,279,8194,PP
Transporte Público,18,1403900013923,1412000015177,48,279,8299,PP
Transporte Público,18,1403900013923,1412000015340,90,279,8312,PP
Transporte Público,18,1403900013923,1412000015444,45,279,8316,PP
Transporte Público,18,1403900013923,1412000017366,26,279,8434,PP
Transporte Público,18,1403900013923,140390001368A,48,279,258,PP
Transporte Público,18,1403900013923,141200001372A,27,279,8203,PP
Transporte Público,18,1403900013938,1412000012134,96,280,8071,PP
Transporte Público,18,1403900013938,1412000013113,116,280,8155,PP
Transporte Público,18,1403900013938,1412000015533,54,280,8323,PP
Transporte Público,18,1403900013942,1403900014832,128,281,360,PP
Transporte Público,18,1403900013942,1403900014936,128,281,370,PP
Transporte Público,18,1403900013942,1410100091677,62,281,7155,PP
Transporte Público,18,1403900013957,1409800010525,125,282,6018,PP
Transporte Público,18,1403900013961,1403900012535,68,283,207,PP
Transporte Público,18,1403900013961,1403900014584,68,283,339,PP
Transporte Público,18,1403900013976,141011963,144,284,7230,PP
Transporte Público,18,1403900013976,1403900011645,63,284,135,PP
Transporte Público,18,1403900013976,1403900015188,131,284,395,PP
Transporte Público,18,1403900013976,1403900015347,27,284,410,PP
Transporte Público,18,1403900013976,1404400010100,6,284,1005,PP
Transporte Público,18,1403900013976,1404400540420,15,284,1035,PP
Transporte Público,18,1403900013976,1407001211518,13,284,3127,PP
Transporte Público,18,1403900013976,1409700053147,11,284,5043,PP
Transporte Público,18,1403900013976,1409800011097,101,284,6040,PP
Transporte Público,18,1403900013976,1409800012663,13,284,6154,PP
Transporte Público,18,1403900013976,1410100010147,10,284,7001,PP
Transporte Público,18,1403900013976,1410100010679,23,284,7031,PP
Transporte Público,18,1403900013976,1410100341978,82,284,7214,PP
Transporte Público,18,1403900013976,1412000012488,16,284,8101,PP
Transporte Público,18,1403900013976,1412000012825,96,284,8130,PP
Transporte Público,18,1403900013976,1412000013876,54,284,8213,PP
Transporte Público,18,1403900013976,140440002012A,4,284,1015,PP
Transporte Público,18,1403900013980,1403900013514,125,285,244,PP
Transporte Público,18,1403900013980,1409800010671,227,285,6021,PP
Transporte Público,18,1403900013980,140390001546A,227,285,421,PP
Transporte Público,18,1403900013995,1403900013209,140,286,235,PP
Transporte Público,18,1403900013995,1409800012625,101,286,6150,PP
Transporte Público,18,1403900014014,1403900014033,250,288,290,PP
Transporte Público,18,1403900014014,1403900015436,186,288,419,PP
Transporte Público,18,1403900014033,1403900011359,27,290,111,PP
Transporte Público,18,1403900014033,1403900013374,125,290,240,PP
Transporte Público,18,1403900014033,1403900014724,136,290,351,PP
Transporte Público,18,1403900014033,1409800010794,125,290,6025,PP
Transporte Público,18,1403900014033,1409800011951,93,290,6100,PP
Transporte Público,18,1403900014033,1409800012362,94,290,6127,PP
Transporte Público,18,1403900014033,1409800012983,13,290,6180,PP
Transporte Público,18,1403900014033,1410100312321,13,290,7212,PP
Transporte Público,18,1403900014033,1412000011795,100,290,8055,PP
Transporte Público,18,1403900014048,1403900012427,125,291,201,PP
Transporte Público,18,1403900014048,1403900012592,27,291,213,PP
Transporte Público,18,1403900014048,1403900013711,125,291,261,PP
Transporte Público,18,1403900014048,1403900015614,125,291,436,PP
Transporte Público,18,1403900014048,1412000016423,125,291,8364,PP
Transporte Público,18,1403900014048,1412002434713,7,291,8517,PP
Transporte Público,18,1403900014048,140390001101A,125,291,81,PP
Transporte Público,18,1403900014067,1403900010435,111,293,29,PP
Transporte Público,18,1403900014067,1403900011185,63,293,97,PP
Transporte Público,18,1403900014067,1403900011575,68,293,129,PP
Transporte Público,18,1403900014067,1403900013834,111,293,271,PP
Transporte Público,18,1403900014067,1412000012469,38,293,8099,PP
Transporte Público,18,1403900014071,1403900013798,226,294,267,PP
Transporte Público,18,1403900014071,1412000011193,49,294,8035,PP
Transporte Público,18,1403900014071,1412000011210,88,294,8037,PP
Transporte Público,18,1403900014071,1412000013077,77,294,8152,PP
Transporte Público,18,1403900014071,1412000013081,77,294,8153,PP
Transporte Público,18,1403900014071,1412000015942,49,294,8342,PP
Transporte Público,18,1403900014071,1412002065054,2,294,8462,PP
Transporte Público,18,1403900014071,141200206504A,5,294,8461,PP
Transporte Público,18,1403900014090,1403900010365,114,296,23,PP
Transporte Público,18,1403900014103,141200157,19,297,8460,PP
Transporte Público,18,1403900014103,1410100010931,82,297,7051,PP
Transporte Público,18,1403900014103,1410101892656,144,297,7221,PP
Transporte Público,18,1403900014103,1412000011206,11,297,8036,PP
Transporte Público,18,1403900014103,1412000013575,19,297,8189,PP
Transporte Público,18,1403900014103,141010001065A,82,297,7030,PP
Transporte Público,18,1403900014118,1403900011359,114,298,111,PP
Transporte Público,18,1403900014118,1403900011378,114,298,113,PP
Transporte Público,18,1403900014122,1403900010505,128,299,35,PP
Transporte Público,18,1403900014122,1403900014387,128,299,320,PP
Transporte Público,18,1403900014122,1403900014442,226,299,325,PP
Transporte Público,18,1403900014122,1412002065054,2,299,8462,PP
Transporte Público,18,1403900014194,1410100010433,140,305,7011,PP
Transporte Público,18,1403900014226,1403900010524,128,308,37,PP
Transporte Público,18,1403900014230,1410100011592,24,309,7104,PP
Transporte Público,18,1403900014245,1403900015008,140,310,377,PP
Transporte Público,18,1403900014245,140390001507A,140,310,384,PP
Transporte Público,18,1403900014283,1403900011363,140,314,112,PP
Transporte Público,18,1403900014298,1410100010147,10,315,7001,PP
Transporte Público,18,1403900014298,1410100010611,62,315,7026,PP
Transporte Público,18,1403900014298,1412000012172,54,315,8072,PP
Transporte Público,18,1403900014387,1412000014215,77,320,8230,PP
Transporte Público,18,1403900014423,1403900011359,256,323,111,PP
Transporte Público,18,1403900014423,1403900014211,128,323,307,PP
Transporte Público,18,1403900014442,1412000013113,54,325,8155,PP
Transporte Público,18,1403900014442,1412000014338,27,325,8242,PP
Transporte Público,18,1403900014461,1403900013726,27,327,262,PP
Transporte Público,18,1403900014461,1403900014461,136,327,327,PP
Transporte Público,18,1403900014461,1412000011193,49,327,8035,PP
Transporte Público,18,1403900014476,1409800011383,23,328,6060,PP
Transporte Público,18,1403900014476,1409800011398,23,328,6061,PP
Transporte Público,18,1403900014476,1409800011951,163,328,6100,PP
Transporte Público,18,1403900014476,1409800012358,93,328,6126,PP
Transporte Público,18,1403900014476,1409800012752,13,328,6161,PP
Transporte Público,18,1403900014476,140390001553A,93,328,428,PP
Transporte Público,18,1403900014480,1403900011537,131,329,126,PP
Transporte Público,18,1403900014512,1403900015277,140,332,403,PP
Transporte Público,18,1403900014527,1403900010844,131,333,65,PP
Transporte Público,18,1403900014527,1403900014512,131,333,332,PP
Transporte Público,18,1403900014546,1403900010806,140,335,61,PP
Transporte Público,18,1403900014546,1403900012802,454,335,227,PP
Transporte Público,18,1403900014546,1407000431147,18,335,3115,PP
Transporte Público,18,1403900014546,1409704240570,38,335,5229,PP
Transporte Público,18,1403900014546,1409704240975,38,335,5230,PP
Transporte Público,18,1403900014546,1409800012150,13,335,6112,PP
Transporte Público,18,1403900014546,1410100010679,23,335,7031,PP
Transporte Público,18,1403900014546,1412000013414,21,335,8178,PP
Transporte Público,18,1403900014546,1412000015340,26,335,8312,PP
Transporte Público,18,1403900014546,1412000016620,31,335,8379,PP
Transporte Público,18,1403900014546,141200001372A,27,335,8203,PP
Transporte Público,18,1403900014550,1412000010602,26,336,8013,PP
Transporte Público,18,1403900014565,1403900010897,140,337,70,PP
Transporte Público,18,1403900014584,1409700010918,68,339,5009,PP
Transporte Público,18,1403900014584,1412000011935,152,339,8066,PP
Transporte Público,18,1403900014584,1412000012308,56,339,8083,PP
Transporte Público,18,1403900014584,140970835365A,31,339,5327,PP
Transporte Público,18,1403900014584,141200001066A,62,339,8018,PP
Transporte Público,18,1403900014616,140390001350A,125,342,243,PP
Transporte Público,18,1403900014654,1403900013336,68,346,238,PP
Transporte Público,18,1403900014654,1409800011909,93,346,6097,PP
Transporte Público,18,1403900014669,140970104,19,347,5209,PP
Transporte Público,18,1403900014669,1407000131448,54,347,3040,PP
Transporte Público,18,1403900014669,1409700340388,11,347,5158,PP
Transporte Público,18,1403900014724,1409700053503,11,351,5047,PP
Transporte Público,18,1403900014743,1403900014353,272,352,318,PP
Transporte Público,18,1403900014743,1403900014387,226,352,320,PP
Transporte Público,18,1403900014743,1403900014616,125,352,342,PP
Transporte Público,18,1403900014743,1409800011631,52,352,6075,PP
Transporte Público,18,1403900014743,1409800011646,52,352,6076,PP
Transporte Público,18,1403900014743,140980001135A,125,352,6057,PP
Transporte Público,18,1403900014809,1403900013656,114,357,256,PP
Transporte Público,18,1403900014813,1403900013656,114,358,256,PP
Transporte Público,18,1403900014832,140440011,15,360,1031,PP
Transporte Público,18,1403900014832,1403900011679,63,360,138,PP
Transporte Público,18,1403900014832,1403900013656,115,360,256,PP
Transporte Público,18,1403900014832,1407000201397,33,360,3080,PP
Transporte Público,18,1403900014832,1410100010931,82,360,7051,PP
Transporte Público,18,1403900014832,1410100011268,10,360,7078,PP
Transporte Público,18,1403900014832,1410100091450,62,360,7150,PP
Transporte Público,18,1403900014832,1410100092213,62,360,7179,PP
Transporte Público,18,1403900014832,1412000010814,110,360,8022,PP
Transporte Público,18,1403900014832,1412000016832,110,360,8395,PP
Transporte Público,18,1403900014832,141200001326A,62,360,8167,PP
Transporte Público,18,1403900014847,1412000016601,128,361,8377,PP
Transporte Público,18,1403900014851,1403900014404,128,362,322,PP
Transporte Público,18,1403900014866,1409800012663,13,363,6154,PP
Transporte Público,18,1403900014870,1403900014866,114,364,363,PP
Transporte Público,18,1403900014902,1403900010933,43,367,73,PP
Transporte Público,18,1403900014902,1403900014902,43,367,367,PP
Transporte Público,18,1403900014902,1412000013594,19,367,8190,PP
Transporte Público,18,1403900014917,1403900014781,128,368,355,PP
Transporte Público,18,1403900014917,1410100010202,262,368,7004,PP
Transporte Público,18,1403900014936,1403900010435,222,370,29,PP
Transporte Público,18,1403900014936,1403900010473,226,370,33,PP
Transporte Público,18,1403900014936,1403900011965,111,370,165,PP
Transporte Público,18,1403900014936,1403900013923,226,370,279,PP
Transporte Público,18,1403900014936,1403900014442,226,370,325,PP
Transporte Público,18,1403900014936,1403900014936,518,370,370,PP
Transporte Público,18,1403900014936,1403900015205,393,370,397,PP
Transporte Público,18,1403900014936,1403900015597,452,370,434,PP
Transporte Público,18,1403900014936,1412000012115,48,370,8069,PP
Transporte Público,18,1403900014936,1412000012793,102,370,8127,PP
Transporte Público,18,1403900014936,1412000013062,137,370,8151,PP
Transporte Público,18,1403900014936,1412000013113,27,370,8155,PP
Transporte Público,18,1403900014936,1412000013787,48,370,8207,PP
Transporte Público,18,1403900014936,1412000014272,96,370,8236,PP
Transporte Público,18,1403900014936,1412000014291,48,370,8238,PP
Transporte Público,18,1403900014936,1412000014338,144,370,8242,PP
Transporte Público,18,1403900014936,1412000015139,48,370,8295,PP
Transporte Público,18,1403900014936,1412000015177,48,370,8299,PP
Transporte Público,18,1403900014936,1412000015533,96,370,8323,PP
Transporte Público,18,1403900014936,1412000015800,100,370,8336,PP
Transporte Público,18,1403900014936,140510001004A,4,370,2001,PP
Transporte Público,18,1403900014936,141200001212A,48,370,8070,PP
Transporte Público,18,1403900014936,141200001372A,27,370,8203,PP
Transporte Público,18,1403900014936,141200001486A,48,370,8284,PP
Transporte Público,18,1403900015008,1403900011221,140,377,101,PP
Transporte Público,18,1403900015012,1403900010863,140,378,67,PP
Transporte Público,18,1403900015012,1403900011359,140,378,111,PP
Transporte Público,18,1403900015012,1410100010147,10,378,7001,PP
Transporte Público,18,1403900015027,141012567,26,379,7232,PP
Transporte Público,18,1403900015027,1403900012304,136,379,192,PP
Transporte Público,18,1403900015027,1412000011032,77,379,8030,PP
Transporte Público,18,1403900015031,1403900014476,393,380,328,PP
Transporte Público,18,1403900015050,1410100012073,132,382,7133,PP
Transporte Público,18,1403900015099,1403900015099,131,386,386,PP
Transporte Público,18,1403900015099,1412000011278,131,386,8039,PP
Transporte Público,18,1403900015099,140390001172A,131,386,143,PP
Transporte Público,18,1403900015101,1403900012056,136,387,174,PP
Transporte Público,18,1403900015120,1403900013641,131,389,255,PP
Transporte Público,18,1403900015154,1403900011537,131,392,126,PP
Transporte Público,18,1403900015154,1403900013923,131,392,279,PP
Transporte Público,18,1403900015243,1403900015243,280,400,400,PP
Transporte Público,18,1403900015262,1410100011395,136,402,7089,PP
Transporte Público,18,1403900015277,1403900014476,140,403,328,PP
Transporte Público,18,1403900015309,1412000012115,48,406,8069,PP
Transporte Público,18,1403900015309,1412000015177,48,406,8299,PP
Transporte Público,18,1403900015328,1403900011359,125,408,111,PP
Transporte Público,18,1403900015328,1407000131486,96,408,3043,PP
Transporte Público,18,1403900015328,1409700350138,54,408,5169,PP
Transporte Público,18,1403900015328,1409700350231,96,408,5170,PP
Transporte Público,18,1403900015328,1409700353772,54,408,5179,PP
Transporte Público,18,1403900015328,1409800011237,96,408,6050,PP
Transporte Público,18,1403900015332,1409800012150,13,409,6112,PP
Transporte Público,18,1403900015347,140701467,23,410,3133,PP
Transporte Público,18,1403900015347,1403900011378,27,410,113,PP
Transporte Público,18,1403900015347,1403900012446,27,410,203,PP
Transporte Público,18,1403900015347,1403900013730,27,410,263,PP
Transporte Público,18,1403900015347,1403900014546,54,410,335,PP
Transporte Público,18,1403900015347,1403900015347,48,410,410,PP
Transporte Público,18,1403900015347,1409800011383,13,410,6060,PP
Transporte Público,18,1403900015347,1410100312317,13,410,7211,PP
Transporte Público,18,1403900015347,1412000012863,30,410,8133,PP
Transporte Público,18,1403900015347,1412000013575,11,410,8189,PP
Transporte Público,18,1403900015347,140700021101A,36,410,3088,PP
Transporte Público,18,1403900015366,140980243,15,412,6237,PP
Transporte Público,18,1403900015366,1403900010755,63,412,57,PP
Transporte Público,18,1403900015366,1407001211518,13,412,3127,PP
Transporte Público,18,1403900015366,1409701152596,33,412,5217,PP
Transporte Público,18,1403900015366,1409704241761,21,412,5232,PP
Transporte Público,18,1403900015366,1409800012911,52,412,6175,PP
Transporte Público,18,1403900015366,1409800013214,54,412,6199,PP
Transporte Público,18,1403900015366,1410100011003,82,412,7058,PP
Transporte Público,18,1403900015366,1410100011130,23,412,7069,PP
Transporte Público,18,1403900015366,1410100091910,62,412,7163,PP
Transporte Público,18,1403900015366,1410100342641,82,412,7217,PP
Transporte Público,18,1403900015366,1412000012295,84,412,8082,PP
Transporte Público,18,1403900015366,1412000012327,56,412,8085,PP
Transporte Público,18,1403900015366,1412000013274,110,412,8168,PP
Transporte Público,18,1403900015366,1412000015162,27,412,8298,PP
Transporte Público,18,1403900015370,1409700053147,11,413,5043,PP
Transporte Público,18,1403900015402,1412000015340,26,416,8312,PP
Transporte Público,18,1403900015417,1403900011359,93,417,111,PP
Transporte Público,18,1403900015417,1403900014673,94,417,348,PP
Transporte Público,18,1403900015417,1409800010879,93,417,6028,PP
Transporte Público,18,1403900015436,1403900014014,93,419,288,PP
Transporte Público,18,1403900015436,1409708432666,186,419,5336,PP
Transporte Público,18,1403900015436,1409800011345,186,419,6056,PP
Transporte Público,18,1403900015436,1412002434713,93,419,8517,PP
Transporte Público,18,1403900015440,1403900011861,114,420,155,PP
Transporte Público,18,1403900015440,1403900013340,68,420,239,PP
Transporte Público,18,1403900015440,1409800010987,186,420,6032,PP
Transporte Público,18,1403900015474,1403900011274,125,422,103,PP
Transporte Público,18,1403900015474,1403900014033,125,422,290,PP
Transporte Público,18,1403900015489,1409800011222,125,423,6049,PP
Transporte Público,18,1403900015506,1403900011170,93,425,96,PP
Transporte Público,18,1403900015506,1403900014033,93,425,290,PP
Transporte Público,18,1403900015506,1403900015506,93,425,425,PP
Transporte Público,18,1403900015525,1403900012179,125,427,182,PP
Transporte Público,18,1403900015525,1409800012451,126,427,6134,PP
Transporte Público,18,1403900015559,1403900013783,93,430,266,PP
Transporte Público,18,1403900015559,140390001464A,93,430,345,PP
Transporte Público,18,1403900015578,1403900015440,93,432,420,PP
Transporte Público,18,1403900015578,1409800011928,93,432,6099,PP
Transporte Público,18,1403900015597,1403900012164,128,434,181,PP
Transporte Público,18,1403900015597,1403900013891,128,434,276,PP
Transporte Público,18,1403900015629,1403900015629,125,437,437,PP
Transporte Público,18,1403900015633,1410100011268,10,438,7078,PP
Transporte Público,18,1403900015652,1403900011397,63,440,115,PP
Transporte Público,18,1403900015652,1403900011912,63,440,160,PP
Transporte Público,18,1403900015652,1403900014917,43,440,368,PP
Transporte Público,18,1403900015652,1412000014291,48,440,8238,PP
Transporte Público,18,1403900015652,1412000015143,48,440,8296,PP
Transporte Público,18,1403900015652,1412002314145,15,440,8475,PP
Transporte Público,18,1403900015667,1410100010594,62,441,7024,PP
Transporte Público,18,1403900015671,1403900014546,131,442,335,PP
Transporte Público,18,1404400010098,140440011,15,1004,1031,PP
Transporte Público,18,1404400010098,1410100092586,62,1004,7190,PP
Transporte Público,18,1404400010100,140440011,6,1005,1031,PP
Transporte Público,18,1404400010100,14097059A,32,1005,5241,PP
Transporte Público,18,1404400020115,1404400020346,4,1014,1022,PP
Transporte Público,18,1404400020115,1405100010054,4,1014,2002,PP
Transporte Público,18,1404400020134,999990005,4,1016,10004,PP
Transporte Público,18,1404400100238,1404400010098,6,1028,1004,PP
Transporte Público,18,1404400100238,1404400100238,30,1028,1028,PP
Transporte Público,18,1404400100238,1409700053166,12,1028,5045,PP
Transporte Público,18,1405100010054,1404400020115,4,2002,1014,PP
Transporte Público,18,1405100010054,1407000010702,33,2002,3015,PP
Transporte Público,18,1405100010054,1407001211518,13,2002,3127,PP
Transporte Público,18,1405100010054,140510001004A,2,2002,2001,PP
Transporte Público,18,1405100010069,1405100020181,12,2003,2015,PP
Transporte Público,18,1405100010069,1410100011573,13,2003,7102,PP
Transporte Público,18,1405100010139,1403900013976,1,2010,284,PP
Transporte Público,18,1405100010139,1405100010139,1,2010,2010,PP
Transporte Público,18,1405100010139,140510001004A,1,2010,2001,PP
Transporte Público,18,1405100020181,1410100260683,13,2015,7197,PP
Transporte Público,18,1405100020196,141240090,12,2016,9047,PP
Transporte Público,18,1405100020196,1403900012592,12,2016,213,PP
Transporte Público,18,1405100020196,1405100020181,12,2016,2015,PP
Transporte Público,18,1405100020196,1405100020196,13,2016,2016,PP
Transporte Público,18,1405100020209,141240090,2,2017,9047,PP
Transporte Público,18,1405100020209,1410100260698,13,2017,7198,PP
Transporte Público,18,1405100020213,1405100020213,12,2018,2018,PP
Transporte Público,18,1407000010030,141012567,13,3001,7232,PP
Transporte Público,18,1407000010030,1407000010045,1,3001,3002,PP
Transporte Público,18,1407000010030,1407000011503,33,3001,3026,PP
Transporte Público,18,1407000010030,140700111133A,33,3001,3121,PP
Transporte Público,18,1407000010045,140440026,6,3002,1032,PP
Transporte Público,18,1407000010045,140701467,13,3002,3133,PP
Transporte Público,18,1407000010045,1403900013707,27,3002,260,PP
Transporte Público,18,1407000010045,1403900013798,226,3002,267,PP
Transporte Público,18,1407000010045,1403900014404,128,3002,322,PP
Transporte Público,18,1407000010045,1403900015597,128,3002,434,PP
Transporte Público,18,1407000010045,1404400540435,15,3002,1036,PP
Transporte Público,18,1407000010045,1407000010045,93,3002,3002,PP
Transporte Público,18,1407000010045,1407001211518,13,3002,3127,PP
Transporte Público,18,1407000010045,1409800011260,52,3002,6053,PP
Transporte Público,18,1407000010045,1409800011576,13,3002,6072,PP
Transporte Público,18,1407000010045,1409800012767,13,3002,6162,PP
Transporte Público,18,1407000010045,1410101902374,13,3002,7224,PP
Transporte Público,18,1407000010045,140510001004A,4,3002,2001,PP
Transporte Público,18,1407000010100,141010027236A,13,3004,7210,PP
Transporte Público,18,1407000010115,1405100020213,12,3005,2018,PP
Transporte Público,18,1407000010115,1409700053147,11,3005,5043,PP
Transporte Público,18,1407000010115,1410100312317,13,3005,7211,PP
Transporte Público,18,1407000010115,140510001004A,4,3005,2001,PP
Transporte Público,18,1407000010115,14097059A,32,3005,5241,PP
Transporte Público,18,1407000010384,1407001211518,13,3009,3127,PP
Transporte Público,18,1407000010384,1410100312321,13,3009,7212,PP
Transporte Público,18,1407000010399,1404400020134,4,3010,1016,PP
Transporte Público,18,1407000010399,140510001004A,1,3010,2001,PP
Transporte Público,18,1407000010717,1409700353772,108,3016,5179,PP
Transporte Público,18,1407000130083,1407000010045,1,3028,3002,PP
Transporte Público,18,1407000130083,1409800010953,101,3028,6029,PP
Transporte Público,18,1407000130083,1410100010679,23,3028,7031,PP
Transporte Público,18,1407000130083,1410100011592,23,3028,7104,PP
Transporte Público,18,1407000130238,1409800011576,13,3029,6072,PP
Transporte Público,18,1407000130327,1407000130350,36,3030,3031,PP
Transporte Público,18,1407000130327,1407000130401,36,3030,3033,PP
Transporte Público,18,1407000130327,1407000131471,36,3030,3042,PP
Transporte Público,18,1407000130327,1409800010084,136,3030,6005,PP
Transporte Público,18,1407000130327,14097059A,36,3030,5241,PP
Transporte Público,18,1407000130350,1409708623414,54,3031,5366,PP
Transporte Público,18,1407000130350,1409708744018,54,3031,5374,PP
Transporte Público,18,1407000130350,1412000011206,11,3031,8036,PP
Transporte Público,18,1407000130350,1412000012863,11,3031,8133,PP
Transporte Público,18,1407000130350,1412000013575,19,3031,8189,PP
Transporte Público,18,1407000130350,140980001181A,13,3031,6090,PP
Transporte Público,18,1407000130365,140390001368A,36,3032,258,PP
Transporte Público,18,1407000130401,140980243,9,3033,6237,PP
Transporte Público,18,1407000130401,1403900013707,27,3033,260,PP
Transporte Público,18,1407000130401,1403900013995,13,3033,286,PP
Transporte Público,18,1407000130401,1407000130401,149,3033,3033,PP
Transporte Público,18,1407000130401,1407000140276,13,3033,3046,PP
Transporte Público,18,1407000130401,1407000210736,9,3033,3082,PP
Transporte Público,18,1407000130401,1407000430897,36,3033,3106,PP
Transporte Público,18,1407000130401,1407000641306,33,3033,3118,PP
Transporte Público,18,1407000130401,1409700350138,54,3033,5169,PP
Transporte Público,18,1407000130401,1409800011383,26,3033,6060,PP
Transporte Público,18,1407000130401,1409800012428,13,3033,6131,PP
Transporte Público,18,1407000130401,1412000013433,95,3033,8180,PP
Transporte Público,18,1407000130401,1412000016550,95,3033,8372,PP
Transporte Público,18,1407000130401,14097059A,32,3033,5241,PP
Transporte Público,18,1407000130416,1403900011359,36,3034,111,PP
Transporte Público,18,1407000130416,1407000130416,36,3034,3034,PP
Transporte Público,18,1407000130416,1409800011434,72,3034,6063,PP
Transporte Público,18,1407000130416,1409800012381,36,3034,6129,PP
Transporte Público,18,1407000130416,1410100010895,82,3034,7048,PP
Transporte Público,18,1407000130420,1403900012003,36,3035,169,PP
Transporte Público,18,1407000130420,140980001320A,54,3035,6198,PP
Transporte Público,18,1407000130435,1403900011359,36,3036,111,PP
Transporte Público,18,1407000131429,1409700381795,54,3038,5181,PP
Transporte Público,18,1407000131429,1409800012432,54,3038,6132,PP
Transporte Público,18,1407000131429,1410100010931,54,3038,7051,PP
Transporte Público,18,1407000131429,14070140A,54,3038,3131,PP
Transporte Público,18,1407000131429,141200001066A,54,3038,8018,PP
Transporte Público,18,1407000131452,1409708744018,54,3041,5374,PP
Transporte Público,18,1407000131452,1409800013110,54,3041,6191,PP
Transporte Público,18,1407000131471,1407000430295,36,3042,3096,PP
Transporte Público,18,1407000131486,1403900011753,54,3043,145,PP
Transporte Público,18,1407000131486,1409700350138,54,3043,5169,PP
Transporte Público,18,1407000140219,1403900011626,36,3044,133,PP
Transporte Público,18,1407000140219,1407000130401,36,3044,3033,PP
Transporte Público,18,1407000140219,1407000140346,36,3044,3048,PP
Transporte Público,18,1407000140223,1403900011359,36,3045,111,PP
Transporte Público,18,1407000140223,1407000130401,36,3045,3033,PP
Transporte Público,18,1407000140223,1409800012428,36,3045,6131,PP
Transporte Público,18,1407000140223,1409800012733,52,3045,6159,PP
Transporte Público,18,1407000140276,1403900012802,13,3046,227,PP
Transporte Público,18,1407000140276,1407000131471,13,3046,3042,PP
Transporte Público,18,1407000140276,1409800010525,13,3046,6018,PP
Transporte Público,18,1407000140276,1412000011526,21,3046,8045,PP
Transporte Público,18,1407000140276,1412000014198,13,3046,8228,PP
Transporte Público,18,1407000140276,140510001004A,1,3046,2001,PP
Transporte Público,18,1407000140276,140700021101A,26,3046,3088,PP
Transporte Público,18,1407000140276,14097059A,13,3046,5241,PP
Transporte Público,18,1407000140346,1407000140346,36,3048,3048,PP
Transporte Público,18,1407000140488,1403900011359,36,3053,111,PP
Transporte Público,18,1407000140558,1407000130083,13,3055,3028,PP
Transporte Público,18,1407000140558,1407000200613,33,3055,3071,PP
Transporte Público,18,1407000140810,1407000130401,36,3058,3033,PP
Transporte Público,18,1407000140825,1407000200789,66,3059,3072,PP
Transporte Público,18,1407000140844,1407000130416,36,3061,3034,PP
Transporte Público,18,1407000140844,1407001111363,33,3061,3124,PP
Transporte Público,18,1407000140844,1409700092810,72,3061,5051,PP
Transporte Público,18,1407000140844,1409701151511,33,3061,5214,PP
Transporte Público,18,1407000140844,1409708634111,32,3061,5367,PP
Transporte Público,18,1407000140844,1412000012914,49,3061,8137,PP
Transporte Público,18,1407000140844,14097059A,36,3061,5241,PP
Transporte Público,18,1407000140859,1403900011359,36,3062,111,PP
Transporte Público,18,1407000140859,140390001101A,36,3062,81,PP
Transporte Público,18,1407000200079,1403900011185,33,3065,97,PP
Transporte Público,18,1407000200079,1405100010054,33,3065,2002,PP
Transporte Público,18,1407000200079,1407001111359,33,3065,3123,PP
Transporte Público,18,1407000200191,1409701152596,33,3066,5217,PP
Transporte Público,18,1407000200191,140510001004A,2,3066,2001,PP
Transporte Público,18,1407000200204,1407000211151,36,3067,3093,PP
Transporte Público,18,1407000200204,1409700053503,11,3067,5047,PP
Transporte Público,18,1407000200204,1409701151511,33,3067,5214,PP
Transporte Público,18,1407000200204,1410101902374,13,3067,7224,PP
Transporte Público,18,1407000200204,140390001553A,93,3067,428,PP
Transporte Público,18,1407000200242,1407001111325,33,3068,3120,PP
Transporte Público,18,1407000200257,1403900010539,140,3069,38,PP
Transporte Público,18,1407000200257,1403900015243,140,3069,400,PP
Transporte Público,18,1407000200257,1407000010702,33,3069,3015,PP
Transporte Público,18,1407000200257,1407000130327,36,3069,3030,PP
Transporte Público,18,1407000200257,1407000430308,36,3069,3097,PP
Transporte Público,18,1407000200257,1409700152064,6,3069,5074,PP
Transporte Público,18,1407000200257,1409800011398,13,3069,6061,PP
Transporte Público,18,1407000200257,1412000016141,26,3069,8356,PP
Transporte Público,18,1407000200257,140510001004A,3,3069,2001,PP
Transporte Público,18,1407000200789,1409708634111,64,3072,5367,PP
Transporte Público,18,1407000201236,1407000010702,33,3076,3015,PP
Transporte Público,18,1407000210736,1403900012319,9,3082,193,PP
Transporte Público,18,1407000210736,1407000130401,9,3082,3033,PP
Transporte Público,18,1407000210736,1409700411263,18,3082,5193,PP
Transporte Público,18,1407000210736,1410100010912,9,3082,7049,PP
Transporte Público,18,1407000210736,1412000011009,9,3082,8029,PP
Transporte Público,18,1407000210736,140700021101A,9,3082,3088,PP
Transporte Público,18,1407000210736,14097059A,9,3082,5241,PP
Transporte Público,18,1407000210736,140980001142A,9,3082,6062,PP
Transporte Público,18,1407000210967,140980243,9,3086,6237,PP
Transporte Público,18,1407000210967,1403900011359,9,3086,111,PP
Transporte Público,18,1407000210967,1409800012767,9,3086,6162,PP
Transporte Público,18,1407000210967,140700021101A,9,3086,3088,PP
Transporte Público,18,1407000210967,141200001066A,9,3086,8018,PP
Transporte Público,18,1407000211005,1407000131429,9,3087,3038,PP
Transporte Público,18,1407000211005,140700111133A,66,3087,3121,PP
Transporte Público,18,1407000211109,1403900011170,36,3090,96,PP
Transporte Público,18,1407000211109,1403900014673,36,3090,348,PP
Transporte Público,18,1407000211113,1409800010879,36,3091,6028,PP
Transporte Público,18,1407000430295,1403900011378,36,3096,113,PP
Transporte Público,18,1407000430295,1407000130401,36,3096,3033,PP
Transporte Público,18,1407000430295,1407000430492,36,3096,3098,PP
Transporte Público,18,1407000430295,1409700092810,32,3096,5051,PP
Transporte Público,18,1407000430295,1409800011345,36,3096,6056,PP
Transporte Público,18,1407000430308,1403900011359,36,3097,111,PP
Transporte Público,18,1407000430308,1407000430295,36,3097,3096,PP
Transporte Público,18,1407000430308,1407000430308,36,3097,3097,PP
Transporte Público,18,1407000430308,140700014083A,72,3097,3060,PP
Transporte Público,18,1407000430651,1407000140276,9,3103,3046,PP
Transporte Público,18,1407000430806,1403900011363,9,3105,112,PP
Transporte Público,18,1407000430806,1407000430806,9,3105,3105,PP
Transporte Público,18,1407000430897,1403900011359,36,3106,111,PP
Transporte Público,18,1407000430897,1409800011364,36,3106,6058,PP
Transporte Público,18,1407000430897,1412000015482,36,3106,8320,PP
Transporte Público,18,1407000430897,140700021101A,36,3106,3088,PP
Transporte Público,18,1407000430897,14070140A,36,3106,3131,PP
Transporte Público,18,1407000431024,1407000430806,18,3111,3105,PP
Transporte Público,18,1407000431024,140700021076A,9,3111,3085,PP
Transporte Público,18,1407000431024,140700021101A,9,3111,3088,PP
Transporte Público,18,1407000431024,140980001053A,9,3111,6019,PP
Transporte Público,18,1407000431039,1403900011359,9,3112,111,PP
Transporte Público,18,1407000431039,1407000211005,9,3112,3087,PP
Transporte Público,18,1407000431039,140700021101A,18,3112,3088,PP
Transporte Público,18,1407000431147,1403900011359,27,3115,111,PP
Transporte Público,18,1407000431147,1403900011378,9,3115,113,PP
Transporte Público,18,1407000431147,1407000200242,9,3115,3068,PP
Transporte Público,18,1407000431147,1409800011928,9,3115,6099,PP
Transporte Público,18,1407000431147,140700021101A,18,3115,3088,PP
Transporte Público,18,1407000431147,14070140A,9,3115,3131,PP
Transporte Público,18,1407001111378,140701467,13,3125,3133,PP
Transporte Público,18,1407001111378,1407000010098,33,3125,3003,PP
Transporte Público,18,1407001111378,1407000431147,9,3125,3115,PP
Transporte Público,18,1407001111378,1407000641306,33,3125,3118,PP
Transporte Público,18,1407001111378,1409700053147,11,3125,5043,PP
Transporte Público,18,1407001111378,14097059A,54,3125,5241,PP
Transporte Público,18,1407001211518,1410100010471,23,3127,7014,PP
Transporte Público,18,1409700010195,1409700250369,28,5001,5088,PP
Transporte Público,18,1409700010208,1412000012488,16,5002,8101,PP
Transporte Público,18,1409700010212,140973679,31,5003,5390,PP
Transporte Público,18,1409700010212,1409700010212,11,5003,5003,PP
Transporte Público,18,1409700010212,1409700012098,31,5003,5021,PP
Transporte Público,18,1409700010212,1409700012134,31,5003,5025,PP
Transporte Público,18,1409700010212,1409700013113,9,5003,5031,PP
Transporte Público,18,1409700010212,1409700340373,11,5003,5157,PP
Transporte Público,18,1409700010212,1409700341352,33,5003,5161,PP
Transporte Público,18,1409700010212,1409700463861,159,5003,5206,PP
Transporte Público,18,1409700010212,1409708432632,53,5003,5333,PP
Transporte Público,18,1409700010212,140970001212A,32,5003,5024,PP
Transporte Público,18,1409700010918,1403900014048,125,5009,291,PP
Transporte Público,18,1409700010918,1403900015559,93,5009,430,PP
Transporte Público,18,1409700010918,1407000131452,54,5009,3041,PP
Transporte Público,18,1409700010918,1409700012115,31,5009,5023,PP
Transporte Público,18,1409700010918,1409700050335,33,5009,5035,PP
Transporte Público,18,1409700010918,1409700250369,28,5009,5088,PP
Transporte Público,18,1409700010918,1409700250477,28,5009,5091,PP
Transporte Público,18,1409700010918,1409700312774,6,5009,5132,PP
Transporte Público,18,1409700010918,1409700340250,11,5009,5156,PP
Transporte Público,18,1409700010918,1409700340388,11,5009,5158,PP
Transporte Público,18,1409700010918,1409700350138,216,5009,5169,PP
Transporte Público,18,1409700010918,1409708221935,136,5009,5265,PP
Transporte Público,18,1409700010918,1409708311653,54,5009,5297,PP
Transporte Público,18,1409700010918,1409708352736,31,5009,5323,PP
Transporte Público,18,1409700010918,1409708353378,31,5009,5325,PP
Transporte Público,18,1409700010918,1409708432666,53,5009,5336,PP
Transporte Público,18,1409700010918,1409708441704,59,5009,5347,PP
Transporte Público,18,1409700010918,1409800010370,13,5009,6014,PP
Transporte Público,18,1409700010918,1409800011190,125,5009,6046,PP
Transporte Público,18,1409700010918,1409800012358,93,5009,6126,PP
Transporte Público,18,1409700010918,1409800012377,163,5009,6128,PP
Transporte Público,18,1409700010918,1409800013375,91,5009,6212,PP
Transporte Público,18,1409700010918,1409801282875,52,5009,6234,PP
Transporte Público,18,1409700010918,1410100010147,10,5009,7001,PP
Transporte Público,18,1409700010918,1410100010787,131,5009,7040,PP
Transporte Público,18,1409700010918,1410100312317,13,5009,7211,PP
Transporte Público,18,1409700010918,1412000015552,21,5009,8325,PP
Transporte Público,18,1409700010918,140970424098A,21,5009,5231,PP
Transporte Público,18,1409700010918,14097059A,54,5009,5241,PP
Transporte Público,18,1409700010922,1409700010918,9,5010,5009,PP
Transporte Público,18,1409700010922,140970424098A,21,5010,5231,PP
Transporte Público,18,1409700010937,1409700012134,31,5011,5025,PP
Transporte Público,18,1409700010937,1409708352740,31,5011,5324,PP
Transporte Público,18,1409700010941,1409700010941,9,5012,5012,PP
Transporte Público,18,1409700010941,1409708223486,272,5012,5283,PP
Transporte Público,18,1409700010941,1409708432952,53,5012,5342,PP
Transporte Público,18,1409700010941,140980001320A,54,5012,6198,PP
Transporte Público,18,1409700012115,1409700010937,31,5023,5011,PP
Transporte Público,18,1409700012134,1409700053503,11,5025,5047,PP
Transporte Público,18,1409700053166,1409700050335,22,5045,5035,PP
Transporte Público,18,1409700092810,1409700092882,32,5051,5058,PP
Transporte Público,18,1409700092810,140440002012A,4,5051,1015,PP
Transporte Público,18,1409700092810,140510001004A,1,5051,2001,PP
Transporte Público,18,1409700092810,140970005034A,11,5051,5036,PP
Transporte Público,18,1409700150960,1407000200613,33,5069,3071,PP
Transporte Público,18,1409700150960,1409700150227,6,5069,5061,PP
Transporte Público,18,1409700150960,1409700150960,6,5069,5069,PP
Transporte Público,18,1409700201013,140970015,55,5079,5060,PP
Transporte Público,18,1409700201013,140980012,21,5079,6216,PP
Transporte Público,18,1409700201013,1409700010922,9,5079,5010,PP
Transporte Público,18,1409700201013,1409700010941,9,5079,5012,PP
Transporte Público,18,1409700201013,1409700250354,28,5079,5087,PP
Transporte Público,18,1409700201013,1409700250369,28,5079,5088,PP
Transporte Público,18,1409700201013,1409700250462,28,5079,5090,PP
Transporte Público,18,1409700201013,1409700321189,59,5079,5149,PP
Transporte Público,18,1409700201013,1409700341352,11,5079,5161,PP
Transporte Público,18,1409700201013,1409704240570,21,5079,5229,PP
Transporte Público,18,1409700201013,1409708352721,31,5079,5322,PP
Transporte Público,18,1409700201013,1409800012131,104,5079,6111,PP
Transporte Público,18,1409700201013,1409800142019,59,5079,6220,PP
Transporte Público,18,1409700201013,1412000012488,48,5079,8101,PP
Transporte Público,18,1409700201013,140970835365A,31,5079,5327,PP
Transporte Público,18,1409700250299,1409700010212,59,5086,5003,PP
Transporte Público,18,1409700250354,1409704240570,21,5087,5229,PP
Transporte Público,18,1409700250354,1412000016832,62,5087,8395,PP
Transporte Público,18,1409700250369,1403900011359,28,5088,111,PP
Transporte Público,18,1409700250369,1409704240443,28,5088,5228,PP
Transporte Público,18,1409700250369,1409708623414,28,5088,5366,PP
Transporte Público,18,1409700250369,1409800011928,28,5088,6099,PP
Transporte Público,18,1409700250369,1409800141114,28,5088,6218,PP
Transporte Público,18,1409700250369,1412000012488,16,5088,8101,PP
Transporte Público,18,1409700250369,141200001340A,28,5088,8177,PP
Transporte Público,18,1409700250462,1409700250462,59,5090,5090,PP
Transporte Público,18,1409700250462,1409700320180,59,5090,5136,PP
Transporte Público,18,1409700250477,1403900011359,28,5091,111,PP
Transporte Público,18,1409700250477,1409700201013,28,5091,5079,PP
Transporte Público,18,1409700250763,1407000200789,33,5094,3072,PP
Transporte Público,18,1409700250763,1409700010937,9,5094,5011,PP
Transporte Público,18,1409700250763,1409700010941,9,5094,5012,PP
Transporte Público,18,1409700250763,1409700012098,31,5094,5021,PP
Transporte Público,18,1409700250763,1409700012115,31,5094,5023,PP
Transporte Público,18,1409700250763,1409700250354,28,5094,5087,PP
Transporte Público,18,1409700250763,1409700340250,11,5094,5156,PP
Transporte Público,18,1409700250763,1409700340388,11,5094,5158,PP
Transporte Público,18,1409700250763,1412000012488,16,5094,8101,PP
Transporte Público,18,1409700250763,1412000015552,21,5094,8325,PP
Transporte Público,18,1409700250797,1409700010941,9,5097,5012,PP
Transporte Público,18,1409700250797,1409700250369,56,5097,5088,PP
Transporte Público,18,1409700250797,1409800012131,52,5097,6111,PP
Transporte Público,18,1409700250797,140970884397A,59,5097,5380,PP
Transporte Público,18,1409700250814,1409800142127,59,5099,6223,PP
Transporte Público,18,1409700252543,1409704240443,28,5120,5228,PP
Transporte Público,18,1409700252543,1409708441687,28,5120,5345,PP
Transporte Público,18,1409700320053,1403900015366,59,5135,412,PP
Transporte Público,18,1409700320053,1409700250354,28,5135,5087,PP
Transporte Público,18,1409700320053,1409700250477,28,5135,5091,PP
Transporte Público,18,1409700320053,1412000011206,59,5135,8036,PP
Transporte Público,18,1409700320180,141200001066A,59,5136,8018,PP
Transporte Público,18,1409700320284,1409700320829,59,5139,5143,PP
Transporte Público,18,1409700340250,140970015,11,5156,5060,PP
Transporte Público,18,1409700340250,140973679,31,5156,5390,PP
Transporte Público,18,1409700340250,1409700010922,9,5156,5010,PP
Transporte Público,18,1409700340250,1409700201013,22,5156,5079,PP
Transporte Público,18,1409700340250,1409700213838,11,5156,5080,PP
Transporte Público,18,1409700340250,1409700250477,28,5156,5091,PP
Transporte Público,18,1409700340250,1409704240443,11,5156,5228,PP
Transporte Público,18,1409700340250,1409708352721,31,5156,5322,PP
Transporte Público,18,1409700340250,1409800012381,11,5156,6129,PP
Transporte Público,18,1409700340250,1410100011094,62,5156,7066,PP
Transporte Público,18,1409700340250,1412002434713,11,5156,8517,PP
Transporte Público,18,1409700340373,1409700010941,9,5157,5012,PP
Transporte Público,18,1409700340388,1409700340250,11,5158,5156,PP
Transporte Público,18,1409700340848,1409700341352,11,5160,5161,PP
Transporte Público,18,1409700341352,1409700010212,11,5161,5003,PP
Transporte Público,18,1409700341352,1412000010706,11,5161,8020,PP
Transporte Público,18,1409700341352,1412000011742,19,5161,8053,PP
Transporte Público,18,1409700342505,1409700340373,11,5165,5157,PP
Transporte Público,18,1409700350138,1403900011575,54,5169,129,PP
Transporte Público,18,1409700350138,1407000130365,36,5169,3032,PP
Transporte Público,18,1409700350138,1407000131486,54,5169,3043,PP
Transporte Público,18,1409700350138,1407000201382,33,5169,3079,PP
Transporte Público,18,1409700350138,1409700053518,22,5169,5048,PP
Transporte Público,18,1409700350138,1409700350138,54,5169,5169,PP
Transporte Público,18,1409700350138,1409708744018,162,5169,5374,PP
Transporte Público,18,1409700350138,1409800011097,101,5169,6040,PP
Transporte Público,18,1409700350231,1409707771780,32,5170,5247,PP
Transporte Público,18,1409700353734,1409700350138,108,5178,5169,PP
Transporte Público,18,1409700353734,1410100011516,54,5178,7099,PP
Transporte Público,18,1409700353772,140972308,54,5179,5384,PP
Transporte Público,18,1409700353772,1403900011359,54,5179,111,PP
Transporte Público,18,1409700353772,1409700350138,54,5179,5169,PP
Transporte Público,18,1409700381795,1409700381795,272,5181,5181,PP
Transporte Público,18,1409700381827,1409700353734,136,5184,5178,PP
Transporte Público,18,1409700382242,1412000010617,110,5185,8014,PP
Transporte Público,18,1409700382242,1412000010814,110,5185,8022,PP
Transporte Público,18,1409700382242,1412000013274,220,5185,8168,PP
Transporte Público,18,1409700411263,1407000201382,34,5193,3079,PP
Transporte Público,18,1409700411263,1407000210736,9,5193,3082,PP
Transporte Público,18,1409700411263,1407001111325,33,5193,3120,PP
Transporte Público,18,1409700411263,1409700092810,32,5193,5051,PP
Transporte Público,18,1409700411263,1409707772365,32,5193,5248,PP
Transporte Público,18,1409700931028,1409700250477,28,5208,5091,PP
Transporte Público,18,1409700931028,1409800012837,23,5208,6169,PP
Transporte Público,18,1409701150886,1405100010054,33,5211,2002,PP
Transporte Público,18,1409701150890,1409700092844,32,5212,5054,PP
Transporte Público,18,1409701153363,1405100010139,1,5219,2010,PP
Transporte Público,18,1409701800301,140970015,11,5223,5060,PP
Transporte Público,18,1409701800301,1407000210755,10,5223,3084,PP
Transporte Público,18,1409701800301,1409700250369,28,5223,5088,PP
Transporte Público,18,1409701800301,1409700353772,108,5223,5179,PP
Transporte Público,18,1409701800301,1412000010231,100,5223,8003,PP
Transporte Público,18,1409701800301,141200001326A,62,5223,8167,PP
Transporte Público,18,1409701801244,1409700010941,9,5226,5012,PP
Transporte Público,18,1409701801244,1409700251456,59,5226,5111,PP
Transporte Público,18,1409701801244,1409704241761,21,5226,5232,PP
Transporte Público,18,1409701801244,1409708331865,136,5226,5312,PP
Transporte Público,18,1409704240443,1409700012331,31,5228,5026,PP
Transporte Público,18,1409704240443,1409700053518,11,5228,5048,PP
Transporte Público,18,1409704240443,1409700250354,28,5228,5087,PP
Transporte Público,18,1409704240443,1409700432628,22,5228,5205,PP
Transporte Público,18,1409704240443,1409704240443,21,5228,5228,PP
Transporte Público,18,1409704240443,1412000012488,16,5228,8101,PP
Transporte Público,18,1409704240570,1403900014546,21,5229,335,PP
Transporte Público,18,1409704240570,1412000010710,21,5229,8021,PP
Transporte Público,18,1409704240975,1409708221973,136,5230,5269,PP
Transporte Público,18,1409704241761,1403900011378,21,5232,113,PP
Transporte Público,18,1409704241761,1409704241761,59,5232,5232,PP
Transporte Público,18,1409704241761,1409800011928,21,5232,6099,PP
Transporte Público,18,1409704241761,1412000011460,21,5232,8044,PP
Transporte Público,18,1409704241761,1412000012473,16,5232,8100,PP
Transporte Público,18,1409704241761,1412000012488,48,5232,8101,PP
Transporte Público,18,1409704241761,1412000013611,28,5232,8192,PP
Transporte Público,18,1409704241761,1412000014605,21,5232,8269,PP
Transporte Público,18,1409704241761,1412000015497,153,5232,8321,PP
Transporte Público,18,1409704241761,140390001101A,21,5232,81,PP
Transporte Público,18,1409704241761,140390001464A,63,5232,345,PP
Transporte Público,18,1409704393895,1409704393895,31,5235,5235,PP
Transporte Público,18,1409705603467,1412000012505,59,5239,8103,PP
Transporte Público,18,1409706133931,1409708432952,53,5244,5342,PP
Transporte Público,18,1409707772365,1404400020115,4,5248,1014,PP
Transporte Público,18,1409708221530,1403900011325,136,5252,108,PP
Transporte Público,18,1409708221530,1403900014014,125,5252,288,PP
Transporte Público,18,1409708221530,1407000201236,33,5252,3076,PP
Transporte Público,18,1409708221530,1409700353734,162,5252,5178,PP
Transporte Público,18,1409708221530,1409700353772,54,5252,5179,PP
Transporte Público,18,1409708221530,1409700381795,136,5252,5181,PP
Transporte Público,18,1409708221530,1409700381827,272,5252,5184,PP
Transporte Público,18,1409708221530,1409708221530,309,5252,5252,PP
Transporte Público,18,1409708221530,1409708222469,136,5252,5274,PP
Transporte Público,18,1409708221530,1409708312030,136,5252,5300,PP
Transporte Público,18,1409708221530,1409708614075,272,5252,5361,PP
Transporte Público,18,1409708221530,1409800011928,136,5252,6099,PP
Transporte Público,18,1409708221530,1409800013375,52,5252,6212,PP
Transporte Público,18,1409708221545,1409708332933,136,5253,5316,PP
Transporte Público,18,1409708221583,1409708221530,272,5257,5252,PP
Transporte Público,18,1409708221598,1409800012767,13,5258,6162,PP
Transporte Público,18,1409708221598,140970822358A,136,5258,5285,PP
Transporte Público,18,1409708221600,1409800012714,136,5259,6157,PP
Transporte Público,18,1409708221901,1412000015209,26,5262,8302,PP
Transporte Público,18,1409708221920,1409708223077,136,5264,5279,PP
Transporte Público,18,1409708221935,1403900011359,136,5265,111,PP
Transporte Público,18,1409708221935,1409708221530,136,5265,5252,PP
Transporte Público,18,1409708221935,1409800010525,136,5265,6018,PP
Transporte Público,18,1409708221954,140970835365A,31,5267,5327,PP
Transporte Público,18,1409708221973,1403900011359,136,5269,111,PP
Transporte Público,18,1409708221973,1403900011378,136,5269,113,PP
Transporte Público,18,1409708221973,1412000014427,136,5269,8251,PP
Transporte Público,18,1409708222168,1409800010385,136,5271,6015,PP
Transporte Público,18,1409708222168,1409800012451,136,5271,6134,PP
Transporte Público,18,1409708222469,1403900013976,136,5274,284,PP
Transporte Público,18,1409708222469,1409708221530,136,5274,5252,PP
Transporte Público,18,1409708222469,1409800011928,136,5274,6099,PP
Transporte Público,18,1409708223043,1403900011170,136,5276,96,PP
Transporte Público,18,1409708223043,1403900015366,136,5276,412,PP
Transporte Público,18,1409708223043,1409800011345,136,5276,6056,PP
Transporte Público,18,1409708223058,1409708221969,272,5277,5268,PP
Transporte Público,18,1409708223077,1412000014836,136,5279,8281,PP
Transporte Público,18,1409708223486,1412000014836,136,5283,8281,PP
Transporte Público,18,1409708223700,1409700010922,136,5287,5010,PP
Transporte Público,18,1409708223700,1409704240443,136,5287,5228,PP
Transporte Público,18,1409708223700,1409800011383,136,5287,6060,PP
Transporte Público,18,1409708223749,1403900015366,136,5290,412,PP
Transporte Público,18,1409708223749,1409708221530,136,5290,5252,PP
Transporte Público,18,1409708311649,1409700053151,11,5296,5044,PP
Transporte Público,18,1409708311653,140980001085A,53,5297,6027,PP
Transporte Público,18,1409708312030,1409700010941,9,5300,5012,PP
Transporte Público,18,1409708312030,1409708223043,272,5300,5276,PP
Transporte Público,18,1409708312045,1409708432952,136,5301,5342,PP
Transporte Público,18,1409708312045,1409800012381,136,5301,6129,PP
Transporte Público,18,1409708312187,1409700353734,162,5303,5178,PP
Transporte Público,18,1409708312187,140980001320A,54,5303,6198,PP
Transporte Público,18,1409708312971,140980001320A,54,5304,6198,PP
Transporte Público,18,1409708331865,1409701801244,136,5312,5226,PP
Transporte Público,18,1409708331865,1409708623414,272,5312,5366,PP
Transporte Público,18,1409708331865,1409800012589,93,5312,6147,PP
Transporte Público,18,1409708331865,1409800012659,93,5312,6153,PP
Transporte Público,18,1409708331865,1412000012469,21,5312,8099,PP
Transporte Público,18,1409708331865,1412000014198,136,5312,8228,PP
Transporte Público,18,1409708331865,140980128288A,136,5312,6235,PP
Transporte Público,18,1409708332933,1409708221545,136,5316,5253,PP
Transporte Público,18,1409708332933,1409708823984,272,5316,5377,PP
Transporte Público,18,1409708332933,1409800011928,136,5316,6099,PP
Transporte Público,18,1409708333753,1409800012131,136,5321,6111,PP
Transporte Público,18,1409708333753,1412000014836,136,5321,8281,PP
Transporte Público,18,1409708353378,1409708353378,31,5325,5325,PP
Transporte Público,18,1409708362806,140980001053A,53,5329,6019,PP
Transporte Público,18,1409708374200,140972308,136,5332,5384,PP
Transporte Público,18,1409708374200,1403900011170,136,5332,96,PP
Transporte Público,18,1409708432666,1409700010918,27,5336,5009,PP
Transporte Público,18,1409708432670,1409708432702,53,5337,5340,PP
Transporte Público,18,1409708432717,1409708353378,31,5341,5325,PP
Transporte Público,18,1409708441687,1409708441687,59,5345,5345,PP
Transporte Público,18,1409708441691,1409700201013,59,5346,5079,PP
Transporte Público,18,1409708441691,1409700340250,59,5346,5156,PP
Transporte Público,18,1409708441691,1409800011928,59,5346,6099,PP
Transporte Público,18,1409708441704,1409708441687,59,5347,5345,PP
Transporte Público,18,1409708441704,141200001066A,59,5347,8018,PP
Transporte Público,18,1409708531884,1403900011490,136,5358,124,PP
Transporte Público,18,1409708531884,1403900011908,136,5358,159,PP
Transporte Público,18,1409708531884,1409800012381,136,5358,6129,PP
Transporte Público,18,1409708531884,1409800012428,136,5358,6131,PP
Transporte Público,18,1409708532238,1409800140027,59,5360,6217,PP
Transporte Público,18,1409708614075,140972308,136,5361,5384,PP
Transporte Público,18,1409708623414,1403900010454,128,5366,31,PP
Transporte Público,18,1409708623414,1403900014387,128,5366,320,PP
Transporte Público,18,1409708623414,1409706133946,53,5366,5245,PP
Transporte Público,18,1409708623414,1409708432952,106,5366,5342,PP
Transporte Público,18,1409708623414,1409708744018,136,5366,5374,PP
Transporte Público,18,1409708623414,1409800010370,13,5366,6014,PP
Transporte Público,18,1409708623414,1409800141114,59,5366,6218,PP
Transporte Público,18,1409708634111,140980128288A,52,5367,6235,PP
Transporte Público,18,1409708714056,1409708221530,54,5371,5252,PP
Transporte Público,18,1409708714056,1409800012837,13,5371,6169,PP
Transporte Público,18,1409708714060,1403900014673,54,5372,348,PP
Transporte Público,18,1409708714060,1409800012042,54,5372,6105,PP
Transporte Público,18,1409708714060,141200001550A,54,5372,8322,PP
Transporte Público,18,1409708744018,1409700350138,108,5374,5169,PP
Transporte Público,18,1409708744018,1409708362793,53,5374,5328,PP
Transporte Público,18,1409708823984,140980012,136,5377,6216,PP
Transporte Público,18,1409708823984,1403900012183,136,5377,183,PP
Transporte Público,18,1409708823984,1409708332933,408,5377,5316,PP
Transporte Público,18,1409708843965,1409700250354,59,5379,5087,PP
Transporte Público,18,1409708843965,1409708441687,59,5379,5345,PP
Transporte Público,18,1409708843965,1412000015552,59,5379,8325,PP
Transporte Público,18,1409800010031,141011963,164,6001,7230,PP
Transporte Público,18,1409800010031,1403900014052,68,6001,292,PP
Transporte Público,18,1409800010031,1409800011237,54,6001,6050,PP
Transporte Público,18,1409800010031,1409800012625,101,6001,6150,PP
Transporte Público,18,1409800010031,1410100011554,13,6001,7100,PP
Transporte Público,18,1409800010046,1403900015188,234,6002,395,PP
Transporte Público,18,1409800010084,1409800011167,250,6005,6043,PP
Transporte Público,18,1409800010120,1409800012199,93,6008,6115,PP
Transporte Público,18,1409800010120,1410100010471,23,6008,7014,PP
Transporte Público,18,1409800010262,1403900012304,136,6009,192,PP
Transporte Público,18,1409800010262,1403900015027,101,6009,379,PP
Transporte Público,18,1409800010262,1409800010597,283,6009,6020,PP
Transporte Público,18,1409800010262,1409800010953,202,6009,6029,PP
Transporte Público,18,1409800010281,1409800010987,163,6010,6032,PP
Transporte Público,18,1409800010281,1412000015340,26,6010,8312,PP
Transporte Público,18,1409800010281,1412000016300,90,6010,8360,PP
Transporte Público,18,1409800010296,1407000140859,36,6011,3062,PP
Transporte Público,18,1409800010296,1410100091677,62,6011,7155,PP
Transporte Público,18,1409800010347,1409708362793,53,6012,5328,PP
Transporte Público,18,1409800010347,1409800010347,101,6012,6012,PP
Transporte Público,18,1409800010347,1409800011379,101,6012,6059,PP
Transporte Público,18,1409800010347,1409800011383,13,6012,6060,PP
Transporte Público,18,1409800010347,1409800011398,13,6012,6061,PP
Transporte Público,18,1409800010347,1409800012625,101,6012,6150,PP
Transporte Público,18,1409800010347,1410100010310,82,6012,7005,PP
Transporte Público,18,1409800010347,1412000015317,54,6012,8310,PP
Transporte Público,18,1409800010370,140980012,13,6014,6216,PP
Transporte Público,18,1409800010370,1403900011170,13,6014,96,PP
Transporte Público,18,1409800010370,1403900011378,13,6014,113,PP
Transporte Público,18,1409800010370,1403900012554,13,6014,209,PP
Transporte Público,18,1409800010370,1409800010506,136,6014,6017,PP
Transporte Público,18,1409800010370,1409800011951,13,6014,6100,PP
Transporte Público,18,1409800010370,1409800011970,93,6014,6102,PP
Transporte Público,18,1409800010370,1409800012856,13,6014,6171,PP
Transporte Público,18,1409800010370,1409800012860,13,6014,6172,PP
Transporte Público,18,1409800010370,140970180123A,13,6014,5225,PP
Transporte Público,18,1409800010385,1407000130435,36,6015,3036,PP
Transporte Público,18,1409800010474,1409800010101,136,6016,6006,PP
Transporte Público,18,1409800010474,1410100010611,62,6016,7026,PP
Transporte Público,18,1409800010506,1403900011715,544,6017,142,PP
Transporte Público,18,1409800010506,1407000211113,36,6017,3091,PP
Transporte Público,18,1409800010525,1403900013552,227,6018,248,PP
Transporte Público,18,1409800010525,1409708221935,136,6018,5265,PP
Transporte Público,18,1409800010525,1409800011203,250,6018,6047,PP
Transporte Público,18,1409800010525,1409800011398,13,6018,6061,PP
Transporte Público,18,1409800010525,1412000013664,125,6018,8197,PP
Transporte Público,18,1409800010597,1409800013055,23,6020,6185,PP
Transporte Público,18,1409800010597,1409800013267,52,6020,6201,PP
Transporte Público,18,1409800010597,1410100011554,13,6020,7100,PP
Transporte Público,18,1409800010597,1410100011639,101,6020,7108,PP
Transporte Público,18,1409800010671,1409800010525,125,6021,6018,PP
Transporte Público,18,1409800010690,1409800011222,125,6022,6049,PP
Transporte Público,18,1409800010718,1409800012663,46,6023,6154,PP
Transporte Público,18,1409800010718,1409800012837,23,6023,6169,PP
Transporte Público,18,1409800010718,1410100010999,82,6023,7057,PP
Transporte Público,18,1409800010807,1409700350231,54,6026,5170,PP
Transporte Público,18,1409800010879,140701467,13,6028,3133,PP
Transporte Público,18,1409800010879,141012567,13,6028,7232,PP
Transporte Público,18,1409800010879,1403900015506,93,6028,425,PP
Transporte Público,18,1409800010879,1405100020196,24,6028,2016,PP
Transporte Público,18,1409800010879,1407000010045,33,6028,3002,PP
Transporte Público,18,1409800010879,1407000131429,54,6028,3038,PP
Transporte Público,18,1409800010879,1407000210967,9,6028,3086,PP
Transporte Público,18,1409800010879,1409700312789,6,6028,5133,PP
Transporte Público,18,1409800010879,1409708223058,136,6028,5277,PP
Transporte Público,18,1409800010879,1409708312045,136,6028,5301,PP
Transporte Público,18,1409800010879,1409800010262,202,6028,6009,PP
Transporte Público,18,1409800010879,1409800010506,136,6028,6017,PP
Transporte Público,18,1409800010879,1409800011345,23,6028,6056,PP
Transporte Público,18,1409800010879,1409800012201,303,6028,6116,PP
Transporte Público,18,1409800010879,1410100010931,82,6028,7051,PP
Transporte Público,18,1409800010879,1410100010946,82,6028,7052,PP
Transporte Público,18,1409800010879,1410100011130,46,6028,7069,PP
Transporte Público,18,1409800010879,1410100011323,82,6028,7084,PP
Transporte Público,18,1409800010879,1410100011395,137,6028,7089,PP
Transporte Público,18,1409800010879,1410100011569,13,6028,7101,PP
Transporte Público,18,1409800010879,1410100011573,13,6028,7102,PP
Transporte Público,18,1409800010879,1410100011624,101,6028,7107,PP
Transporte Público,18,1409800010879,1410100091910,62,6028,7163,PP
Transporte Público,18,1409800010879,1410100272336,26,6028,7207,PP
Transporte Público,18,1409800010879,1410100312317,13,6028,7211,PP
Transporte Público,18,1409800010879,1410100342641,82,6028,7217,PP
Transporte Público,18,1409800010879,1410101902374,26,6028,7224,PP
Transporte Público,18,1409800010879,1412000011155,88,6028,8032,PP
Transporte Público,18,1409800010879,1412000011193,49,6028,8035,PP
Transporte Público,18,1409800010879,1412000012350,49,6028,8088,PP
Transporte Público,18,1409800010879,1412000012914,88,6028,8137,PP
Transporte Público,18,1409800010879,1412000012948,49,6028,8140,PP
Transporte Público,18,1409800010879,1412000016550,95,6028,8372,PP
Transporte Público,18,1409800010879,140700043090A,72,6028,3107,PP
Transporte Público,18,1409800010953,1409800010262,101,6029,6009,PP
Transporte Público,18,1409800010953,1409800012273,101,6029,6123,PP
Transporte Público,18,1409800010953,1410100010310,82,6029,7005,PP
Transporte Público,18,1409800010953,1410100010946,101,6029,7052,PP
Transporte Público,18,1409800010953,1410100011554,13,6029,7100,PP
Transporte Público,18,1409800010953,1410100312317,13,6029,7211,PP
Transporte Público,18,1409800010968,1403900012662,202,6030,218,PP
Transporte Público,18,1409800010968,1409800010968,9,6030,6030,PP
Transporte Público,18,1409800010987,1403900013336,68,6032,238,PP
Transporte Público,18,1409800010987,1407000131471,93,6032,3042,PP
Transporte Público,18,1409800010991,1409800011576,13,6033,6072,PP
Transporte Público,18,1409800010991,1410100272355,13,6033,7209,PP
Transporte Público,18,1409800011044,1403900013641,101,6035,255,PP
Transporte Público,18,1409800011063,1403900012662,101,6037,218,PP
Transporte Público,18,1409800011063,1407000431147,9,6037,3115,PP
Transporte Público,18,1409800011063,1409800010262,101,6037,6009,PP
Transporte Público,18,1409800011063,1409800010879,202,6037,6028,PP
Transporte Público,18,1409800011063,1410100012020,101,6037,7128,PP
Transporte Público,18,1409800011063,1410100272336,13,6037,7207,PP
Transporte Público,18,1409800011063,1410100272340,13,6037,7208,PP
Transporte Público,18,1409800011078,1409800010347,101,6038,6012,PP
Transporte Público,18,1409800011078,141200001066A,101,6038,8018,PP
Transporte Público,18,1409800011082,1409800010262,101,6039,6009,PP
Transporte Público,18,1409800011097,1403900011359,101,6040,111,PP
Transporte Público,18,1409800011097,1403900013641,101,6040,255,PP
Transporte Público,18,1409800011097,1410100010679,23,6040,7031,PP
Transporte Público,18,1409800011097,1412000010405,178,6040,8011,PP
Transporte Público,18,1409800011167,1403900011359,125,6043,111,PP
Transporte Público,18,1409800011190,1409800012413,125,6046,6130,PP
Transporte Público,18,1409800011203,1409800011928,125,6047,6099,PP
Transporte Público,18,1409800011222,1409800011538,125,6049,6070,PP
Transporte Público,18,1409800011222,1412000016546,132,6049,8371,PP
Transporte Público,18,1409800011237,140980243,9,6050,6237,PP
Transporte Público,18,1409800011237,1403900015563,54,6050,431,PP
Transporte Público,18,1409800011237,1409800013214,54,6050,6199,PP
Transporte Público,18,1409800011256,1409800012733,52,6052,6159,PP
Transporte Público,18,1409800011260,1407000140844,36,6053,3061,PP
Transporte Público,18,1409800011260,1407000430897,36,6053,3106,PP
Transporte Público,18,1409800011260,1409700012115,31,6053,5023,PP
Transporte Público,18,1409800011260,1409700053147,11,6053,5043,PP
Transporte Público,18,1409800011260,1409700053166,11,6053,5045,PP
Transporte Público,18,1409800011260,1409700353734,54,6053,5178,PP
Transporte Público,18,1409800011260,1409700353772,54,6053,5179,PP
Transporte Público,18,1409800011260,1409700381827,136,6053,5184,PP
Transporte Público,18,1409800011260,1409800010879,82,6053,6028,PP
Transporte Público,18,1409800011260,1409800010987,163,6053,6032,PP
Transporte Público,18,1409800011260,1409800011260,31,6053,6053,PP
Transporte Público,18,1409800011260,1409800012733,52,6053,6159,PP
Transporte Público,18,1409800011260,1409800013214,55,6053,6199,PP
Transporte Público,18,1409800011260,1410100010452,23,6053,7013,PP
Transporte Público,18,1409800011260,1412000010602,45,6053,8013,PP
Transporte Público,18,1409800011260,1412000011009,52,6053,8029,PP
Transporte Público,18,1409800011260,1412000015340,45,6053,8312,PP
Transporte Público,18,1409800011260,140390001368A,52,6053,258,PP
Transporte Público,18,1409800011294,1404400540435,15,6054,1036,PP
Transporte Público,18,1409800011294,1412000011441,267,6054,8043,PP
Transporte Público,18,1409800011294,1412000011723,267,6054,8052,PP
Transporte Público,18,1409800011294,1412000014465,267,6054,8255,PP
Transporte Público,18,1409800011294,140980001181A,13,6054,6090,PP
Transporte Público,18,1409800011330,1403900011170,63,6055,96,PP
Transporte Público,18,1409800011345,1403900014033,136,6056,290,PP
Transporte Público,18,1409800011345,1404400540435,15,6056,1036,PP
Transporte Público,18,1409800011345,1407000140276,13,6056,3046,PP
Transporte Público,18,1409800011345,1407000430897,72,6056,3106,PP
Transporte Público,18,1409800011345,1409800011078,101,6056,6038,PP
Transporte Público,18,1409800011345,1410100010679,23,6056,7031,PP
Transporte Público,18,1409800011345,1410100011037,82,6056,7061,PP
Transporte Público,18,1409800011364,1409700092810,32,6058,5051,PP
Transporte Público,18,1409800011364,1409708222469,136,6058,5274,PP
Transporte Público,18,1409800011364,1409800011631,52,6058,6075,PP
Transporte Público,18,1409800011364,1409800012150,13,6058,6112,PP
Transporte Público,18,1409800011379,141240090,2,6059,9047,PP
Transporte Público,18,1409800011379,999990001,202,6059,10006,PP
Transporte Público,18,1409800011379,1403900012319,101,6059,193,PP
Transporte Público,18,1409800011379,140980001007A,303,6059,6004,PP
Transporte Público,18,1409800011383,1403900012319,13,6060,193,PP
Transporte Público,18,1409800011383,1407000130401,13,6060,3033,PP
Transporte Público,18,1409800011383,1407000430295,13,6060,3096,PP
Transporte Público,18,1409800011383,1409800010031,13,6060,6001,PP
Transporte Público,18,1409800011383,1409800011576,39,6060,6072,PP
Transporte Público,18,1409800011383,1409800012413,13,6060,6130,PP
Transporte Público,18,1409800011383,1409800012790,13,6060,6165,PP
Transporte Público,18,1409800011383,1410100010931,82,6060,7051,PP
Transporte Público,18,1409800011398,1403900011128,13,6061,91,PP
Transporte Público,18,1409800011398,1403900011378,36,6061,113,PP
Transporte Público,18,1409800011398,1409708634111,13,6061,5367,PP
Transporte Público,18,1409800011398,1409800010262,13,6061,6009,PP
Transporte Público,18,1409800011398,1409800012220,13,6061,6118,PP
Transporte Público,18,1409800011434,1403900013641,52,6063,255,PP
Transporte Público,18,1409800011434,1403900014673,52,6063,348,PP
Transporte Público,18,1409800011434,1409800012451,52,6063,6134,PP
Transporte Público,18,1409800011434,1409800012841,26,6063,6170,PP
Transporte Público,18,1409800011434,140980001270A,52,6063,6156,PP
Transporte Público,18,1409800011434,140980001320A,54,6063,6198,PP
Transporte Público,18,1409800011468,1403900011359,52,6066,111,PP
Transporte Público,18,1409800011468,1403900012588,52,6066,212,PP
Transporte Público,18,1409800011468,1403900013529,52,6066,245,PP
Transporte Público,18,1409800011468,1403900014033,52,6066,290,PP
Transporte Público,18,1409800011468,1409800010525,104,6066,6018,PP
Transporte Público,18,1409800011519,1409800011542,273,6069,6071,PP
Transporte Público,18,1409800011519,1410100092393,62,6069,7185,PP
Transporte Público,18,1409800011519,1412400010137,20,6069,9002,PP
Transporte Público,18,1409800011542,1403900011359,136,6071,111,PP
Transporte Público,18,1409800011576,1407000140276,13,6072,3046,PP
Transporte Público,18,1409800011576,1409800011383,26,6072,6060,PP
Transporte Público,18,1409800011576,1409800011576,13,6072,6072,PP
Transporte Público,18,1409800011576,1409800011735,13,6072,6084,PP
Transporte Público,18,1409800011576,1409800013197,13,6072,6197,PP
Transporte Público,18,1409800011576,140390001101A,26,6072,81,PP
Transporte Público,18,1409800011608,1403900013995,101,6074,286,PP
Transporte Público,18,1409800011608,1403900014620,101,6074,343,PP
Transporte Público,18,1409800011608,1407000130401,101,6074,3033,PP
Transporte Público,18,1409800011608,1409800011398,13,6074,6061,PP
Transporte Público,18,1409800011608,1412000012134,96,6074,8071,PP
Transporte Público,18,1409800011608,1412000012257,96,6074,8078,PP
Transporte Público,18,1409800011646,1403900012569,52,6076,210,PP
Transporte Público,18,1409800011646,1409800012733,52,6076,6159,PP
Transporte Público,18,1409800011716,1409800011716,52,6082,6082,PP
Transporte Público,18,1409800011716,1409800013214,54,6082,6199,PP
Transporte Público,18,1409800011716,1412000012990,52,6082,8145,PP
Transporte Público,18,1409800011716,14097059A,52,6082,5241,PP
Transporte Público,18,1409800011769,1410100011573,13,6085,7102,PP
Transporte Público,18,1409800011792,1403900011397,63,6088,115,PP
Transporte Público,18,1409800011824,1407000211005,9,6091,3087,PP
Transporte Público,18,1409800011824,1409700353772,54,6091,5179,PP
Transporte Público,18,1409800011824,140980001007A,13,6091,6004,PP
Transporte Público,18,1409800011877,1407000130401,39,6096,3033,PP
Transporte Público,18,1409800011877,1409800011608,13,6096,6074,PP
Transporte Público,18,1409800011877,1409800012771,13,6096,6163,PP
Transporte Público,18,1409800011909,1403900012179,186,6097,182,PP
Transporte Público,18,1409800011913,1412000014501,21,6098,8259,PP
Transporte Público,18,1409800011928,1403900012713,48,6099,223,PP
Transporte Público,18,1409800011928,1403900013482,226,6099,242,PP
Transporte Público,18,1409800011928,1403900013745,93,6099,264,PP
Transporte Público,18,1409800011928,1403900015188,234,6099,395,PP
Transporte Público,18,1409800011928,1403900015671,131,6099,442,PP
Transporte Público,18,1409800011928,1404400100223,57,6099,1027,PP
Transporte Público,18,1409800011928,1407000140346,36,6099,3048,PP
Transporte Público,18,1409800011928,1409700010918,9,6099,5009,PP
Transporte Público,18,1409800011928,1409700050335,11,6099,5035,PP
Transporte Público,18,1409800011928,1409700053147,22,6099,5043,PP
Transporte Público,18,1409800011928,1409700053166,11,6099,5045,PP
Transporte Público,18,1409800011928,1409700053503,19,6099,5047,PP
Transporte Público,18,1409800011928,1409700250369,28,6099,5088,PP
Transporte Público,18,1409800011928,1409700320053,60,6099,5135,PP
Transporte Público,18,1409800011928,1409700320180,59,6099,5136,PP
Transporte Público,18,1409800011928,1409700340250,11,6099,5156,PP
Transporte Público,18,1409800011928,1409700353734,54,6099,5178,PP
Transporte Público,18,1409800011928,1409704240570,21,6099,5229,PP
Transporte Público,18,1409800011928,1409704241761,21,6099,5232,PP
Transporte Público,18,1409800011928,1409705603467,59,6099,5239,PP
Transporte Público,18,1409800011928,1409708221583,136,6099,5257,PP
Transporte Público,18,1409800011928,1409708221916,136,6099,5263,PP
Transporte Público,18,1409800011928,1409708221935,136,6099,5265,PP
Transporte Público,18,1409800011928,1409708222168,136,6099,5271,PP
Transporte Público,18,1409800011928,1409708223700,136,6099,5287,PP
Transporte Público,18,1409800011928,1409708223749,242,6099,5290,PP
Transporte Público,18,1409800011928,1409708234041,53,6099,5292,PP
Transporte Público,18,1409800011928,1409708332933,408,6099,5316,PP
Transporte Público,18,1409800011928,1409708333753,242,6099,5321,PP
Transporte Público,18,1409800011928,1409708352740,31,6099,5324,PP
Transporte Público,18,1409800011928,1409708374200,242,6099,5332,PP
Transporte Público,18,1409800011928,1409708432666,53,6099,5336,PP
Transporte Público,18,1409800011928,1409708823984,136,6099,5377,PP
Transporte Público,18,1409800011928,1409708843965,59,6099,5379,PP
Transporte Público,18,1409800011928,1409800010370,13,6099,6014,PP
Transporte Público,18,1409800011928,1409800011383,13,6099,6060,PP
Transporte Público,18,1409800011928,1409800011631,91,6099,6075,PP
Transporte Público,18,1409800011928,1409800011684,182,6099,6080,PP
Transporte Público,18,1409800011928,1409800011716,52,6099,6082,PP
Transporte Público,18,1409800011928,1409800011928,59,6099,6099,PP
Transporte Público,18,1409800011928,1409800012131,52,6099,6111,PP
Transporte Público,18,1409800011928,1409800012150,13,6099,6112,PP
Transporte Público,18,1409800011928,1409800012201,178,6099,6116,PP
Transporte Público,18,1409800011928,1409800012625,101,6099,6150,PP
Transporte Público,18,1409800011928,1409800012659,93,6099,6153,PP
Transporte Público,18,1409800011928,1409800012697,52,6099,6155,PP
Transporte Público,18,1409800011928,1409800012714,234,6099,6157,PP
Transporte Público,18,1409800011928,1409800012733,52,6099,6159,PP
Transporte Público,18,1409800011928,1409800012752,23,6099,6161,PP
Transporte Público,18,1409800011928,1409800012837,23,6099,6169,PP
Transporte Público,18,1409800011928,1409800012856,163,6099,6171,PP
Transporte Público,18,1409800011928,1409800013182,101,6099,6196,PP
Transporte Público,18,1409800011928,1409800013214,54,6099,6199,PP
Transporte Público,18,1409800011928,1409800013267,91,6099,6201,PP
Transporte Público,18,1409800011928,1410100010749,131,6099,7036,PP
Transporte Público,18,1409800011928,1410100010819,131,6099,7042,PP
Transporte Público,18,1409800011928,1412000010617,62,6099,8014,PP
Transporte Público,18,1409800011928,1412000011193,88,6099,8035,PP
Transporte Público,18,1409800011928,1412000011526,21,6099,8045,PP
Transporte Público,18,1409800011928,1412000012308,49,6099,8083,PP
Transporte Público,18,1409800011928,1412000012350,49,6099,8088,PP
Transporte Público,18,1409800011928,1412000012488,29,6099,8101,PP
Transporte Público,18,1409800011928,1412000013325,178,6099,8173,PP
Transporte Público,18,1409800011928,1412000013984,88,6099,8217,PP
Transporte Público,18,1409800011928,1412000014215,77,6099,8230,PP
Transporte Público,18,1409800011928,1412000014662,49,6099,8273,PP
Transporte Público,18,1409800011928,1412000014677,49,6099,8274,PP
Transporte Público,18,1409800011928,1412000015336,28,6099,8311,PP
Transporte Público,18,1409800011928,1412000015340,26,6099,8312,PP
Transporte Público,18,1409800011928,1412000015552,21,6099,8325,PP
Transporte Público,18,1409800011928,1412000016103,49,6099,8353,PP
Transporte Público,18,1409800011928,140390001496A,226,6099,373,PP
Transporte Público,18,1409800011928,140970005034A,30,6099,5036,PP
Transporte Público,18,1409800011928,140970835365A,31,6099,5327,PP
Transporte Público,18,1409800011928,140970862340A,53,6099,5365,PP
Transporte Público,18,1409800011928,140980001110A,279,6099,6041,PP
Transporte Público,18,1409800011951,1407000130416,36,6100,3034,PP
Transporte Público,18,1409800011951,1409700350138,54,6100,5169,PP
Transporte Público,18,1409800011966,1403900011861,93,6101,155,PP
Transporte Público,18,1409800011966,140390001464A,186,6101,345,PP
Transporte Público,18,1409800012004,1410100011130,23,6104,7069,PP
Transporte Público,18,1409800012042,1409700201013,21,6105,5079,PP
Transporte Público,18,1409800012042,1409800012150,21,6105,6112,PP
Transporte Público,18,1409800012112,1409800012131,13,6110,6111,PP
Transporte Público,18,1409800012131,1403900010115,52,6111,6,PP
Transporte Público,18,1409800012131,1403900011170,52,6111,96,PP
Transporte Público,18,1409800012131,1403900011556,52,6111,127,PP
Transporte Público,18,1409800012131,1403900012588,91,6111,212,PP
Transporte Público,18,1409800012131,1409800012451,52,6111,6134,PP
Transporte Público,18,1409800012150,1403900014033,27,6112,290,PP
Transporte Público,18,1409800012150,1403900014546,13,6112,335,PP
Transporte Público,18,1409800012150,1403900015366,13,6112,412,PP
Transporte Público,18,1409800012150,1407000140346,36,6112,3048,PP
Transporte Público,18,1409800012150,1409708622914,53,6112,5363,PP
Transporte Público,18,1409800012150,1409800010525,13,6112,6018,PP
Transporte Público,18,1409800012150,1409800011608,13,6112,6074,PP
Transporte Público,18,1409800012150,1409800011928,13,6112,6099,PP
Transporte Público,18,1409800012150,1409800012150,13,6112,6112,PP
Transporte Público,18,1409800012150,1409800013214,54,6112,6199,PP
Transporte Público,18,1409800012150,140980001007A,23,6112,6004,PP
Transporte Público,18,1409800012150,140980001167A,23,6112,6079,PP
Transporte Público,18,1409800012199,1409800012199,125,6115,6115,PP
Transporte Público,18,1409800012199,1412000015177,27,6115,8299,PP
Transporte Público,18,1409800012201,1403900011378,101,6116,113,PP
Transporte Público,18,1409800012216,140980243,9,6117,6237,PP
Transporte Público,18,1409800012216,1409800012216,23,6117,6117,PP
Transporte Público,18,1409800012216,1410100011592,23,6117,7104,PP
Transporte Público,18,1409800012220,1409800010879,82,6118,6028,PP
Transporte Público,18,1409800012220,1410100010679,23,6118,7031,PP
Transporte Público,18,1409800012254,1403900014724,101,6121,351,PP
Transporte Público,18,1409800012254,1410100010912,101,6121,7049,PP
Transporte Público,18,1409800012273,1409800010262,101,6123,6009,PP
Transporte Público,18,1409800012273,1409800011519,202,6123,6069,PP
Transporte Público,18,1409800012273,1410100010895,82,6123,7048,PP
Transporte Público,18,1409800012343,1409700353772,54,6125,5179,PP
Transporte Público,18,1409800012377,1403900012395,119,6128,199,PP
Transporte Público,18,1409800012377,1403900013336,68,6128,238,PP
Transporte Público,18,1409800012377,1403900014052,68,6128,292,PP
Transporte Público,18,1409800012377,1403900015366,93,6128,412,PP
Transporte Público,18,1409800012377,1403900015563,93,6128,431,PP
Transporte Público,18,1409800012377,1407000131471,93,6128,3042,PP
Transporte Público,18,1409800012377,1409800011152,93,6128,6042,PP
Transporte Público,18,1409800012377,1409800012377,93,6128,6128,PP
Transporte Público,18,1409800012377,1412000011526,21,6128,8045,PP
Transporte Público,18,1409800012377,1412000012469,21,6128,8099,PP
Transporte Público,18,1409800012377,1412000014198,163,6128,8228,PP
Transporte Público,18,1409800012381,1404400020134,4,6129,1016,PP
Transporte Público,18,1409800012381,1409708823984,136,6129,5377,PP
Transporte Público,18,1409800012381,1409800012574,93,6129,6146,PP
Transporte Público,18,1409800012381,1409800012841,13,6129,6170,PP
Transporte Público,18,1409800012381,1412000011032,77,6129,8030,PP
Transporte Público,18,1409800012381,1412000012280,137,6129,8081,PP
Transporte Público,18,1409800012381,1412000012312,28,6129,8084,PP
Transporte Público,18,1409800012381,1412000013081,137,6129,8153,PP
Transporte Público,18,1409800012381,1412000015228,49,6129,8303,PP
Transporte Público,18,1409800012381,1412000015336,28,6129,8311,PP
Transporte Público,18,1409800012381,1412002314164,24,6129,8477,PP
Transporte Público,18,1409800012381,140700014083A,36,6129,3060,PP
Transporte Público,18,1409800012381,141200231415A,24,6129,8476,PP
Transporte Público,18,1409800012413,1403900012588,27,6130,212,PP
Transporte Público,18,1409800012413,1407000130435,36,6130,3036,PP
Transporte Público,18,1409800012413,1407000430308,36,6130,3097,PP
Transporte Público,18,1409800012413,1409800010879,136,6130,6028,PP
Transporte Público,18,1409800012413,1409800011190,125,6130,6046,PP
Transporte Público,18,1409800012428,1409708714060,54,6131,5372,PP
Transporte Público,18,1409800012428,1409800011824,13,6131,6091,PP
Transporte Público,18,1409800012428,140980128288A,52,6131,6235,PP
Transporte Público,18,1409800012432,1403900012569,125,6132,210,PP
Transporte Público,18,1409800012451,1403900012427,104,6134,201,PP
Transporte Público,18,1409800012451,1409800012451,125,6134,6134,PP
Transporte Público,18,1409800012466,1403900011185,63,6135,97,PP
Transporte Público,18,1409800012466,1403900013783,125,6135,266,PP
Transporte Público,18,1409800012466,140700043090A,36,6135,3107,PP
Transporte Público,18,1409800012485,1403900011378,227,6137,113,PP
Transporte Público,18,1409800012485,1403900012713,125,6137,223,PP
Transporte Público,18,1409800012485,1407000430897,36,6137,3106,PP
Transporte Público,18,1409800012485,1407000641306,33,6137,3118,PP
Transporte Público,18,1409800012555,1403900011359,186,6144,111,PP
Transporte Público,18,1409800012555,1409800011684,52,6144,6080,PP
Transporte Público,18,1409800012555,1409800012131,52,6144,6111,PP
Transporte Público,18,1409800012555,1409800012733,91,6144,6159,PP
Transporte Público,18,1409800012555,1412000011225,93,6144,8038,PP
Transporte Público,18,1409800012574,1409700201013,93,6146,5079,PP
Transporte Público,18,1409800012589,1403900015366,93,6147,412,PP
Transporte Público,18,1409800012589,1409704241761,93,6147,5232,PP
Transporte Público,18,1409800012589,1409708441687,59,6147,5345,PP
Transporte Público,18,1409800012589,1410100010645,93,6147,7029,PP
Transporte Público,18,1409800012606,1410100011126,23,6148,7068,PP
Transporte Público,18,1409800012625,1403900013995,101,6150,286,PP
Transporte Público,18,1409800012625,1409800012790,101,6150,6165,PP
Transporte Público,18,1409800012659,140980001007A,136,6153,6004,PP
Transporte Público,18,1409800012663,1403900011378,13,6154,113,PP
Transporte Público,18,1409800012663,1403900011861,13,6154,155,PP
Transporte Público,18,1409800012663,1403900013961,13,6154,283,PP
Transporte Público,18,1409800012663,1409708221530,13,6154,5252,PP
Transporte Público,18,1409800012697,140980012,104,6155,6216,PP
Transporte Público,18,1409800012714,140972308,52,6157,5384,PP
Transporte Público,18,1409800012714,1403900010365,52,6157,23,PP
Transporte Público,18,1409800012714,1407000131452,54,6157,3041,PP
Transporte Público,18,1409800012714,140980001167A,52,6157,6079,PP
Transporte Público,18,1409800012733,1403900011791,52,6159,148,PP
Transporte Público,18,1409800012733,1403900013143,52,6159,233,PP
Transporte Público,18,1409800012733,1409800012697,52,6159,6155,PP
Transporte Público,18,1409800012733,1409800012733,52,6159,6159,PP
Transporte Público,18,1409800012752,1407000130401,13,6161,3033,PP
Transporte Público,18,1409800012752,1409704240443,13,6161,5228,PP
Transporte Público,18,1409800012752,1409800011241,13,6161,6051,PP
Transporte Público,18,1409800012752,1409800012767,13,6161,6162,PP
Transporte Público,18,1409800012767,1407000130401,13,6162,3033,PP
Transporte Público,18,1409800012767,1407000140276,13,6162,3046,PP
Transporte Público,18,1409800012767,1409708221935,136,6162,5265,PP
Transporte Público,18,1409800012771,1409800012004,23,6163,6104,PP
Transporte Público,18,1409800012803,1403900013641,102,6166,255,PP
Transporte Público,18,1409800012822,1403900011378,101,6168,113,PP
Transporte Público,18,1409800012822,1403900012662,101,6168,218,PP
Transporte Público,18,1409800012822,1410100011554,26,6168,7100,PP
Transporte Público,18,1409800012822,1410100312317,13,6168,7211,PP
Transporte Público,18,1409800012822,141010001097A,101,6168,7055,PP
Transporte Público,18,1409800012837,1407000130083,46,6169,3028,PP
Transporte Público,18,1409800012837,1409800010525,13,6169,6018,PP
Transporte Público,18,1409800012837,1409800012837,13,6169,6169,PP
Transporte Público,18,1409800012841,1403900013961,13,6170,283,PP
Transporte Público,18,1409800012841,1409800012663,13,6170,6154,PP
Transporte Público,18,1409800012856,1403900012427,75,6171,201,PP
Transporte Público,18,1409800012856,1409800011576,23,6171,6072,PP
Transporte Público,18,1409800012856,1409800012930,36,6171,6177,PP
Transporte Público,18,1409800012856,1412000012454,21,6171,8098,PP
Transporte Público,18,1409800012856,1412000012825,96,6171,8130,PP
Transporte Público,18,1409800012856,1412000015340,97,6171,8312,PP
Transporte Público,18,1409800012856,1412000015548,96,6171,8324,PP
Transporte Público,18,1409800012856,1412000015552,21,6171,8325,PP
Transporte Público,18,1409800012856,140980001270A,52,6171,6156,PP
Transporte Público,18,1409800012930,1403900011310,13,6177,107,PP
Transporte Público,18,1409800012930,1403900011378,13,6177,113,PP
Transporte Público,18,1409800012930,140980001053A,13,6177,6019,PP
Transporte Público,18,1409800012983,1403900011310,13,6180,107,PP
Transporte Público,18,1409800012983,1403900011378,13,6180,113,PP
Transporte Público,18,1409800012983,1403900013321,13,6180,237,PP
Transporte Público,18,1409800012983,1403900013961,13,6180,283,PP
Transporte Público,18,1409800012983,1403900014033,13,6180,290,PP
Transporte Público,18,1409800012983,1412000010706,13,6180,8020,PP
Transporte Público,18,1409800013110,1409700350138,37,6191,5169,PP
Transporte Público,18,1409800013110,1409800012714,182,6191,6157,PP
Transporte Público,18,1409800013110,140980128288A,52,6191,6235,PP
Transporte Público,18,1409800013182,140980243,18,6196,6237,PP
Transporte Público,18,1409800013182,1410100010679,23,6196,7031,PP
Transporte Público,18,1409800013197,1407000430295,36,6197,3096,PP
Transporte Público,18,1409800013214,1403900012183,54,6199,183,PP
Transporte Público,18,1409800013214,1403900015328,54,6199,408,PP
Transporte Público,18,1409800013214,1409700353772,54,6199,5179,PP
Transporte Público,18,1409800013214,1409800011631,54,6199,6075,PP
Transporte Público,18,1409800013267,140980001320A,52,6201,6198,PP
Transporte Público,18,1409800140027,1409700340250,59,6217,5156,PP
Transporte Público,18,1409800141114,1409700250354,28,6218,5087,PP
Transporte Público,18,1409800141114,1409700250369,28,6218,5088,PP
Transporte Público,18,1409800141114,1409800141114,118,6218,6218,PP
Transporte Público,18,1409800141114,1409800142023,59,6218,6221,PP
Transporte Público,18,1409800141129,1403900011170,59,6219,96,PP
Transporte Público,18,1409800141129,1409700320053,118,6219,5135,PP
Transporte Público,18,1409800141129,1409800011928,131,6219,6099,PP
Transporte Público,18,1409800142019,1412000012539,59,6220,8106,PP
Transporte Público,18,1409800142023,140980001256A,93,6221,6145,PP
Transporte Público,18,1409800143229,1409708623414,59,6230,5366,PP
Transporte Público,18,1409801282875,1403900012554,52,6234,209,PP
Transporte Público,18,1409801282875,1409700010918,52,6234,5009,PP
Transporte Público,18,1409801282875,1409800012131,52,6234,6111,PP
Transporte Público,18,1409801282875,1412000010640,52,6234,8016,PP
Transporte Público,18,1410100010147,140970104,10,7001,5209,PP
Transporte Público,18,1410100010147,1403900010863,30,7001,67,PP
Transporte Público,18,1410100010147,1403900011359,40,7001,111,PP
Transporte Público,18,1410100010147,1403900011378,60,7001,113,PP
Transporte Público,18,1410100010147,1403900013660,10,7001,257,PP
Transporte Público,18,1410100010147,1403900013976,10,7001,284,PP
Transporte Público,18,1410100010147,1403900013995,10,7001,286,PP
Transporte Público,18,1410100010147,1403900014936,10,7001,370,PP
Transporte Público,18,1410100010147,1410100010147,10,7001,7001,PP
Transporte Público,18,1410100010147,1410100010151,10,7001,7002,PP
Transporte Público,18,1410100010147,1410100010397,20,7001,7009,PP
Transporte Público,18,1410100010147,1410100011126,10,7001,7068,PP
Transporte Público,18,1410100010147,1410100091450,62,7001,7150,PP
Transporte Público,18,1410100010147,1410100091677,62,7001,7155,PP
Transporte Público,18,1410100010147,1412000011206,10,7001,8036,PP
Transporte Público,18,1410100010147,140390001083A,10,7001,64,PP
Transporte Público,18,1410100010151,1403900011467,10,7002,122,PP
Transporte Público,18,1410100010151,1403900011626,30,7002,133,PP
Transporte Público,18,1410100010151,1403900013177,10,7002,234,PP
Transporte Público,18,1410100010151,1410100010151,28,7002,7002,PP
Transporte Público,18,1410100010151,1410100010823,10,7002,7043,PP
Transporte Público,18,1410100010151,140390001083A,10,7002,64,PP
Transporte Público,18,1410100010310,1403900011537,82,7005,126,PP
Transporte Público,18,1410100010310,1410100012001,82,7005,7126,PP
Transporte Público,18,1410100010310,141010001019A,82,7005,7003,PP
Transporte Público,18,1410100010378,1403900010276,128,7007,15,PP
Transporte Público,18,1410100010378,1403900011170,10,7007,96,PP
Transporte Público,18,1410100010378,1410100010363,131,7007,7006,PP
Transporte Público,18,1410100010378,1410100011094,131,7007,7066,PP
Transporte Público,18,1410100010378,1412000010994,77,7007,8028,PP
Transporte Público,18,1410100010382,1410100010490,131,7008,7016,PP
Transporte Público,18,1410100010382,1410100011268,10,7008,7078,PP
Transporte Público,18,1410100010397,1410100010147,10,7009,7001,PP
Transporte Público,18,1410100010397,1410100010819,131,7009,7042,PP
Transporte Público,18,1410100010397,1410100091677,124,7009,7155,PP
Transporte Público,18,1410100010433,1407000140844,36,7011,3061,PP
Transporte Público,18,1410100010433,1410100010679,23,7011,7031,PP
Transporte Público,18,1410100010433,1410100011554,13,7011,7100,PP
Transporte Público,18,1410100010433,1410100011639,101,7011,7108,PP
Transporte Público,18,1410100010433,1410100272340,13,7011,7208,PP
Transporte Público,18,1410100010448,1410100010471,46,7012,7014,PP
Transporte Público,18,1410100010448,1410100011130,23,7012,7069,PP
Transporte Público,18,1410100010452,1403900011537,23,7013,126,PP
Transporte Público,18,1410100010452,1409800010101,46,7013,6006,PP
Transporte Público,18,1410100010452,1409800011260,23,7013,6053,PP
Transporte Público,18,1410100010452,1410100010946,23,7013,7052,PP
Transporte Público,18,1410100010452,1410100010950,82,7013,7053,PP
Transporte Público,18,1410100010452,1412002065054,2,7013,8462,PP
Transporte Público,18,1410100010452,141010001179A,82,7013,7117,PP
Transporte Público,18,1410100010471,1403900011359,46,7014,111,PP
Transporte Público,18,1410100010471,1403900011912,23,7014,160,PP
Transporte Público,18,1410100010471,1409800011364,23,7014,6058,PP
Transporte Público,18,1410100010471,1410100010946,23,7014,7052,PP
Transporte Público,18,1410100010471,140980001053A,23,7014,6019,PP
Transporte Público,18,1410100010486,1410100010490,131,7015,7016,PP
Transporte Público,18,1410100010490,1403900014300,131,7016,316,PP
Transporte Público,18,1410100010490,1410100010537,10,7016,7020,PP
Transporte Público,18,1410100010503,1410100010541,131,7017,7021,PP
Transporte Público,18,1410100010537,1403900011467,10,7020,122,PP
Transporte Público,18,1410100010537,1409800012428,10,7020,6131,PP
Transporte Público,18,1410100010537,1410100010490,20,7020,7016,PP
Transporte Público,18,1410100010537,1410100010537,20,7020,7020,PP
Transporte Público,18,1410100010537,1410100010912,10,7020,7049,PP
Transporte Público,18,1410100010537,1410100091465,10,7020,7151,PP
Transporte Público,18,1410100010537,1412000620176,75,7020,8446,PP
Transporte Público,18,1410100010537,1412002316669,132,7020,8501,PP
Transporte Público,18,1410100010537,141010001040A,10,7020,7010,PP
Transporte Público,18,1410100010594,1403900013177,62,7024,234,PP
Transporte Público,18,1410100010594,1403900014071,62,7024,294,PP
Transporte Público,18,1410100010611,1403900013641,62,7026,255,PP
Transporte Público,18,1410100010630,1409800010046,62,7028,6002,PP
Transporte Público,18,1410100010645,1409800011769,101,7029,6085,PP
Transporte Público,18,1410100010645,1409800011966,93,7029,6101,PP
Transporte Público,18,1410100010645,1410100010645,13,7029,7029,PP
Transporte Público,18,1410100010645,1410100011126,23,7029,7068,PP
Transporte Público,18,1410100010679,1403900011378,46,7031,113,PP
Transporte Público,18,1410100010679,1403900013641,23,7031,255,PP
Transporte Público,18,1410100010679,1405100020196,48,7031,2016,PP
Transporte Público,18,1410100010679,1410100010433,23,7031,7011,PP
Transporte Público,18,1410100010679,1410100010679,23,7031,7031,PP
Transporte Público,18,1410100010679,1410100010912,23,7031,7049,PP
Transporte Público,18,1410100010679,1410100010946,46,7031,7052,PP
Transporte Público,18,1410100010679,1410100011130,46,7031,7069,PP
Transporte Público,18,1410100010700,1403900011081,131,7032,87,PP
Transporte Público,18,1410100010749,1410100010912,131,7036,7049,PP
Transporte Público,18,1410100010768,1403900014211,131,7038,307,PP
Transporte Público,18,1410100010772,1410100011997,62,7039,7125,PP
Transporte Público,18,1410100010819,1410100010645,131,7042,7029,PP
Transporte Público,18,1410100010819,141010001040A,131,7042,7010,PP
Transporte Público,18,1410100010823,1410100011639,101,7043,7108,PP
Transporte Público,18,1410100010823,1410100011766,82,7043,7115,PP
Transporte Público,18,1410100010857,1410100010927,164,7045,7050,PP
Transporte Público,18,1410100010857,1410100092143,62,7045,7172,PP
Transporte Público,18,1410100010857,141010001097A,82,7045,7055,PP
Transporte Público,18,1410100010861,1410100010927,82,7046,7050,PP
Transporte Público,18,1410100010895,1410100011268,10,7048,7078,PP
Transporte Público,18,1410100010912,1410100011056,82,7049,7063,PP
Transporte Público,18,1410100010912,1412000010617,173,7049,8014,PP
Transporte Público,18,1410100010912,1412000016832,110,7049,8395,PP
Transporte Público,18,1410100010927,141011963,62,7050,7230,PP
Transporte Público,18,1410100010927,1409800010987,93,7050,6032,PP
Transporte Público,18,1410100010927,1410100010147,10,7050,7001,PP
Transporte Público,18,1410100010927,1410100010537,30,7050,7020,PP
Transporte Público,18,1410100010927,1410100010611,62,7050,7026,PP
Transporte Público,18,1410100010927,1410100010679,23,7050,7031,PP
Transporte Público,18,1410100010927,1410100010912,77,7050,7049,PP
Transporte Público,18,1410100010927,1410100010927,10,7050,7050,PP
Transporte Público,18,1410100010927,1410100010950,82,7050,7053,PP
Transporte Público,18,1410100010927,1410100011200,13,7050,7076,PP
Transporte Público,18,1410100010927,1410100011427,82,7050,7092,PP
Transporte Público,18,1410100010927,1410100011446,272,7050,7094,PP
Transporte Público,18,1410100010927,1410100011766,164,7050,7115,PP
Transporte Público,18,1410100010927,1410100091677,186,7050,7155,PP
Transporte Público,18,1410100010927,1410100091802,124,7050,7159,PP
Transporte Público,18,1410100010927,1410100092105,63,7050,7168,PP
Transporte Público,18,1410100010927,1410100092181,62,7050,7176,PP
Transporte Público,18,1410100010927,1410100220024,82,7050,7193,PP
Transporte Público,18,1410100010927,1410100312317,13,7050,7211,PP
Transporte Público,18,1410100010927,1412000012261,77,7050,8079,PP
Transporte Público,18,1410100010927,141010001147A,131,7050,7095,PP
Transporte Público,18,1410100010931,141205567,82,7051,8546,PP
Transporte Público,18,1410100010931,1403900010505,128,7051,35,PP
Transporte Público,18,1410100010931,1403900010859,140,7051,66,PP
Transporte Público,18,1410100010931,1403900011359,82,7051,111,PP
Transporte Público,18,1410100010931,1405100020213,24,7051,2018,PP
Transporte Público,18,1410100010931,1407000131429,162,7051,3038,PP
Transporte Público,18,1410100010931,1407000210736,9,7051,3082,PP
Transporte Público,18,1410100010931,1409800010879,82,7051,6028,PP
Transporte Público,18,1410100010931,1410100011268,10,7051,7078,PP
Transporte Público,18,1410100010931,1410100012603,82,7051,7149,PP
Transporte Público,18,1410100010931,1410100092393,62,7051,7185,PP
Transporte Público,18,1410100010931,140390001119A,63,7051,98,PP
Transporte Público,18,1410100010931,140980001053A,82,7051,6019,PP
Transporte Público,18,1410100010931,141010001040A,82,7051,7010,PP
Transporte Público,18,1410100010946,141011959,82,7052,7229,PP
Transporte Público,18,1410100010946,1403900010859,140,7052,66,PP
Transporte Público,18,1410100010946,1403900013942,226,7052,281,PP
Transporte Público,18,1410100010946,1409800011383,13,7052,6060,PP
Transporte Público,18,1410100010946,1409800013394,23,7052,6214,PP
Transporte Público,18,1410100010946,1410100010471,92,7052,7014,PP
Transporte Público,18,1410100010946,1410100010679,23,7052,7031,PP
Transporte Público,18,1410100010946,1410100010791,82,7052,7041,PP
Transporte Público,18,1410100010946,1410100010912,82,7052,7049,PP
Transporte Público,18,1410100010946,1410100010965,82,7052,7054,PP
Transporte Público,18,1410100010946,1410100011554,13,7052,7100,PP
Transporte Público,18,1410100010946,1410100011569,26,7052,7101,PP
Transporte Público,18,1410100010946,1410100011592,23,7052,7104,PP
Transporte Público,18,1410100010946,1410100091910,62,7052,7163,PP
Transporte Público,18,1410100010946,1410100092181,124,7052,7176,PP
Transporte Público,18,1410100010946,1412000013819,48,7052,8210,PP
Transporte Público,18,1410100010946,1412000014287,48,7052,8237,PP
Transporte Público,18,1410100010946,1412000015162,48,7052,8298,PP
Transporte Público,18,1410100010946,1412400010156,20,7052,9004,PP
Transporte Público,18,1410100010946,141010001108A,136,7052,7065,PP
Transporte Público,18,1410100010946,141010027236A,13,7052,7210,PP
Transporte Público,18,1410100010950,1410100010965,82,7053,7054,PP
Transporte Público,18,1410100010950,1410100010999,82,7053,7057,PP
Transporte Público,18,1410100010950,1410100011094,82,7053,7066,PP
Transporte Público,18,1410100010950,1410100011338,82,7053,7085,PP
Transporte Público,18,1410100010984,141010001179A,82,7056,7117,PP
Transporte Público,18,1410100011003,1409800011824,13,7058,6091,PP
Transporte Público,18,1410100011003,1410100010912,82,7058,7049,PP
Transporte Público,18,1410100011003,141010001097A,82,7058,7055,PP
Transporte Público,18,1410100011037,1410100011037,82,7061,7061,PP
Transporte Público,18,1410100011056,141010001250A,23,7063,7143,PP
Transporte Público,18,1410100011075,1409800010031,136,7064,6001,PP
Transporte Público,18,1410100011075,140980001249A,136,7064,6138,PP
Transporte Público,18,1410100011094,141011963,124,7066,7230,PP
Transporte Público,18,1410100011094,1410100010912,62,7066,7049,PP
Transporte Público,18,1410100011094,1410100010999,82,7066,7057,PP
Transporte Público,18,1410100011094,140390001165A,62,7066,136,PP
Transporte Público,18,1410100011126,1410100010946,69,7068,7052,PP
Transporte Público,18,1410100011126,1410100011130,23,7068,7069,PP
Transporte Público,18,1410100011126,1410100011573,23,7068,7102,PP
Transporte Público,18,1410100011126,1410100272355,23,7068,7209,PP
Transporte Público,18,1410100011126,141010001097A,23,7068,7055,PP
Transporte Público,18,1410100011130,1410100010679,23,7069,7031,PP
Transporte Público,18,1410100011130,1410100010931,23,7069,7051,PP
Transporte Público,18,1410100011164,1410100011338,82,7072,7085,PP
Transporte Público,18,1410100011268,999990005,10,7078,10004,PP
Transporte Público,18,1410100011268,1403900010825,10,7078,63,PP
Transporte Público,18,1410100011268,1403900013177,10,7078,234,PP
Transporte Público,18,1410100011268,1403900013764,10,7078,265,PP
Transporte Público,18,1410100011268,1403900014531,10,7078,334,PP
Transporte Público,18,1410100011268,1403900014832,10,7078,360,PP
Transporte Público,18,1410100011268,1409800010879,10,7078,6028,PP
Transporte Público,18,1410100011268,1410100010147,10,7078,7001,PP
Transporte Público,18,1410100011268,1410100010378,20,7078,7007,PP
Transporte Público,18,1410100011268,1410100010382,30,7078,7008,PP
Transporte Público,18,1410100011268,141010026186A,11,7078,7205,PP
Transporte Público,18,1410100011272,1403900013815,10,7079,269,PP
Transporte Público,18,1410100011272,1410100010645,10,7079,7029,PP
Transporte Público,18,1410100011272,1410100011272,20,7079,7079,PP
Transporte Público,18,1410100011272,1412000013293,10,7079,8170,PP
Transporte Público,18,1410100011319,1410100010611,62,7083,7026,PP
Transporte Público,18,1410100011323,1403900010524,82,7084,37,PP
Transporte Público,18,1410100011323,140980001007A,82,7084,6004,PP
Transporte Público,18,1410100011323,141010001097A,82,7084,7055,PP
Transporte Público,18,1410100011338,1409800011078,101,7085,6038,PP
Transporte Público,18,1410100011361,141010001065A,164,7087,7030,PP
Transporte Público,18,1410100011395,1410100011268,10,7089,7078,PP
Transporte Público,18,1410100011395,1410100011395,136,7089,7089,PP
Transporte Público,18,1410100011427,1407000130401,82,7092,3033,PP
Transporte Público,18,1410100011446,1403900013641,136,7094,255,PP
Transporte Público,18,1410100011516,141012567,13,7099,7232,PP
Transporte Público,18,1410100011516,1403900011537,131,7099,126,PP
Transporte Público,18,1410100011516,1403900015154,131,7099,392,PP
Transporte Público,18,1410100011516,1410100010857,82,7099,7045,PP
Transporte Público,18,1410100011516,1410100260683,13,7099,7197,PP
Transporte Público,18,1410100011516,1410101902374,13,7099,7224,PP
Transporte Público,18,1410100011516,140700111133A,33,7099,3121,PP
Transporte Público,18,1410100011516,141010027236A,13,7099,7210,PP
Transporte Público,18,1410100011554,1405100020213,12,7100,2018,PP
Transporte Público,18,1410100011554,1409700010918,13,7100,5009,PP
Transporte Público,18,1410100011554,1410100011554,13,7100,7100,PP
Transporte Público,18,1410100011554,1410100272340,13,7100,7208,PP
Transporte Público,18,1410100011573,1409800010597,202,7102,6020,PP
Transporte Público,18,1410100011573,1410100011592,23,7102,7104,PP
Transporte Público,18,1410100011573,1410100272336,13,7102,7207,PP
Transporte Público,18,1410100011588,1407000010134,33,7103,3007,PP
Transporte Público,18,1410100011588,1410100312317,13,7103,7211,PP
Transporte Público,18,1410100011592,1403900011645,23,7104,135,PP
Transporte Público,18,1410100011592,1410100010433,23,7104,7011,PP
Transporte Público,18,1410100011592,1410100010946,23,7104,7052,PP
Transporte Público,18,1410100011592,1410100011554,23,7104,7100,PP
Transporte Público,18,1410100011592,1410100011592,23,7104,7104,PP
Transporte Público,18,1410100011592,140980001007A,23,7104,6004,PP
Transporte Público,18,1410100011592,141010001097A,23,7104,7055,PP
Transporte Público,18,1410100011605,140980001181A,13,7105,6090,PP
Transporte Público,18,1410100011624,1403900010454,128,7107,31,PP
Transporte Público,18,1410100011624,1403900014067,68,7107,293,PP
Transporte Público,18,1410100011639,1410100010999,101,7108,7057,PP
Transporte Público,18,1410100011639,1410100011592,101,7108,7104,PP
Transporte Público,18,1410100011643,1410100010611,62,7109,7026,PP
Transporte Público,18,1410100011997,141011963,82,7125,7230,PP
Transporte Público,18,1410100011997,1403900014885,62,7125,365,PP
Transporte Público,18,1410100011997,1410100010594,62,7125,7024,PP
Transporte Público,18,1410100011997,1410100091450,62,7125,7150,PP
Transporte Público,18,1410100011997,1410100091465,62,7125,7151,PP
Transporte Público,18,1410100011997,1410100092181,62,7125,7176,PP
Transporte Público,18,1410100011997,141010001115A,62,7125,7071,PP
Transporte Público,18,1410100012001,1410100011164,82,7126,7072,PP
Transporte Público,18,1410100012016,1409800010347,131,7127,6012,PP
Transporte Público,18,1410100012016,1410100092393,62,7127,7185,PP
Transporte Público,18,1410100012020,1410100011357,136,7128,7086,PP
Transporte Público,18,1410100012020,1410100011427,82,7128,7092,PP
Transporte Público,18,1410100012020,141010001065A,82,7128,7030,PP
Transporte Público,18,1410100012054,1403900012427,82,7131,201,PP
Transporte Público,18,1410100012069,1410100010151,10,7132,7002,PP
Transporte Público,18,1410100012073,1410100010912,131,7133,7049,PP
Transporte Público,18,1410100012478,1410100011982,62,7140,7124,PP
Transporte Público,18,1410100091450,1410100010787,131,7150,7040,PP
Transporte Público,18,1410100091450,1410100092213,62,7150,7179,PP
Transporte Público,18,1410100091465,1410100010310,82,7151,7005,PP
Transporte Público,18,1410100091465,1410100010626,62,7151,7027,PP
Transporte Público,18,1410100091465,1410100091465,62,7151,7151,PP
Transporte Público,18,1410100091465,1410100091677,62,7151,7155,PP
Transporte Público,18,1410100091465,1410100091802,62,7151,7159,PP
Transporte Público,18,1410100091465,1410101932694,62,7151,7226,PP
Transporte Público,18,1410100091520,1410100091802,62,7152,7159,PP
Transporte Público,18,1410100091677,1410100010490,131,7155,7016,PP
Transporte Público,18,1410100091677,1410100011268,10,7155,7078,PP
Transporte Público,18,1410100091677,1410100011592,23,7155,7104,PP
Transporte Público,18,1410100091677,1410100091677,62,7155,7155,PP
Transporte Público,18,1410100091677,1410101892656,82,7155,7221,PP
Transporte Público,18,1410100091802,1403900014832,124,7159,360,PP
Transporte Público,18,1410100091802,1403900015031,62,7159,380,PP
Transporte Público,18,1410100091802,1412000011723,62,7159,8052,PP
Transporte Público,18,1410100091802,1412002314179,62,7159,8478,PP
Transporte Público,18,1410100091802,141200001066A,62,7159,8018,PP
Transporte Público,18,1410100091910,1410100010946,62,7163,7052,PP
Transporte Público,18,1410100092105,1403900012145,62,7168,179,PP
Transporte Público,18,1410100092139,141240029,4,7171,9042,PP
Transporte Público,18,1410100092139,1410100010679,23,7171,7031,PP
Transporte Público,18,1410100092143,1410100091450,62,7172,7150,PP
Transporte Público,18,1410100092181,1403900010435,62,7176,29,PP
Transporte Público,18,1410100092181,1410100091520,124,7176,7152,PP
Transporte Público,18,1410100092393,140980001053A,62,7185,6019,PP
Transporte Público,18,1410100092410,1410100010927,62,7187,7050,PP
Transporte Público,18,1410100092586,1403900011715,62,7190,142,PP
Transporte Público,18,1410100092586,140980001007A,62,7190,6004,PP
Transporte Público,18,1410100220024,1410100011361,82,7193,7087,PP
Transporte Público,18,1410100220024,1412000010405,82,7193,8011,PP
Transporte Público,18,1410100220081,1410100011164,82,7194,7072,PP
Transporte Público,18,1410100220113,1403900011626,82,7196,133,PP
Transporte Público,18,1410100260683,140701467,13,7197,3133,PP
Transporte Público,18,1410100260683,140980243,9,7197,6237,PP
Transporte Público,18,1410100260683,141240090,2,7197,9047,PP
Transporte Público,18,1410100260683,1405100020181,12,7197,2015,PP
Transporte Público,18,1410100260683,1405100020213,12,7197,2018,PP
Transporte Público,18,1410100260698,1410100011126,23,7198,7068,PP
Transporte Público,18,1410100260698,1412000016512,18,7198,8368,PP
Transporte Público,18,1410100260698,1412400010156,20,7198,9004,PP
Transporte Público,18,1410100260698,140980001053A,13,7198,6019,PP
Transporte Público,18,1410100272336,1405100020213,12,7207,2018,PP
Transporte Público,18,1410100272336,1409800010968,101,7207,6030,PP
Transporte Público,18,1410100272336,1410100011200,13,7207,7076,PP
Transporte Público,18,1410100272336,1410100312317,13,7207,7211,PP
Transporte Público,18,1410100272336,141010027236A,13,7207,7210,PP
Transporte Público,18,1410100272340,1410100011554,13,7208,7100,PP
Transporte Público,18,1410100272355,1410100011126,23,7209,7068,PP
Transporte Público,18,1410100312317,1407001211518,13,7211,3127,PP
Transporte Público,18,1410100312321,1407000011503,33,7212,3026,PP
Transporte Público,18,1410100341978,1403900012130,82,7214,178,PP
Transporte Público,18,1410100380132,1403900011170,82,7219,96,PP
Transporte Público,18,1410100380166,1410100010931,82,7220,7051,PP
Transporte Público,18,1410101892656,1410101892656,82,7221,7221,PP
Transporte Público,18,1410101892660,1410100011554,13,7222,7100,PP
Transporte Público,18,1410101892660,1410100220024,82,7222,7193,PP
Transporte Público,18,1412000010212,141200142,7,8001,8459,PP
Transporte Público,18,1412000010212,1409708352740,31,8001,5324,PP
Transporte Público,18,1412000010212,1412000010212,124,8001,8001,PP
Transporte Público,18,1412000010212,1412000016832,62,8001,8395,PP
Transporte Público,18,1412000010227,1412000014234,77,8002,8232,PP
Transporte Público,18,1412000010227,1412000016832,62,8002,8395,PP
Transporte Público,18,1412000010227,141200001326A,100,8002,8167,PP
Transporte Público,18,1412000010231,1410100010147,28,8003,7001,PP
Transporte Público,18,1412000010231,1410100010151,18,8003,7002,PP
Transporte Público,18,1412000010231,1410100010537,46,8003,7020,PP
Transporte Público,18,1412000010231,1412000012774,54,8003,8125,PP
Transporte Público,18,1412000010231,1412000014198,100,8003,8228,PP
Transporte Público,18,1412000010231,1412000014249,178,8003,8233,PP
Transporte Público,18,1412000010231,1412000017120,18,8003,8417,PP
Transporte Público,18,1412000010231,1412000017135,75,8003,8418,PP
Transporte Público,18,1412000010231,1412002434713,7,8003,8517,PP
Transporte Público,18,1412000010246,1412000015374,100,8004,8315,PP
Transporte Público,18,1412000010265,1412000015177,27,8005,8299,PP
Transporte Público,18,1412000010265,141200001372A,48,8005,8203,PP
Transporte Público,18,1412000010354,1412000012238,77,8007,8076,PP
Transporte Público,18,1412000010369,1403900014052,119,8008,292,PP
Transporte Público,18,1412000010369,1409700053166,11,8008,5045,PP
Transporte Público,18,1412000010369,1409800012574,163,8008,6146,PP
Transporte Público,18,1412000010369,1410100010310,82,8008,7005,PP
Transporte Público,18,1412000010369,1410100010931,82,8008,7051,PP
Transporte Público,18,1412000010369,1410100011037,144,8008,7061,PP
Transporte Público,18,1412000010369,1412000013791,48,8008,8208,PP
Transporte Público,18,1412000010369,1412000014287,27,8008,8237,PP
Transporte Público,18,1412000010369,141200001372A,27,8008,8203,PP
Transporte Público,18,1412000010373,1412000012933,77,8009,8139,PP
Transporte Público,18,1412000010373,1412000013077,77,8009,8152,PP
Transporte Público,18,1412000010373,1412000015478,100,8009,8319,PP
Transporte Público,18,1412000010373,1412000015533,54,8009,8323,PP
Transporte Público,18,1412000010392,141200142,7,8010,8459,PP
Transporte Público,18,1412000010405,141240090,2,8011,9047,PP
Transporte Público,18,1412000010405,1403900010435,63,8011,29,PP
Transporte Público,18,1412000010405,1403900011170,111,8011,96,PP
Transporte Público,18,1412000010405,1403900011537,234,8011,126,PP
Transporte Público,18,1412000010405,1403900011908,111,8011,159,PP
Transporte Público,18,1412000010405,1403900012022,246,8011,171,PP
Transporte Público,18,1412000010405,1403900012520,119,8011,206,PP
Transporte Público,18,1412000010405,1403900012728,125,8011,224,PP
Transporte Público,18,1412000010405,1403900013552,454,8011,248,PP
Transporte Público,18,1412000010405,1403900015474,227,8011,422,PP
Transporte Público,18,1412000010405,1403900015525,125,8011,427,PP
Transporte Público,18,1412000010405,1407000131486,96,8011,3043,PP
Transporte Público,18,1412000010405,1407000211005,9,8011,3087,PP
Transporte Público,18,1412000010405,1409700250299,59,8011,5086,PP
Transporte Público,18,1412000010405,1409700350551,54,8011,5172,PP
Transporte Público,18,1412000010405,1409700353734,96,8011,5178,PP
Transporte Público,18,1412000010405,1409700353772,54,8011,5179,PP
Transporte Público,18,1412000010405,1409704241761,42,8011,5232,PP
Transporte Público,18,1412000010405,1409800010525,125,8011,6018,PP
Transporte Público,18,1412000010405,1409800010987,163,8011,6032,PP
Transporte Público,18,1412000010405,1409800011542,136,8011,6071,PP
Transporte Público,18,1412000010405,1409800012358,163,8011,6126,PP
Transporte Público,18,1412000010405,1409800012377,93,8011,6128,PP
Transporte Público,18,1412000010405,1409800012432,250,8011,6132,PP
Transporte Público,18,1412000010405,1409800141129,104,8011,6219,PP
Transporte Público,18,1412000010405,1410100010861,144,8011,7046,PP
Transporte Público,18,1412000010405,1410100011130,23,8011,7069,PP
Transporte Público,18,1412000010405,1410100011592,23,8011,7104,PP
Transporte Público,18,1412000010405,1410100380132,226,8011,7219,PP
Transporte Público,18,1412000010405,1410101932694,62,8011,7226,PP
Transporte Público,18,1412000010405,1412000010405,54,8011,8011,PP
Transporte Público,18,1412000010405,1412000010617,62,8011,8014,PP
Transporte Público,18,1412000010405,1412000012242,77,8011,8077,PP
Transporte Público,18,1412000010405,1412000012257,54,8011,8078,PP
Transporte Público,18,1412000010405,1412000012990,152,8011,8145,PP
Transporte Público,18,1412000010405,1412000014291,27,8011,8238,PP
Transporte Público,18,1412000010405,1412000015251,57,8011,8304,PP
Transporte Público,18,1412000010405,1412000016832,124,8011,8395,PP
Transporte Público,18,1412000010405,1412002314145,38,8011,8475,PP
Transporte Público,18,1412000010405,1412002314164,28,8011,8477,PP
Transporte Público,18,1412000010405,1412002434713,7,8011,8517,PP
Transporte Público,18,1412000010405,1412007580551,33,8011,8533,PP
Transporte Público,18,1412000010405,1412007580693,33,8011,8535,PP
Transporte Público,18,1412000010405,140390001083A,140,8011,64,PP
Transporte Público,18,1412000010405,140700014044A,36,8011,3049,PP
Transporte Público,18,1412000010405,140980001135A,125,8011,6057,PP
Transporte Público,18,1412000010405,141200001027A,100,8011,8006,PP
Transporte Público,18,1412000010405,141200001194A,152,8011,8067,PP
Transporte Público,18,1412000010405,141200001319A,178,8011,8163,PP
Transporte Público,18,1412000010405,141200001326A,62,8011,8167,PP
Transporte Público,18,1412000010405,141200206504A,2,8011,8461,PP
Transporte Público,18,1412000010405,141200231415A,14,8011,8476,PP
Transporte Público,18,1412000010547,1407000140825,73,8012,3059,PP
Transporte Público,18,1412000010547,1412000011935,152,8012,8066,PP
Transporte Público,18,1412000010602,1403900010863,26,8013,67,PP
Transporte Público,18,1412000010602,1412000010602,26,8013,8013,PP
Transporte Público,18,1412000010602,1412000012295,28,8013,8082,PP
Transporte Público,18,1412000010602,1412000012492,26,8013,8102,PP
Transporte Público,18,1412000010602,141200001237A,26,8013,8090,PP
Transporte Público,18,1412000010617,1409700201013,51,8014,5079,PP
Transporte Público,18,1412000010617,1409700250369,51,8014,5088,PP
Transporte Público,18,1412000010617,1409700250477,28,8014,5091,PP
Transporte Público,18,1412000010617,1412000010405,62,8014,8011,PP
Transporte Público,18,1412000010617,1412000010617,62,8014,8014,PP
Transporte Público,18,1412000010617,1412000012204,95,8014,8073,PP
Transporte Público,18,1412000010617,1412000012967,62,8014,8142,PP
Transporte Público,18,1412000010617,1412000013325,178,8014,8173,PP
Transporte Público,18,1412000010617,1412000013575,19,8014,8189,PP
Transporte Público,18,1412000010617,1412000014342,100,8014,8243,PP
Transporte Público,18,1412000010617,1412000014658,77,8014,8272,PP
Transporte Público,18,1412000010617,1412000014662,28,8014,8273,PP
Transporte Público,18,1412000010617,1412000014889,53,8014,8286,PP
Transporte Público,18,1412000010617,1412000016508,37,8014,8367,PP
Transporte Público,18,1412000010617,1412000017205,62,8014,8423,PP
Transporte Público,18,1412000010636,140972416,318,8015,5387,PP
Transporte Público,18,1412000010636,1403900015506,93,8015,425,PP
Transporte Público,18,1412000010636,1409700463861,147,8015,5206,PP
Transporte Público,18,1412000010636,1409706133946,94,8015,5245,PP
Transporte Público,18,1412000010636,1409708234003,53,8015,5291,PP
Transporte Público,18,1412000010636,1409708432651,106,8015,5335,PP
Transporte Público,18,1412000010636,1409708432666,159,8015,5336,PP
Transporte Público,18,1412000010636,1409708622914,53,8015,5363,PP
Transporte Público,18,1412000010636,140970843269A,106,8015,5339,PP
Transporte Público,18,1412000010636,140970862290A,94,8015,5362,PP
Transporte Público,18,1412000010636,140970862340A,53,8015,5365,PP
Transporte Público,18,1412000010640,1412000012327,28,8016,8085,PP
Transporte Público,18,1412000010640,1412000014677,28,8016,8274,PP
Transporte Público,18,1412000010655,1412000010231,100,8017,8003,PP
Transporte Público,18,1412000010706,1403900011293,43,8020,105,PP
Transporte Público,18,1412000010706,1409700250763,28,8020,5094,PP
Transporte Público,18,1412000010706,1409704241761,21,8020,5232,PP
Transporte Público,18,1412000010706,1412000010706,304,8020,8020,PP
Transporte Público,18,1412000010706,1412000012488,16,8020,8101,PP
Transporte Público,18,1412000010706,1412000013397,100,8020,8176,PP
Transporte Público,18,1412000010706,1412000014516,93,8020,8260,PP
Transporte Público,18,1412000010710,1403900010469,128,8021,32,PP
Transporte Público,18,1412000010710,1409700250462,28,8021,5090,PP
Transporte Público,18,1412000010710,1409800011383,13,8021,6060,PP
Transporte Público,18,1412000010710,1409800140027,59,8021,6217,PP
Transporte Público,18,1412000010710,1412000011920,152,8021,8065,PP
Transporte Público,18,1412000010710,1412000012488,16,8021,8101,PP
Transporte Público,18,1412000010710,1412000016141,26,8021,8356,PP
Transporte Público,18,1412000010814,1403900014071,62,8022,294,PP
Transporte Público,18,1412000010814,1409800011383,62,8022,6060,PP
Transporte Público,18,1412000010814,1410100010151,18,8022,7002,PP
Transporte Público,18,1412000010814,1412000010212,62,8022,8001,PP
Transporte Público,18,1412000010814,1412000011526,21,8022,8045,PP
Transporte Público,18,1412000010814,1412000011812,356,8022,8057,PP
Transporte Público,18,1412000010814,1412000015552,38,8022,8325,PP
Transporte Público,18,1412000010814,140970424098A,38,8022,5231,PP
Transporte Público,18,1412000010890,1412000013293,77,8023,8170,PP
Transporte Público,18,1412000010918,1405100020196,12,8024,2016,PP
Transporte Público,18,1412000010918,1405100020213,42,8024,2018,PP
Transporte Público,18,1412000010918,1412000012399,54,8024,8092,PP
Transporte Público,18,1412000010937,1403900012395,119,8025,199,PP
Transporte Público,18,1412000010937,1412000010937,214,8025,8025,PP
Transporte Público,18,1412000010937,1412000013787,27,8025,8207,PP
Transporte Público,18,1412000010937,1412000013819,54,8025,8210,PP
Transporte Público,18,1412000010937,1412000014287,27,8025,8237,PP
Transporte Público,18,1412000010937,1412002065054,2,8025,8462,PP
Transporte Público,18,1412000010975,1410100010147,10,8026,7001,PP
Transporte Público,18,1412000010975,1412000013876,54,8026,8213,PP
Transporte Público,18,1412000010994,141200001422A,77,8028,8231,PP
Transporte Público,18,1412000011009,1403900011861,114,8029,155,PP
Transporte Público,18,1412000011009,1403900013016,226,8029,230,PP
Transporte Público,18,1412000011009,1403900013177,140,8029,234,PP
Transporte Público,18,1412000011009,1403900014480,131,8029,329,PP
Transporte Público,18,1412000011009,1403900014743,125,8029,352,PP
Transporte Público,18,1412000011009,1407000210736,9,8029,3082,PP
Transporte Público,18,1412000011009,1409700250299,59,8029,5086,PP
Transporte Público,18,1412000011009,1409700350138,96,8029,5169,PP
Transporte Público,18,1412000011009,1409708441691,104,8029,5346,PP
Transporte Público,18,1412000011009,1409800011716,52,8029,6082,PP
Transporte Público,18,1412000011009,1409800141114,59,8029,6218,PP
Transporte Público,18,1412000011009,1410100010630,62,8029,7028,PP
Transporte Público,18,1412000011009,1410100011130,46,8029,7069,PP
Transporte Público,18,1412000011009,1410100011268,20,8029,7078,PP
Transporte Público,18,1412000011009,1412000010814,62,8029,8022,PP
Transporte Público,18,1412000011009,1412000010937,77,8029,8025,PP
Transporte Público,18,1412000011009,1412000012115,27,8029,8069,PP
Transporte Público,18,1412000011009,1412000012242,154,8029,8077,PP
Transporte Público,18,1412000011009,1412000012257,54,8029,8078,PP
Transporte Público,18,1412000011009,1412000012825,96,8029,8130,PP
Transporte Público,18,1412000011009,1412000014215,137,8029,8230,PP
Transporte Público,18,1412000011009,1412002314145,28,8029,8475,PP
Transporte Público,18,1412000011009,1412007580566,33,8029,8534,PP
Transporte Público,18,1412000011009,1412007580829,33,8029,8540,PP
Transporte Público,18,1412000011009,140980001320A,96,8029,6198,PP
Transporte Público,18,1412000011009,141200001365A,54,8029,8196,PP
Transporte Público,18,1412000011032,1412000011032,77,8030,8030,PP
Transporte Público,18,1412000011032,1412000012115,48,8030,8069,PP
Transporte Público,18,1412000011032,1412000013236,231,8030,8166,PP
Transporte Público,18,1412000011032,1412000013787,48,8030,8207,PP
Transporte Público,18,1412000011032,1412000014323,27,8030,8241,PP
Transporte Público,18,1412000011121,141200068,59,8031,8451,PP
Transporte Público,18,1412000011121,1412004306940,33,8031,8519,PP
Transporte Público,18,1412000011121,141200001027A,100,8031,8006,PP
Transporte Público,18,1412000011121,141200001422A,200,8031,8231,PP
Transporte Público,18,1412000011155,1412000012948,49,8032,8140,PP
Transporte Público,18,1412000011155,1412000014662,28,8032,8273,PP
Transporte Público,18,1412000011155,1412002065054,2,8032,8462,PP
Transporte Público,18,1412000011189,140980012,59,8034,6216,PP
Transporte Público,18,1412000011189,1403900010469,226,8034,32,PP
Transporte Público,18,1412000011189,1403900013707,27,8034,260,PP
Transporte Público,18,1412000011189,1403900013891,226,8034,276,PP
Transporte Público,18,1412000011189,1410100010522,62,8034,7019,PP
Transporte Público,18,1412000011189,1412000010617,62,8034,8014,PP
Transporte Público,18,1412000011189,1412000015459,152,8034,8317,PP
Transporte Público,18,1412000011189,1412000015497,152,8034,8321,PP
Transporte Público,18,1412000011189,1412004306955,33,8034,8520,PP
Transporte Público,18,1412000011189,140390001400A,136,8034,287,PP
Transporte Público,18,1412000011189,140390001496A,226,8034,373,PP
Transporte Público,18,1412000011206,1403900010295,43,8036,17,PP
Transporte Público,18,1412000011206,1403900011166,63,8036,95,PP
Transporte Público,18,1412000011206,1403900011429,140,8036,118,PP
Transporte Público,18,1412000011206,1403900011753,11,8036,145,PP
Transporte Público,18,1412000011206,1403900013209,140,8036,235,PP
Transporte Público,18,1412000011206,1403900014226,249,8036,308,PP
Transporte Público,18,1412000011206,1409800012837,23,8036,6169,PP
Transporte Público,18,1412000011206,1410100012073,131,8036,7133,PP
Transporte Público,18,1412000011206,1412000010405,11,8036,8011,PP
Transporte Público,18,1412000011206,1412000010617,62,8036,8014,PP
Transporte Público,18,1412000011206,1412000011189,11,8036,8034,PP
Transporte Público,18,1412000011206,1412000011193,49,8036,8035,PP
Transporte Público,18,1412000011206,1412000011206,22,8036,8036,PP
Transporte Público,18,1412000011206,1412000011441,267,8036,8043,PP
Transporte Público,18,1412000011206,1412000011920,11,8036,8065,PP
Transporte Público,18,1412000011206,1412000014605,11,8036,8269,PP
Transporte Público,18,1412000011206,1412000015266,11,8036,8305,PP
Transporte Público,18,1412000011206,1412000016391,28,8036,8363,PP
Transporte Público,18,1412000011206,1412002315887,11,8036,8489,PP
Transporte Público,18,1412000011206,141200001326A,282,8036,8167,PP
Transporte Público,18,1412000011210,1403900011359,49,8037,111,PP
Transporte Público,18,1412000011210,1409800011345,49,8037,6056,PP
Transporte Público,18,1412000011210,1412000014836,49,8037,8281,PP
Transporte Público,18,1412000011225,141200142,7,8038,8459,PP
Transporte Público,18,1412000011225,1403900010632,114,8038,45,PP
Transporte Público,18,1412000011225,1403900013707,27,8038,260,PP
Transporte Público,18,1412000011225,1409800011928,52,8038,6099,PP
Transporte Público,18,1412000011225,1410100010147,10,8038,7001,PP
Transporte Público,18,1412000011225,1410100011573,13,8038,7102,PP
Transporte Público,18,1412000011225,1412000010617,124,8038,8014,PP
Transporte Público,18,1412000011225,1412000011193,98,8038,8035,PP
Transporte Público,18,1412000011225,1412000011206,22,8038,8036,PP
Transporte Público,18,1412000011225,1412000011210,49,8038,8037,PP
Transporte Público,18,1412000011225,1412000014342,56,8038,8243,PP
Transporte Público,18,1412000011225,1412002434713,7,8038,8517,PP
Transporte Público,18,1412000011278,1403900015525,125,8039,427,PP
Transporte Público,18,1412000011278,1412000014677,28,8039,8274,PP
Transporte Público,18,1412000011278,1412000016103,28,8039,8353,PP
Transporte Público,18,1412000011278,1412002434713,7,8039,8517,PP
Transporte Público,18,1412000011282,1409800012131,52,8040,6111,PP
Transporte Público,18,1412000011282,1412000014658,28,8040,8272,PP
Transporte Público,18,1412000011282,1412000014677,28,8040,8274,PP
Transporte Público,18,1412000011297,1403900013656,279,8041,256,PP
Transporte Público,18,1412000011297,1404400050257,15,8041,1024,PP
Transporte Público,18,1412000011297,1409700250354,28,8041,5087,PP
Transporte Público,18,1412000011297,1409800141114,59,8041,6218,PP
Transporte Público,18,1412000011297,1412000010369,78,8041,8008,PP
Transporte Público,18,1412000011297,1412000011920,152,8041,8065,PP
Transporte Público,18,1412000011297,1412000012280,137,8041,8081,PP
Transporte Público,18,1412000011297,1412000012295,28,8041,8082,PP
Transporte Público,18,1412000011297,1412000012312,28,8041,8084,PP
Transporte Público,18,1412000011297,1412000014234,137,8041,8232,PP
Transporte Público,18,1412000011297,1412000014520,56,8041,8261,PP
Transporte Público,18,1412000011418,1409700340250,22,8042,5156,PP
Transporte Público,18,1412000011441,1412000014431,152,8043,8252,PP
Transporte Público,18,1412000011441,141200001707A,26,8043,8412,PP
Transporte Público,18,1412000011460,1409700320053,59,8044,5135,PP
Transporte Público,18,1412000011460,1409700321189,59,8044,5149,PP
Transporte Público,18,1412000011460,1409800140027,104,8044,6217,PP
Transporte Público,18,1412000011460,1412000012488,16,8044,8101,PP
Transporte Público,18,1412000011526,1403900011359,21,8045,111,PP
Transporte Público,18,1412000011526,1409701801244,21,8045,5226,PP
Transporte Público,18,1412000011526,1409800012466,125,8045,6135,PP
Transporte Público,18,1412000011526,1412000012242,38,8045,8077,PP
Transporte Público,18,1412000011526,1412000013293,21,8045,8170,PP
Transporte Público,18,1412000011526,1412000014484,21,8045,8257,PP
Transporte Público,18,1412000011526,140390001464A,21,8045,345,PP
Transporte Público,18,1412000011579,1403900010647,100,8046,46,PP
Transporte Público,18,1412000011634,1412000014338,27,8047,8242,PP
Transporte Público,18,1412000011649,1412000013113,27,8048,8155,PP
Transporte Público,18,1412000011653,141205567,77,8049,8546,PP
Transporte Público,18,1412000011687,1412000014643,28,8050,8271,PP
Transporte Público,18,1412000011687,1412000016391,28,8050,8363,PP
Transporte Público,18,1412000011691,1412000016300,26,8051,8360,PP
Transporte Público,18,1412000011723,140440011,15,8052,1031,PP
Transporte Público,18,1412000011723,1409700213857,19,8052,5082,PP
Transporte Público,18,1412000011723,1409700340250,11,8052,5156,PP
Transporte Público,18,1412000011723,1409800012837,46,8052,6169,PP
Transporte Público,18,1412000011723,1410100011268,18,8052,7078,PP
Transporte Público,18,1412000011723,1412000014249,178,8052,8233,PP
Transporte Público,18,1412000011723,1412000016300,26,8052,8360,PP
Transporte Público,18,1412000011723,14097059A,32,8052,5241,PP
Transporte Público,18,1412000011757,1409800011608,101,8054,6074,PP
Transporte Público,18,1412000011757,1412000012327,28,8054,8085,PP
Transporte Público,18,1412000011757,1412000620161,75,8054,8445,PP
Transporte Público,18,1412000011757,1412002315726,132,8054,8485,PP
Transporte Público,18,1412000011795,141205567,200,8055,8546,PP
Transporte Público,18,1412000011795,1412000016550,100,8055,8372,PP
Transporte Público,18,1412000011808,1412000010212,124,8056,8001,PP
Transporte Público,18,1412000011808,1412007580496,33,8056,8531,PP
Transporte Público,18,1412000011812,1412000012276,48,8057,8080,PP
Transporte Público,18,1412000011846,1412000010937,137,8058,8025,PP
Transporte Público,18,1412000011850,1403900010952,100,8059,75,PP
Transporte Público,18,1412000011850,1409708221530,100,8059,5252,PP
Transporte Público,18,1412000011865,1412002314179,42,8060,8478,PP
Transporte Público,18,1412000011899,1412000012219,54,8063,8074,PP
Transporte Público,18,1412000011920,1409700350138,54,8065,5169,PP
Transporte Público,18,1412000012238,1403900011912,63,8076,160,PP
Transporte Público,18,1412000012242,1409800011576,13,8077,6072,PP
Transporte Público,18,1412000012261,1412000015158,27,8079,8297,PP
Transporte Público,18,1412000012276,1409800011468,91,8080,6066,PP
Transporte Público,18,1412000012276,1409800011684,91,8080,6080,PP
Transporte Público,18,1412000012276,1409800012714,91,8080,6157,PP
Transporte Público,18,1412000012276,1412000013861,27,8080,8212,PP
Transporte Público,18,1412000012276,1412000016512,18,8080,8368,PP
Transporte Público,18,1412000012280,140980012,104,8081,6216,PP
Transporte Público,18,1412000012280,1403900014546,38,8081,335,PP
Transporte Público,18,1412000012280,1409705601032,59,8081,5236,PP
Transporte Público,18,1412000012280,1409800142019,104,8081,6220,PP
Transporte Público,18,1412000012280,1410100010857,82,8081,7045,PP
Transporte Público,18,1412000012280,1410100010912,144,8081,7049,PP
Transporte Público,18,1412000012280,1410100091802,109,8081,7159,PP
Transporte Público,18,1412000012280,1410100092586,109,8081,7190,PP
Transporte Público,18,1412000012280,1410100220024,82,8081,7193,PP
Transporte Público,18,1412000012280,1412000011032,77,8081,8030,PP
Transporte Público,18,1412000012280,1412000011899,53,8081,8063,PP
Transporte Público,18,1412000012280,1412000014291,77,8081,8238,PP
Transporte Público,18,1412000012280,1412000016847,18,8081,8396,PP
Transporte Público,18,1412000012280,141010001179A,144,8081,7117,PP
Transporte Público,18,1412000012280,141010009211A,62,8081,7169,PP
Transporte Público,18,1412000012280,141200001372A,27,8081,8203,PP
Transporte Público,18,1412000012280,141200206504A,4,8081,8461,PP
Transporte Público,18,1412000012295,1403900011556,28,8082,127,PP
Transporte Público,18,1412000012295,1409700201013,28,8082,5079,PP
Transporte Público,18,1412000012295,1412000011723,28,8082,8052,PP
Transporte Público,18,1412000012295,1412000013556,28,8082,8187,PP
Transporte Público,18,1412000012295,1412000014573,28,8082,8266,PP
Transporte Público,18,1412000012308,1412000010640,28,8083,8016,PP
Transporte Público,18,1412000012308,1412000011742,56,8083,8053,PP
Transporte Público,18,1412000012308,1412000012308,28,8083,8083,PP
Transporte Público,18,1412000012308,1412000012990,28,8083,8145,PP
Transporte Público,18,1412000012308,1412000014484,28,8083,8257,PP
Transporte Público,18,1412000012308,1412000014573,28,8083,8266,PP
Transporte Público,18,1412000012308,1412000015340,56,8083,8312,PP
Transporte Público,18,1412000012312,1403900011753,28,8084,145,PP
Transporte Público,18,1412000012312,1403900014565,28,8084,337,PP
Transporte Público,18,1412000012312,1412000012990,28,8084,8145,PP
Transporte Público,18,1412000012312,1412000014535,28,8084,8262,PP
Transporte Público,18,1412000012312,1412000014605,28,8084,8269,PP
Transporte Público,18,1412000012312,1412000015266,28,8084,8305,PP
Transporte Público,18,1412000012327,1412000012473,16,8085,8100,PP
Transporte Público,18,1412000012327,1412000012505,28,8085,8103,PP
Transporte Público,18,1412000012327,1412000015336,28,8085,8311,PP
Transporte Público,18,1412000012327,1412000016300,28,8085,8360,PP
Transporte Público,18,1412000012346,1403900011378,13,8087,113,PP
Transporte Público,18,1412000012346,1412000012609,77,8087,8111,PP
Transporte Público,18,1412000012346,1412000013113,81,8087,8155,PP
Transporte Público,18,1412000012416,1412000013611,56,8094,8192,PP
Transporte Público,18,1412000012416,1412000015336,28,8094,8311,PP
Transporte Público,18,1412000012454,1403900012728,21,8098,224,PP
Transporte Público,18,1412000012454,1412000010706,42,8098,8020,PP
Transporte Público,18,1412000012473,1412000016391,28,8100,8363,PP
Transporte Público,18,1412000012473,1412000620176,75,8100,8446,PP
Transporte Público,18,1412000012488,1412000010706,16,8101,8020,PP
Transporte Público,18,1412000012492,1412000010602,26,8102,8013,PP
Transporte Público,18,1412000012505,1403900011626,93,8103,133,PP
Transporte Público,18,1412000012505,1409700012115,31,8103,5023,PP
Transporte Público,18,1412000012505,1409704240570,21,8103,5229,PP
Transporte Público,18,1412000012505,1409708352721,31,8103,5322,PP
Transporte Público,18,1412000012505,1409708441691,59,8103,5346,PP
Transporte Público,18,1412000012505,1412000010937,154,8103,8025,PP
Transporte Público,18,1412000012505,1412000012505,59,8103,8103,PP
Transporte Público,18,1412000012505,1412000013630,26,8103,8194,PP
Transporte Público,18,1412000012505,1412000017366,26,8103,8434,PP
Transporte Público,18,1412000012524,1412000013594,19,8105,8190,PP
Transporte Público,18,1412000012524,1412000015251,100,8105,8304,PP
Transporte Público,18,1412000012539,1409700250354,28,8106,5087,PP
Transporte Público,18,1412000012539,1409708223058,136,8106,5277,PP
Transporte Público,18,1412000012539,1409708374200,136,8106,5332,PP
Transporte Público,18,1412000012539,1412000012666,356,8106,8117,PP
Transporte Público,18,1412000012539,1412000013185,100,8106,8162,PP
Transporte Público,18,1412000012539,1412000014249,178,8106,8233,PP
Transporte Público,18,1412000012539,1412000015340,26,8106,8312,PP
Transporte Público,18,1412000012543,1412000012488,29,8107,8101,PP
Transporte Público,18,1412000012558,1409700250369,51,8108,5088,PP
Transporte Público,18,1412000012558,1409700250477,28,8108,5091,PP
Transporte Público,18,1412000012558,1412000012488,16,8108,8101,PP
Transporte Público,18,1412000012558,1412000014662,28,8108,8273,PP
Transporte Público,18,1412000012562,1403900011024,152,8109,82,PP
Transporte Público,18,1412000012562,1410100091802,62,8109,7159,PP
Transporte Público,18,1412000012562,1412000012863,11,8109,8133,PP
Transporte Público,18,1412000012609,141012552,41,8111,7231,PP
Transporte Público,18,1412000012609,141200142,7,8111,8459,PP
Transporte Público,18,1412000012609,1403900013374,125,8111,240,PP
Transporte Público,18,1412000012609,1403900013618,128,8111,253,PP
Transporte Público,18,1412000012609,1409704241761,21,8111,5232,PP
Transporte Público,18,1412000012609,1410100010471,41,8111,7014,PP
Transporte Público,18,1412000012609,1410100011592,23,8111,7104,PP
Transporte Público,18,1412000012609,1412000010814,110,8111,8022,PP
Transporte Público,18,1412000012609,1412000011526,21,8111,8045,PP
Transporte Público,18,1412000012609,1412000013185,178,8111,8162,PP
Transporte Público,18,1412000012609,1412000013397,114,8111,8176,PP
Transporte Público,18,1412000012609,1412000014183,100,8111,8227,PP
Transporte Público,18,1412000012609,1412000016832,124,8111,8395,PP
Transporte Público,18,1412000012609,1412000017050,53,8111,8410,PP
Transporte Público,18,1412000012609,1412000620161,245,8111,8445,PP
Transporte Público,18,1412000012609,1412002313838,75,8111,8470,PP
Transporte Público,18,1412000012609,1412002314179,14,8111,8478,PP
Transporte Público,18,1412000012609,1412007580744,33,8111,8536,PP
Transporte Público,18,1412000012613,1403900011753,100,8112,145,PP
Transporte Público,18,1412000012613,1403900014936,534,8112,370,PP
Transporte Público,18,1412000012613,1412007580693,33,8112,8535,PP
Transporte Público,18,1412000012628,1409800011928,100,8113,6099,PP
Transporte Público,18,1412000012628,1412000010231,100,8113,8003,PP
Transporte Público,18,1412000012628,1412000010405,100,8113,8011,PP
Transporte Público,18,1412000012628,1412000014215,137,8113,8230,PP
Transporte Público,18,1412000012628,1412002314179,100,8113,8478,PP
Transporte Público,18,1412000012632,1412000014075,53,8114,8220,PP
Transporte Público,18,1412000012647,1412000010405,100,8115,8011,PP
Transporte Público,18,1412000012647,1412000011009,100,8115,8029,PP
Transporte Público,18,1412000012647,1412002314145,28,8115,8475,PP
Transporte Público,18,1412000012666,1412000010814,220,8117,8022,PP
Transporte Público,18,1412000012666,141200001027A,100,8117,8006,PP
Transporte Público,18,1412000012670,1412000011032,100,8118,8030,PP
Transporte Público,18,1412000012670,1412000013185,100,8118,8162,PP
Transporte Público,18,1412000012685,1409700092878,32,8119,5057,PP
Transporte Público,18,1412000012702,1407000200789,66,8121,3072,PP
Transporte Público,18,1412000012702,1407001111359,33,8121,3123,PP
Transporte Público,18,1412000012702,1412000012948,49,8121,8140,PP
Transporte Público,18,1412000012702,1412000013005,56,8121,8146,PP
Transporte Público,18,1412000012717,1412000012488,17,8122,8101,PP
Transporte Público,18,1412000012774,141200001422A,291,8125,8231,PP
Transporte Público,18,1412000012774,141200206504A,2,8125,8461,PP
Transporte Público,18,1412000012789,1412007580744,66,8126,8536,PP
Transporte Público,18,1412000012810,1412000014287,27,8129,8237,PP
Transporte Público,18,1412000012863,1403900013143,11,8133,233,PP
Transporte Público,18,1412000012863,1412000011206,19,8133,8036,PP
Transporte Público,18,1412000012863,1412000012863,27,8133,8133,PP
Transporte Público,18,1412000012863,1412000014520,56,8133,8261,PP
Transporte Público,18,1412000012863,1412000014658,28,8133,8272,PP
Transporte Público,18,1412000012863,1412000015336,28,8133,8311,PP
Transporte Público,18,1412000012863,1412000015815,11,8133,8337,PP
Transporte Público,18,1412000012863,1412002314145,24,8133,8475,PP
Transporte Público,18,1412000012863,1412002314164,24,8133,8477,PP
Transporte Público,18,1412000012914,1403900014546,49,8137,335,PP
Transporte Público,18,1412000012914,1412000012647,100,8137,8115,PP
Transporte Público,18,1412000012914,1412000014287,27,8137,8237,PP
Transporte Público,18,1412000012914,1412000014342,56,8137,8243,PP
Transporte Público,18,1412000012929,1403900014423,77,8138,323,PP
Transporte Público,18,1412000012929,1412000016550,53,8138,8372,PP
Transporte Público,18,1412000012929,141200001365A,54,8138,8196,PP
Transporte Público,18,1412000012948,1403900011630,49,8140,134,PP
Transporte Público,18,1412000012948,1403900015370,137,8140,413,PP
Transporte Público,18,1412000012948,1409800010347,101,8140,6012,PP
Transporte Público,18,1412000012952,1409800012466,125,8141,6135,PP
Transporte Público,18,1412000012952,1412000010617,56,8141,8014,PP
Transporte Público,18,1412000012967,1403900011804,112,8142,149,PP
Transporte Público,18,1412000012967,1403900013143,56,8142,233,PP
Transporte Público,18,1412000012967,1412002434713,7,8142,8517,PP
Transporte Público,18,1412000012986,1412000011206,19,8144,8036,PP
Transporte Público,18,1412000012990,1403900014669,152,8145,347,PP
Transporte Público,18,1412000012990,1412000012295,28,8145,8082,PP
Transporte Público,18,1412000012990,1412000015340,26,8145,8312,PP
Transporte Público,18,1412000012990,141200001066A,208,8145,8018,PP
Transporte Público,18,1412000013005,1412000012914,168,8146,8137,PP
Transporte Público,18,1412000013039,1412000016550,53,8148,8372,PP
Transporte Público,18,1412000013043,1403900014936,77,8149,370,PP
Transporte Público,18,1412000013043,1412000010994,77,8149,8028,PP
Transporte Público,18,1412000013043,1412000017116,53,8149,8416,PP
Transporte Público,18,1412000013043,141200001098A,77,8149,8027,PP
Transporte Público,18,1412000013058,1410100010452,23,8150,7013,PP
Transporte Público,18,1412000013058,1410100010471,64,8150,7014,PP
Transporte Público,18,1412000013058,1412000012844,54,8150,8132,PP
Transporte Público,18,1412000013058,1412000013113,89,8150,8155,PP
Transporte Público,18,1412000013058,1412000014287,27,8150,8237,PP
Transporte Público,18,1412000013058,1412000015143,27,8150,8296,PP
Transporte Público,18,1412000013062,1403900010469,128,8151,32,PP
Transporte Público,18,1412000013062,1412000012435,137,8151,8096,PP
Transporte Público,18,1412000013062,1412000012933,77,8151,8139,PP
Transporte Público,18,1412000013062,1412000013077,137,8151,8152,PP
Transporte Público,18,1412000013062,1412000014215,77,8151,8230,PP
Transporte Público,18,1412000013113,1412000015143,27,8155,8296,PP
Transporte Público,18,1412000013128,1403900014052,68,8156,292,PP
Transporte Público,18,1412000013132,1403900010030,152,8157,2,PP
Transporte Público,18,1412000013132,1403900011556,152,8157,127,PP
Transporte Público,18,1412000013132,1412000013132,152,8157,8157,PP
Transporte Público,18,1412000013147,1412000014484,153,8158,8257,PP
Transporte Público,18,1412000013147,1412000014658,28,8158,8272,PP
Transporte Público,18,1412000013147,140970884397A,59,8158,5380,PP
Transporte Público,18,1412000013185,1412000011579,100,8162,8046,PP
Transporte Público,18,1412000013185,141200001098A,100,8162,8027,PP
Transporte Público,18,1412000013217,1412000012986,152,8165,8144,PP
Transporte Público,18,1412000013274,1412000013293,62,8168,8170,PP
Transporte Público,18,1412000013289,1412000014520,28,8169,8261,PP
Transporte Público,18,1412000013289,1412000014658,49,8169,8272,PP
Transporte Público,18,1412000013289,1412000016391,49,8169,8363,PP
Transporte Público,18,1412000013289,1412002312079,14,8169,8468,PP
Transporte Público,18,1412000013289,1412002315618,75,8169,8484,PP
Transporte Público,18,1412000013293,1403900012569,48,8170,210,PP
Transporte Público,18,1412000013293,1403900012592,27,8170,213,PP
Transporte Público,18,1412000013293,1403900013694,27,8170,259,PP
Transporte Público,18,1412000013293,1409700353772,54,8170,5179,PP
Transporte Público,18,1412000013293,1409800012837,23,8170,6169,PP
Transporte Público,18,1412000013293,1410100011268,10,8170,7078,PP
Transporte Público,18,1412000013293,1412000010212,62,8170,8001,PP
Transporte Público,18,1412000013293,1412000011850,100,8170,8059,PP
Transporte Público,18,1412000013293,1412000012204,53,8170,8073,PP
Transporte Público,18,1412000013293,1412000012219,96,8170,8074,PP
Transporte Público,18,1412000013293,1412000012399,54,8170,8092,PP
Transporte Público,18,1412000013293,1412000012914,49,8170,8137,PP
Transporte Público,18,1412000013293,1412000012948,98,8170,8140,PP
Transporte Público,18,1412000013293,1412000013077,77,8170,8152,PP
Transporte Público,18,1412000013293,1412000013236,137,8170,8166,PP
Transporte Público,18,1412000013293,1412000013274,62,8170,8168,PP
Transporte Público,18,1412000013293,1412000014535,267,8170,8262,PP
Transporte Público,18,1412000013293,1412000015800,100,8170,8336,PP
Transporte Público,18,1412000013293,1412000620176,75,8170,8446,PP
Transporte Público,18,1412000013293,140390001546A,125,8170,421,PP
Transporte Público,18,1412000013293,141200001365A,54,8170,8196,PP
Transporte Público,18,1412000013325,1412000010617,344,8173,8014,PP
Transporte Público,18,1412000013325,1412000010814,62,8173,8022,PP
Transporte Público,18,1412000013325,1412000016832,204,8173,8395,PP
Transporte Público,18,1412000013378,1412000010212,62,8174,8001,PP
Transporte Público,18,1412000013378,1412000012609,62,8174,8111,PP
Transporte Público,18,1412000013378,1412000013185,100,8174,8162,PP
Transporte Público,18,1412000013378,1412000017046,62,8174,8409,PP
Transporte Público,18,1412000013378,141200001326A,62,8174,8167,PP
Transporte Público,18,1412000013397,1412000010212,110,8176,8001,PP
Transporte Público,18,1412000013397,1412000010617,62,8176,8014,PP
Transporte Público,18,1412000013397,1412000010814,62,8176,8022,PP
Transporte Público,18,1412000013397,1412000011009,100,8176,8029,PP
Transporte Público,18,1412000013397,1412000013293,100,8176,8170,PP
Transporte Público,18,1412000013397,1412000620161,75,8176,8445,PP
Transporte Público,18,1412000013397,1412007560424,75,8176,8528,PP
Transporte Público,18,1412000013397,141200001027A,200,8176,8006,PP
Transporte Público,18,1412000013414,1409800011928,21,8178,6099,PP
Transporte Público,18,1412000013414,1412000014516,93,8178,8260,PP
Transporte Público,18,1412000013414,140970884397A,59,8178,5380,PP
Transporte Público,18,1412000013452,1412000013081,77,8182,8153,PP
Transporte Público,18,1412000013503,1412000014662,28,8185,8273,PP
Transporte Público,18,1412000013518,1403900013891,128,8186,276,PP
Transporte Público,18,1412000013518,1403900013923,226,8186,279,PP
Transporte Público,18,1412000013518,140390001286A,354,8186,228,PP
Transporte Público,18,1412000013560,1412000016300,26,8188,8360,PP
Transporte Público,18,1412000013575,141200142,14,8189,8459,PP
Transporte Público,18,1412000013575,1403900014546,22,8189,335,PP
Transporte Público,18,1412000013575,1412000010706,11,8189,8020,PP
Transporte Público,18,1412000013575,1412000011850,178,8189,8059,PP
Transporte Público,18,1412000013575,1412000012204,95,8189,8073,PP
Transporte Público,18,1412000013575,1412000012488,16,8189,8101,PP
Transporte Público,18,1412000013575,1412000014183,178,8189,8227,PP
Transporte Público,18,1412000013575,1412000015266,11,8189,8305,PP
Transporte Público,18,1412000013575,1412002434713,7,8189,8517,PP
Transporte Público,18,1412000013575,141200231205A,11,8189,8467,PP
Transporte Público,18,1412000013611,1412000010405,28,8192,8011,PP
Transporte Público,18,1412000013611,1412000012505,29,8192,8103,PP
Transporte Público,18,1412000013611,1412000013611,28,8192,8192,PP
Transporte Público,18,1412000013630,1403900011359,26,8194,111,PP
Transporte Público,18,1412000013630,1412000015266,26,8194,8305,PP
Transporte Público,18,1412000013664,1409704393895,31,8197,5235,PP
Transporte Público,18,1412000013664,1409800012199,125,8197,6115,PP
Transporte Público,18,1412000013664,1412000013664,31,8197,8197,PP
Transporte Público,18,1412000013664,1412000014520,28,8197,8261,PP
Transporte Público,18,1412000013664,1412000016902,62,8197,8402,PP
Transporte Público,18,1412000013664,1412000016921,18,8197,8404,PP
Transporte Público,18,1412000013700,1405100020213,12,8201,2018,PP
Transporte Público,18,1412000013700,1409800011928,190,8201,6099,PP
Transporte Público,18,1412000013772,1412000013772,178,8206,8206,PP
Transporte Público,18,1412000013772,141200001194A,152,8206,8067,PP
Transporte Público,18,1412000013984,1412000011210,49,8217,8037,PP
Transporte Público,18,1412000014060,1412000014234,77,8219,8232,PP
Transporte Público,18,1412000014198,1403900010473,128,8228,33,PP
Transporte Público,18,1412000014198,1403900010524,128,8228,37,PP
Transporte Público,18,1412000014198,1403900011217,140,8228,100,PP
Transporte Público,18,1412000014198,1403900013656,114,8228,256,PP
Transporte Público,18,1412000014198,1404400540416,42,8228,1034,PP
Transporte Público,18,1412000014198,1410100010378,131,8228,7007,PP
Transporte Público,18,1412000014198,1410100010895,82,8228,7048,PP
Transporte Público,18,1412000014198,1410100272336,23,8228,7207,PP
Transporte Público,18,1412000014198,1412000010617,124,8228,8014,PP
Transporte Público,18,1412000014198,1412000012242,77,8228,8077,PP
Transporte Público,18,1412000014198,1412000012609,278,8228,8111,PP
Transporte Público,18,1412000014198,1412000013185,100,8228,8162,PP
Transporte Público,18,1412000014198,1412000013791,48,8228,8208,PP
Transporte Público,18,1412000014198,1412000014291,27,8228,8238,PP
Transporte Público,18,1412000014198,1412000014520,28,8228,8261,PP
Transporte Público,18,1412000014198,1412000015533,54,8228,8323,PP
Transporte Público,18,1412000014198,1412000016067,53,8228,8349,PP
Transporte Público,18,1412000014198,1412000016724,18,8228,8384,PP
Transporte Público,18,1412000014198,1412000016902,110,8228,8402,PP
Transporte Público,18,1412000014198,140510001004A,4,8228,2001,PP
Transporte Público,18,1412000014198,141010027236A,23,8228,7210,PP
Transporte Público,18,1412000014198,141200001212A,48,8228,8070,PP
Transporte Público,18,1412000014198,141200001319A,100,8228,8163,PP
Transporte Público,18,1412000014198,141200001326A,124,8228,8167,PP
Transporte Público,18,1412000014200,1412000010231,200,8229,8003,PP
Transporte Público,18,1412000014215,1403900011556,77,8230,127,PP
Transporte Público,18,1412000014215,1410100010537,18,8230,7020,PP
Transporte Público,18,1412000014215,1410100010787,131,8230,7040,PP
Transporte Público,18,1412000014215,1410100011268,18,8230,7078,PP
Transporte Público,18,1412000014215,1412000010617,62,8230,8014,PP
Transporte Público,18,1412000014215,1412000011193,7,8230,8035,PP
Transporte Público,18,1412000014215,1412000014889,53,8230,8286,PP
Transporte Público,18,1412000014234,1412000012488,29,8232,8101,PP
Transporte Público,18,1412000014234,1412000013700,53,8232,8201,PP
Transporte Público,18,1412000014249,1412000010354,100,8233,8007,PP
Transporte Público,18,1412000014249,1412000011526,21,8233,8045,PP
Transporte Público,18,1412000014268,1412000012219,54,8235,8074,PP
Transporte Público,18,1412000014291,1412000014291,81,8238,8238,PP
Transporte Público,18,1412000014291,1412007580744,33,8238,8536,PP
Transporte Público,18,1412000014291,141200206504A,2,8238,8461,PP
Transporte Público,18,1412000014357,1403900011359,56,8244,111,PP
Transporte Público,18,1412000014380,1403900010030,267,8247,2,PP
Transporte Público,18,1412000014412,1409800012381,56,8250,6129,PP
Transporte Público,18,1412000014427,1409700092882,32,8251,5058,PP
Transporte Público,18,1412000014427,1412000010706,152,8251,8020,PP
Transporte Público,18,1412000014427,1412000013325,178,8251,8173,PP
Transporte Público,18,1412000014427,1412000014427,28,8251,8251,PP
Transporte Público,18,1412000014427,141200001251A,152,8251,8104,PP
Transporte Público,18,1412000014431,1403900010952,152,8252,75,PP
Transporte Público,18,1412000014431,1412000011206,19,8252,8036,PP
Transporte Público,18,1412000014431,1412000012562,267,8252,8109,PP
Transporte Público,18,1412000014446,1403900013783,93,8253,266,PP
Transporte Público,18,1412000014446,1409800010987,163,8253,6032,PP
Transporte Público,18,1412000014446,1409800012659,163,8253,6153,PP
Transporte Público,18,1412000014446,1412002315726,150,8253,8485,PP
Transporte Público,18,1412000014446,140390001546A,250,8253,421,PP
Transporte Público,18,1412000014465,1412000012948,49,8255,8140,PP
Transporte Público,18,1412000014484,1412000012308,28,8257,8083,PP
Transporte Público,18,1412000014501,1409708221530,136,8259,5252,PP
Transporte Público,18,1412000014516,1403900011861,52,8260,155,PP
Transporte Público,18,1412000014516,1409700250354,28,8260,5087,PP
Transporte Público,18,1412000014516,1409700250369,28,8260,5088,PP
Transporte Público,18,1412000014516,1412000010706,93,8260,8020,PP
Transporte Público,18,1412000014535,1412000010602,45,8262,8013,PP
Transporte Público,18,1412000014535,1412000013630,83,8262,8194,PP
Transporte Público,18,1412000014569,1412000012308,28,8265,8083,PP
Transporte Público,18,1412000014573,1412000013397,178,8266,8176,PP
Transporte Público,18,1412000014573,1412000015444,26,8266,8316,PP
Transporte Público,18,1412000014605,1409708221530,136,8269,5252,PP
Transporte Público,18,1412000014605,1409708221916,136,8269,5263,PP
Transporte Público,18,1412000014605,1409708744018,242,8269,5374,PP
Transporte Público,18,1412000014605,1410100011268,10,8269,7078,PP
Transporte Público,18,1412000014643,1412000016300,28,8271,8360,PP
Transporte Público,18,1412000014658,1412000011206,28,8272,8036,PP
Transporte Público,18,1412000014658,1412000015340,28,8272,8312,PP
Transporte Público,18,1412000014658,140980001249A,29,8272,6138,PP
Transporte Público,18,1412000014662,1403900015366,28,8273,412,PP
Transporte Público,18,1412000014662,1412000011757,28,8273,8054,PP
Transporte Público,18,1412000014662,1412000014520,28,8273,8261,PP
Transporte Público,18,1412000014677,1412000010640,28,8274,8016,PP
Transporte Público,18,1412000014677,1412000015340,28,8274,8312,PP
Transporte Público,18,1412000014728,1412000014677,56,8275,8274,PP
Transporte Público,18,1412000014836,1407000140276,23,8281,3046,PP
Transporte Público,18,1412000014836,1409700012115,31,8281,5023,PP
Transporte Público,18,1412000014836,1409700340250,11,8281,5156,PP
Transporte Público,18,1412000014836,1409800011383,23,8281,6060,PP
Transporte Público,18,1412000014836,1409800011398,13,8281,6061,PP
Transporte Público,18,1412000014836,1409800012131,91,8281,6111,PP
Transporte Público,18,1412000014836,1412000010602,52,8281,8013,PP
Transporte Público,18,1412000014836,1412000620161,75,8281,8445,PP
Transporte Público,18,1412000014836,140980128288A,143,8281,6235,PP
Transporte Público,18,1412000014840,1412007630852,13,8282,8543,PP
Transporte Público,18,1412000014889,1412000012346,77,8286,8087,PP
Transporte Público,18,1412000014889,1412000013043,214,8286,8149,PP
Transporte Público,18,1412000015158,1412000010937,77,8297,8025,PP
Transporte Público,18,1412000015158,1412000012261,77,8297,8079,PP
Transporte Público,18,1412000015196,1412002313838,75,8301,8470,PP
Transporte Público,18,1412000015209,1403900011170,26,8302,96,PP
Transporte Público,18,1412000015209,1409800011928,26,8302,6099,PP
Transporte Público,18,1412000015209,1412000012562,152,8302,8109,PP
Transporte Público,18,1412000015209,1412000013575,26,8302,8189,PP
Transporte Público,18,1412000015209,1412000014484,26,8302,8257,PP
Transporte Público,18,1412000015209,141200001707A,26,8302,8412,PP
Transporte Público,18,1412000015228,1412000014677,28,8303,8274,PP
Transporte Público,18,1412000015251,141200001536A,53,8304,8314,PP
Transporte Público,18,1412000015266,1409800012663,13,8305,6154,PP
Transporte Público,18,1412000015266,1409800013214,54,8305,6199,PP
Transporte Público,18,1412000015266,1412000010617,62,8305,8014,PP
Transporte Público,18,1412000015266,1412000012948,49,8305,8140,PP
Transporte Público,18,1412000015285,1412000013397,62,8307,8176,PP
Transporte Público,18,1412000015340,1412000010706,26,8312,8020,PP
Transporte Público,18,1412000015340,1412000011297,26,8312,8041,PP
Transporte Público,18,1412000015340,1412000012488,16,8312,8101,PP
Transporte Público,18,1412000015340,1412000013414,26,8312,8178,PP
Transporte Público,18,1412000015340,1412000014677,28,8312,8274,PP
Transporte Público,18,1412000015340,1412000015340,26,8312,8312,PP
Transporte Público,18,1412000015340,1412000016300,52,8312,8360,PP
Transporte Público,18,1412000015355,14097059A,54,8313,5241,PP
Transporte Público,18,1412000015374,140440011,15,8315,1031,PP
Transporte Público,18,1412000015374,1409800011608,101,8315,6074,PP
Transporte Público,18,1412000015444,1412000011278,26,8316,8039,PP
Transporte Público,18,1412000015459,1409700012098,54,8317,5021,PP
Transporte Público,18,1412000015459,1412000012488,16,8317,8101,PP
Transporte Público,18,1412000015459,140970835365A,31,8317,5327,PP
Transporte Público,18,1412000015463,140970602,59,8318,5242,PP
Transporte Público,18,1412000015463,1409708441704,104,8318,5347,PP
Transporte Público,18,1412000015463,1409800012131,52,8318,6111,PP
Transporte Público,18,1412000015463,1412000012488,16,8318,8101,PP
Transporte Público,18,1412000015478,1409800012451,100,8319,6134,PP
Transporte Público,18,1412000015478,1412000010354,77,8319,8007,PP
Transporte Público,18,1412000015482,141200123,2,8320,8455,PP
Transporte Público,18,1412000015497,1409708352721,31,8321,5322,PP
Transporte Público,18,1412000015497,1412000016531,76,8321,8370,PP
Transporte Público,18,1412000015552,1403900011359,21,8325,111,PP
Transporte Público,18,1412000015552,1409800011928,21,8325,6099,PP
Transporte Público,18,1412000015552,1409800013214,21,8325,6199,PP
Transporte Público,18,1412000015552,1412000012242,38,8325,8077,PP
Transporte Público,18,1412000015552,1412000012488,16,8325,8101,PP
Transporte Público,18,1412000015798,1410100011272,10,8335,7079,PP
Transporte Público,18,1412000015798,1412000016620,18,8335,8379,PP
Transporte Público,18,1412000015815,1412000015209,26,8337,8302,PP
Transporte Público,18,1412000015849,1412000013433,53,8340,8180,PP
Transporte Público,18,1412000015942,1403900011359,49,8342,111,PP
Transporte Público,18,1412000015942,1403900015370,49,8342,413,PP
Transporte Público,18,1412000015942,141200001739A,18,8342,8437,PP
Transporte Público,18,1412000016033,1412000011225,54,8346,8038,PP
Transporte Público,18,1412000016052,1412000014516,93,8348,8260,PP
Transporte Público,18,1412000016067,1403900015154,234,8349,392,PP
Transporte Público,18,1412000016141,1403900011359,52,8356,111,PP
Transporte Público,18,1412000016141,141200001066A,26,8356,8018,PP
Transporte Público,18,1412000016300,1412000011723,26,8360,8052,PP
Transporte Público,18,1412000016300,1412000012488,16,8360,8101,PP
Transporte Público,18,1412000016300,141200001251A,152,8360,8104,PP
Transporte Público,18,1412000016391,1412000015340,28,8363,8312,PP
Transporte Público,18,1412000016438,1412000013147,26,8365,8158,PP
Transporte Público,18,1412000016512,1407000210736,9,8368,3082,PP
Transporte Público,18,1412000016512,1407000431147,15,8368,3115,PP
Transporte Público,18,1412000016512,1412000012204,53,8368,8073,PP
Transporte Público,18,1412000016512,1412000016832,62,8368,8395,PP
Transporte Público,18,1412000016512,1412001395980,7,8368,8457,PP
Transporte Público,18,1412000016512,141200001689A,75,8368,8401,PP
Transporte Público,18,1412000016527,1412000016885,75,8369,8400,PP
Transporte Público,18,1412000016546,141200123,33,8371,8455,PP
Transporte Público,18,1412000016546,1412000016832,62,8371,8395,PP
Transporte Público,18,1412000016546,1412002314164,14,8371,8477,PP
Transporte Público,18,1412000016546,1412007580566,33,8371,8534,PP
Transporte Público,18,1412000016546,141200001319A,100,8371,8163,PP
Transporte Público,18,1412000016550,1403900011999,136,8372,168,PP
Transporte Público,18,1412000016550,1412000011579,100,8372,8046,PP
Transporte Público,18,1412000016550,1412004306940,33,8372,8519,PP
Transporte Público,18,1412000016550,141200001689A,75,8372,8401,PP
Transporte Público,18,1412000016550,141200231415A,14,8372,8476,PP
Transporte Público,18,1412000016584,1412000017120,19,8375,8417,PP
Transporte Público,18,1412000016599,1407000140346,36,8376,3048,PP
Transporte Público,18,1412000016599,1412000010617,124,8376,8014,PP
Transporte Público,18,1412000016599,1412000013378,62,8376,8174,PP
Transporte Público,18,1412000016599,1412007580833,33,8376,8541,PP
Transporte Público,18,1412000016599,14097059A,54,8376,5241,PP
Transporte Público,18,1412000016601,1410100011075,136,8377,7064,PP
Transporte Público,18,1412000016635,1412000010617,124,8380,8014,PP
Transporte Público,18,1412000016635,1412000014268,54,8380,8235,PP
Transporte Público,18,1412000016635,1412004307421,33,8380,8521,PP
Transporte Público,18,1412000016739,1403900010469,128,8385,32,PP
Transporte Público,18,1412000016739,1403900013891,226,8385,276,PP
Transporte Público,18,1412000016739,1403900013942,226,8385,281,PP
Transporte Público,18,1412000016743,1407000210755,9,8386,3084,PP
Transporte Público,18,1412000016758,1412000016832,62,8387,8395,PP
Transporte Público,18,1412000016758,140510001004A,2,8387,2001,PP
Transporte Público,18,1412000016758,141200001326A,62,8387,8167,PP
Transporte Público,18,1412000016762,141200123,2,8388,8455,PP
Transporte Público,18,1412000016762,1412000010227,100,8388,8002,PP
Transporte Público,18,1412000016777,1412000012295,28,8389,8082,PP
Transporte Público,18,1412000016777,1412000013683,62,8389,8199,PP
Transporte Público,18,1412000016777,1412000016391,49,8389,8363,PP
Transporte Público,18,1412000016777,1412000016885,75,8389,8400,PP
Transporte Público,18,1412000016777,1412002316230,132,8389,8493,PP
Transporte Público,18,1412000016777,1412007580509,33,8389,8532,PP
Transporte Público,18,1412000016828,1409800011608,101,8394,6074,PP
Transporte Público,18,1412000016832,1409704241761,38,8395,5232,PP
Transporte Público,18,1412000016832,1412000012469,38,8395,8099,PP
Transporte Público,18,1412000016832,1412000012609,62,8395,8111,PP
Transporte Público,18,1412000016832,1412000016832,62,8395,8395,PP
Transporte Público,18,1412000016885,1412000016885,75,8400,8400,PP
Transporte Público,18,1412000016902,1412000017046,62,8402,8409,PP
Transporte Público,18,1412000016902,141200001739A,18,8402,8437,PP
Transporte Público,18,1412000017008,1412000017008,18,8405,8405,PP
Transporte Público,18,1412000017031,1412000012609,18,8408,8111,PP
Transporte Público,18,1412000017046,1407000140469,36,8409,3051,PP
Transporte Público,18,1412000017046,1407000140844,63,8409,3061,PP
Transporte Público,18,1412000017046,1407000430492,36,8409,3098,PP
Transporte Público,18,1412000017046,1412000620176,75,8409,8446,PP
Transporte Público,18,1412000017046,1412002315618,75,8409,8484,PP
Transporte Público,18,1412000017050,1403900010863,53,8410,67,PP
Transporte Público,18,1412000017120,1412000017120,18,8417,8417,PP
Transporte Público,18,1412000017135,1412002314179,14,8418,8478,PP
Transporte Público,18,1412000017262,1412000013683,62,8426,8199,PP
Transporte Público,18,1412000017366,1412000016300,26,8434,8360,PP
Transporte Público,18,1412001395980,141200142,7,8457,8459,PP
Transporte Público,18,1412001395980,1412000017120,18,8457,8417,PP
Transporte Público,18,1412001395980,1412002434709,14,8457,8516,PP
Transporte Público,18,1412002065054,1412002065054,6,8462,8462,PP
Transporte Público,18,1412002312026,1412000014658,28,8465,8272,PP
Transporte Público,18,1412002312026,1412002313838,76,8465,8470,PP
Transporte Público,18,1412002312026,1412002316264,75,8465,8496,PP
Transporte Público,18,1412002313823,1412000013397,300,8469,8176,PP
Transporte Público,18,1412002313823,1412000013772,100,8469,8206,PP
Transporte Público,18,1412002313823,1412002314164,14,8469,8477,PP
Transporte Público,18,1412002313823,1412007580496,66,8469,8531,PP
Transporte Público,18,1412002313842,1412001395980,7,8471,8457,PP
Transporte Público,18,1412002313842,1412002314179,14,8471,8478,PP
Transporte Público,18,1412002314145,1412000010212,14,8475,8001,PP
Transporte Público,18,1412002314145,1412000010617,62,8475,8014,PP
Transporte Público,18,1412002314145,1412000016635,14,8475,8380,PP
Transporte Público,18,1412002314179,1412000011850,100,8478,8059,PP
Transporte Público,18,1412002314179,1412000012628,100,8478,8113,PP
Transporte Público,18,1412002314179,1412002314145,14,8478,8475,PP
Transporte Público,18,1412002314179,1412002314164,14,8478,8477,PP
Transporte Público,18,1412002315726,1412000012933,77,8485,8139,PP
Transporte Público,18,1412002315779,1407000430295,36,8487,3096,PP
Transporte Público,18,1412002315779,1412002314179,14,8487,8478,PP
Transporte Público,18,1412002315887,1403900015474,227,8489,422,PP
Transporte Público,18,1412002315887,1409800012199,125,8489,6115,PP
Transporte Público,18,1412002315887,1412000010617,62,8489,8014,PP
Transporte Público,18,1412002315887,1412000012401,54,8489,8093,PP
Transporte Público,18,1412002315887,1412000016635,75,8489,8380,PP
Transporte Público,18,1412002315887,1412000017120,36,8489,8417,PP
Transporte Público,18,1412002316230,1412002312079,14,8493,8468,PP
Transporte Público,18,1412002316264,1412001395980,75,8496,8457,PP
Transporte Público,18,1412002434709,1409700053147,11,8516,5043,PP
Transporte Público,18,1412002434709,1412002434713,7,8516,8517,PP
Transporte Público,18,1412002434713,141200142,7,8517,8459,PP
Transporte Público,18,1412002434713,1410100312317,13,8517,7211,PP
Transporte Público,18,1412002434713,1412000012295,28,8517,8082,PP
Transporte Público,18,1412002434713,1412001395980,7,8517,8457,PP
Transporte Público,18,1412004306940,1412007580509,33,8519,8532,PP
Transporte Público,18,1412004307421,1412004307421,33,8521,8521,PP
Transporte Público,18,1412007580744,1412007580744,66,8536,8536,PP
Transporte Público,18,1412007630852,141200142,7,8543,8459,PP
Transporte Público,18,1412400010137,141240029,2,9002,9042,PP
Transporte Público,18,1412400010141,1412400010527,20,9003,9034,PP
Transporte Público,18,1412400010156,1405100020196,12,9004,2016,PP
Transporte Público,18,1412400010175,141240029,2,9005,9042,PP
Transporte Público,18,1412400010175,141240033,2,9005,9043,PP
Transporte Público,18,1412400010175,141240090,16,9005,9047,PP
Transporte Público,18,1412400010175,1405100020181,12,9005,2015,PP
Transporte Público,18,1412400010175,1405100020196,24,9005,2016,PP
Transporte Público,18,1412400010175,1405100020213,36,9005,2018,PP
Transporte Público,18,1412400010175,1410100260683,13,9005,7197,PP
Transporte Público,18,1412400010175,1412400010122,20,9005,9001,PP
Transporte Público,18,1412400010175,1412401760160,7,9005,9051,PP
Transporte Público,18,1412400010300,1412400010175,20,9016,9005,PP
Transporte Público,18,1412400010480,1410100312321,13,9030,7212,PP
Transporte Público,18,1412400010495,141240029,2,9031,9042,PP
Transporte Público,18,1412400010495,141240033,8,9031,9043,PP
Transporte Público,18,1412400010495,141240090,12,9031,9047,PP
Transporte Público,18,1412400010495,1410100010700,131,9031,7032,PP
Transporte Público,18,1412400010495,1412400010122,20,9031,9001,PP
Transporte Público,18,1412400010495,140510001004A,1,9031,2001,PP
Transporte Público,18,1412400010495,141240001018A,20,9031,9006,PP
Transporte Público,18,1412400940387,1405100020181,12,9048,2015,PP
Transporte Público,18,1412400940387,1405100020196,12,9048,2016,PP
Transporte Público,18,1412400940387,1410100011200,13,9048,7076,PP
Transporte Público,18,1412400940387,1410100312317,13,9048,7211,PP
Transporte Público,18,1412400940387,1410101902374,13,9048,7224,PP
Transporte Público,18,1412400940391,1405100020209,12,9049,2017,PP
Transporte Público,18,1412401760160,141240090,6,9051,9047,PP
Transporte Público,18,140390001005A,1410100010895,82,3,7048,PP
Transporte Público,18,140390001005A,1410100012054,144,3,7131,PP
Transporte Público,18,140390001005A,1410101892656,82,3,7221,PP
Transporte Público,18,140390001005A,1412000016828,43,3,8394,PP
Transporte Público,18,140390001083A,1403900015277,420,64,403,PP
Transporte Público,18,140390001083A,1410100010147,20,64,7001,PP
Transporte Público,18,140390001083A,1410100092410,62,64,7187,PP
Transporte Público,18,140390001083A,140390001083A,150,64,64,PP
Transporte Público,18,140390001090A,1410100011272,10,71,7079,PP
Transporte Público,18,140390001101A,1403900010806,140,81,61,PP
Transporte Público,18,140390001101A,1403900011289,86,81,104,PP
Transporte Público,18,140390001101A,1403900013656,114,81,256,PP
Transporte Público,18,140390001101A,1403900015597,226,81,434,PP
Transporte Público,18,140390001101A,1409800010506,246,81,6017,PP
Transporte Público,18,140390001101A,1409800011576,13,81,6072,PP
Transporte Público,18,140390001101A,1409800140027,59,81,6217,PP
Transporte Público,18,140390001101A,1410100272355,13,81,7209,PP
Transporte Público,18,140390001119A,1403900010859,249,98,66,PP
Transporte Público,18,140390001119A,1403900013177,140,98,234,PP
Transporte Público,18,140390001119A,1410100011268,10,98,7078,PP
Transporte Público,18,140390001158A,1403900010524,128,130,37,PP
Transporte Público,18,140390001158A,1407000140469,36,130,3051,PP
Transporte Público,18,140390001158A,1409800010347,202,130,6012,PP
Transporte Público,18,140390001158A,1412000010918,77,130,8024,PP
Transporte Público,18,140390001158A,1412000015444,26,130,8316,PP
Transporte Público,18,140390001158A,140390001400A,136,130,287,PP
Transporte Público,18,140390001165A,1403900010647,63,136,46,PP
Transporte Público,18,140390001165A,1409704241761,63,136,5232,PP
Transporte Público,18,140390001165A,1410100010147,20,136,7001,PP
Transporte Público,18,140390001165A,1412000012261,77,136,8079,PP
Transporte Público,18,140390001172A,1403900012304,137,143,192,PP
Transporte Público,18,140390001172A,1403900015008,140,143,377,PP
Transporte Público,18,140390001172A,140980001053A,131,143,6019,PP
Transporte Público,18,140390001197A,1412000010369,137,166,8008,PP
Transporte Público,18,140390001197A,1412000012280,214,166,8081,PP
Transporte Público,18,140390001215A,1409708222168,136,180,5271,PP
Transporte Público,18,140390001215A,1412000012488,29,180,8101,PP
Transporte Público,18,140390001215A,141010001179A,82,180,7117,PP
Transporte Público,18,140390001254A,1403900011359,68,208,111,PP
Transporte Público,18,140390001254A,1412000010937,77,208,8025,PP
Transporte Público,18,140390001254A,1412000012933,137,208,8139,PP
Transporte Público,18,140390001254A,1412000014662,77,208,8273,PP
Transporte Público,18,140390001254A,141200001422A,137,208,8231,PP
Transporte Público,18,140390001261A,1407000140346,36,215,3048,PP
Transporte Público,18,140390001261A,1412401760160,2,215,9051,PP
Transporte Público,18,140390001286A,1403900011679,63,228,138,PP
Transporte Público,18,140390001286A,1403900014404,226,228,322,PP
Transporte Público,18,140390001350A,1403900015489,27,243,423,PP
Transporte Público,18,140390001350A,1409800011345,136,243,6056,PP
Transporte Público,18,140390001350A,1409800012451,27,243,6134,PP
Transporte Público,18,140390001350A,140390001368A,27,243,258,PP
Transporte Público,18,140390001368A,1403900013548,27,258,247,PP
Transporte Público,18,140390001368A,141200001066A,27,258,8018,PP
Transporte Público,18,140390001418A,1403900010789,140,304,59,PP
Transporte Público,18,140390001418A,1412000012609,140,304,8111,PP
Transporte Público,18,140390001418A,140390001119A,280,304,98,PP
Transporte Público,18,140390001457A,1403900012376,68,338,197,PP
Transporte Público,18,140390001457A,1409700353772,108,338,5179,PP
Transporte Público,18,140390001464A,1409704241761,42,345,5232,PP
Transporte Público,18,140390001464A,1409800012150,13,345,6112,PP
Transporte Público,18,140390001471A,1409700010918,9,350,5009,PP
Transporte Público,18,140390001489A,1403900012183,126,366,183,PP
Transporte Público,18,140390001496A,1403900013891,226,373,276,PP
Transporte Público,18,140390001546A,1403900010115,125,421,6,PP
Transporte Público,18,140390001546A,1403900012427,126,421,201,PP
Transporte Público,18,140390001546A,1403900014033,125,421,290,PP
Transporte Público,18,140390001553A,1403900013641,93,428,255,PP
Transporte Público,18,140390001553A,1403900015440,93,428,420,PP
Transporte Público,18,140390001560A,1412000012793,27,435,8127,PP
Transporte Público,18,140440002005A,140440026,15,1013,1032,PP
Transporte Público,18,140440002005A,140440002012A,4,1013,1015,PP
Transporte Público,18,140440002012A,140440002012A,4,1015,1015,PP
Transporte Público,18,140510001004A,1403900011626,1,2001,133,PP
Transporte Público,18,140510001004A,1403900012408,1,2001,200,PP
Transporte Público,18,140510001004A,1403900013641,1,2001,255,PP
Transporte Público,18,140510001004A,1405100010054,1,2001,2002,PP
Transporte Público,18,140510001004A,1407000010030,1,2001,3001,PP
Transporte Público,18,140510001004A,1407000010045,4,2001,3002,PP
Transporte Público,18,140510001004A,1407000010100,1,2001,3004,PP
Transporte Público,18,140510001004A,1407000010115,1,2001,3005,PP
Transporte Público,18,140510001004A,1407000010399,1,2001,3010,PP
Transporte Público,18,140510001004A,1407000200191,1,2001,3066,PP
Transporte Público,18,140510001004A,1407000200204,1,2001,3067,PP
Transporte Público,18,140510001004A,1407001111378,2,2001,3125,PP
Transporte Público,18,140510001004A,1412000010405,1,2001,8011,PP
Transporte Público,18,140510001004A,140390001101A,1,2001,81,PP
Transporte Público,18,140510001004A,140510001004A,1,2001,2001,PP
Transporte Público,18,140510001004A,14097059A,1,2001,5241,PP
Transporte Público,18,140510001004A,140980001007A,1,2001,6004,PP
Transporte Público,18,140700001012A,1407000130401,36,3006,3033,PP
Transporte Público,18,140700014083A,1403900011359,36,3060,111,PP
Transporte Público,18,140700014083A,1407000430308,72,3060,3097,PP
Transporte Público,18,140700014083A,140700001012A,33,3060,3006,PP
Transporte Público,18,140700014083A,140700014083A,45,3060,3060,PP
Transporte Público,18,140700014083A,140700021076A,9,3060,3085,PP
Transporte Público,18,140700014083A,140700111133A,33,3060,3121,PP
Transporte Público,18,140700014083A,14097059A,36,3060,5241,PP
Transporte Público,18,140700020126A,1407000641306,33,3078,3118,PP
Transporte Público,18,140700021076A,140700021101A,9,3085,3088,PP
Transporte Público,18,140700021101A,1407000011503,33,3088,3026,PP
Transporte Público,18,140700021101A,1407000140276,26,3088,3046,PP
Transporte Público,18,140700021101A,1407000140558,26,3088,3055,PP
Transporte Público,18,140700021101A,1407000210736,9,3088,3082,PP
Transporte Público,18,140700021101A,1407000210967,18,3088,3086,PP
Transporte Público,18,140700021101A,1407000430308,36,3088,3097,PP
Transporte Público,18,140700021101A,1407000431039,9,3088,3112,PP
Transporte Público,18,140700021101A,1407000431147,9,3088,3115,PP
Transporte Público,18,140700021101A,1407000641306,33,3088,3118,PP
Transporte Público,18,140700021101A,1409700411263,32,3088,5193,PP
Transporte Público,18,140700021101A,1409800012201,101,3088,6116,PP
Transporte Público,18,140700021101A,1409800012767,13,3088,6162,PP
Transporte Público,18,140700021101A,1410100312321,13,3088,7212,PP
Transporte Público,18,140700021101A,140700021076A,9,3088,3085,PP
Transporte Público,18,140700043090A,1407000130401,36,3107,3033,PP
Transporte Público,18,140700043090A,1412000015497,36,3107,8321,PP
Transporte Público,18,140700043090A,140390001368A,36,3107,258,PP
Transporte Público,18,140700043090A,140700021101A,36,3107,3088,PP
Transporte Público,18,14070140A,1407000201255,33,3131,3077,PP
Transporte Público,18,14070140A,1407000210736,9,3131,3082,PP
Transporte Público,18,14070140A,1407000210967,9,3131,3086,PP
Transporte Público,18,14070140A,1409700092878,32,3131,5057,PP
Transporte Público,18,14070140A,140440002012A,4,3131,1015,PP
Transporte Público,18,14070140A,140700014044A,37,3131,3049,PP
Transporte Público,18,14070140A,140700021076A,9,3131,3085,PP
Transporte Público,18,14070140A,140980001320A,54,3131,6198,PP
Transporte Público,18,14070140A,141010001250A,23,3131,7143,PP
Transporte Público,18,140970005034A,1409700053166,11,5036,5045,PP
Transporte Público,18,140970005034A,1409700053503,11,5036,5047,PP
Transporte Público,18,140970005034A,1409700053575,11,5036,5049,PP
Transporte Público,18,140970005034A,1409700092810,32,5036,5051,PP
Transporte Público,18,140970005034A,1409700092882,32,5036,5058,PP
Transporte Público,18,140970005034A,1412000014658,28,5036,8272,PP
Transporte Público,18,140970180123A,1409700012115,31,5225,5023,PP
Transporte Público,18,14097059A,140970123,12,5241,5222,PP
Transporte Público,18,14097059A,1403900014476,131,5241,328,PP
Transporte Público,18,14097059A,1403900015224,234,5241,399,PP
Transporte Público,18,14097059A,1404400020115,4,5241,1014,PP
Transporte Público,18,14097059A,1407000011503,33,5241,3026,PP
Transporte Público,18,14097059A,1407000130327,36,5241,3030,PP
Transporte Público,18,14097059A,1407000140276,13,5241,3046,PP
Transporte Público,18,14097059A,1407000430492,36,5241,3098,PP
Transporte Público,18,14097059A,1409700050335,11,5241,5035,PP
Transporte Público,18,14097059A,1409700053147,22,5241,5043,PP
Transporte Público,18,14097059A,1409700092810,32,5241,5051,PP
Transporte Público,18,14097059A,1409704393895,31,5241,5235,PP
Transporte Público,18,14097059A,1409707771780,32,5241,5247,PP
Transporte Público,18,14097059A,1409707772365,32,5241,5248,PP
Transporte Público,18,14097059A,1409708221973,136,5241,5269,PP
Transporte Público,18,14097059A,1409708744018,54,5241,5374,PP
Transporte Público,18,14097059A,1409800012911,52,5241,6175,PP
Transporte Público,18,14097059A,140510001004A,5,5241,2001,PP
Transporte Público,18,14097059A,140700014083A,54,5241,3060,PP
Transporte Público,18,14097059A,140970005034A,11,5241,5036,PP
Transporte Público,18,14097059A,140970009283A,32,5241,5053,PP
Transporte Público,18,14097059A,14097059A,104,5241,5241,PP
Transporte Público,18,14097059A,140970777244A,64,5241,5250,PP
Transporte Público,18,14097059A,140980128288A,52,5241,6235,PP
Transporte Público,18,140970822155A,1409708531884,136,5254,5358,PP
Transporte Público,18,140970822194A,1407000201397,33,5266,3080,PP
Transporte Público,18,140970822194A,1409708223700,272,5266,5287,PP
Transporte Público,18,140970822358A,1403900011626,136,5285,133,PP
Transporte Público,18,140970822358A,1409708312030,136,5285,5300,PP
Transporte Público,18,140970822358A,1409800011928,136,5285,6099,PP
Transporte Público,18,140970822358A,140970822194A,136,5285,5266,PP
Transporte Público,18,140970884397A,1409700201013,59,5380,5079,PP
Transporte Público,18,140970884397A,1409700340250,59,5380,5156,PP
Transporte Público,18,140970884397A,1409708441691,59,5380,5346,PP
Transporte Público,18,140980001007A,1403900011626,136,6004,133,PP
Transporte Público,18,140980001007A,1403900013088,128,6004,232,PP
Transporte Público,18,140980001007A,1403900013891,226,6004,276,PP
Transporte Público,18,140980001007A,1403900015597,678,6004,434,PP
Transporte Público,18,140980001007A,1405100020181,12,6004,2015,PP
Transporte Público,18,140980001007A,1407000210967,9,6004,3086,PP
Transporte Público,18,140980001007A,1407000430295,36,6004,3096,PP
Transporte Público,18,140980001007A,1407000431039,9,6004,3112,PP
Transporte Público,18,140980001007A,1409800010120,136,6004,6008,PP
Transporte Público,18,140980001007A,1409800010506,136,6004,6017,PP
Transporte Público,18,140980001007A,1409800011078,101,6004,6038,PP
Transporte Público,18,140980001007A,1409800011237,54,6004,6050,PP
Transporte Público,18,140980001007A,1409800011379,101,6004,6059,PP
Transporte Público,18,140980001007A,1409800012428,136,6004,6131,PP
Transporte Público,18,140980001007A,1409800013182,101,6004,6196,PP
Transporte Público,18,140980001007A,1410100010147,10,6004,7001,PP
Transporte Público,18,140980001007A,1410100010679,23,6004,7031,PP
Transporte Público,18,140980001007A,140390001496A,128,6004,373,PP
Transporte Público,18,140980001007A,140980001181A,13,6004,6090,PP
Transporte Público,18,140980001007A,140980001320A,54,6004,6198,PP
Transporte Público,18,140980001053A,1403900010276,128,6019,15,PP
Transporte Público,18,140980001053A,1403900013088,354,6019,232,PP
Transporte Público,18,140980001053A,1403900013590,610,6019,251,PP
Transporte Público,18,140980001053A,1403900013618,128,6019,253,PP
Transporte Público,18,140980001053A,1403900013711,27,6019,261,PP
Transporte Público,18,140980001053A,1403900014724,136,6019,351,PP
Transporte Público,18,140980001053A,1403900015347,27,6019,410,PP
Transporte Público,18,140980001053A,1404400020346,4,6019,1022,PP
Transporte Público,18,140980001053A,1404400540416,15,6019,1034,PP
Transporte Público,18,140980001053A,1407000140346,36,6019,3048,PP
Transporte Público,18,140980001053A,1407000201236,33,6019,3076,PP
Transporte Público,18,140980001053A,1407001111325,33,6019,3120,PP
Transporte Público,18,140980001053A,1409700053503,11,6019,5047,PP
Transporte Público,18,140980001053A,1409700350138,54,6019,5169,PP
Transporte Público,18,140980001053A,1409700411259,32,6019,5192,PP
Transporte Público,18,140980001053A,1409708223043,136,6019,5276,PP
Transporte Público,18,140980001053A,1409708353378,31,6019,5325,PP
Transporte Público,18,140980001053A,1409800010370,26,6019,6014,PP
Transporte Público,18,140980001053A,1409800010506,136,6019,6017,PP
Transporte Público,18,140980001053A,1409800011190,125,6019,6046,PP
Transporte Público,18,140980001053A,1409800011203,125,6019,6047,PP
Transporte Público,18,140980001053A,1409800012451,27,6019,6134,PP
Transporte Público,18,140980001053A,1409800012729,52,6019,6158,PP
Transporte Público,18,140980001053A,1409800012733,52,6019,6159,PP
Transporte Público,18,140980001053A,1410100010471,23,6019,7014,PP
Transporte Público,18,140980001053A,1410100010679,23,6019,7031,PP
Transporte Público,18,140980001053A,1410100010931,82,6019,7051,PP
Transporte Público,18,140980001053A,1410100011003,82,6019,7058,PP
Transporte Público,18,140980001053A,1410100272336,26,6019,7207,PP
Transporte Público,18,140980001053A,140440002012A,4,6019,1015,PP
Transporte Público,18,140980001053A,140970009283A,32,6019,5053,PP
Transporte Público,18,140980001053A,140980001053A,13,6019,6019,PP
Transporte Público,18,140980001085A,1409708311653,52,6027,5297,PP
Transporte Público,18,140980001085A,1409800011468,52,6027,6066,PP
Transporte Público,18,140980001085A,1409800012451,52,6027,6134,PP
Transporte Público,18,140980001110A,1403900011359,101,6041,111,PP
Transporte Público,18,140980001110A,140980001007A,101,6041,6004,PP
Transporte Público,18,140980001135A,1403900012605,125,6057,214,PP
Transporte Público,18,140980001135A,1409800010031,125,6057,6001,PP
Transporte Público,18,140980001135A,1412000010369,77,6057,8008,PP
Transporte Público,18,140980001167A,1409708362806,53,6079,5329,PP
Transporte Público,18,140980001167A,1409800011097,101,6079,6040,PP
Transporte Público,18,140980001167A,1409800012201,178,6079,6116,PP
Transporte Público,18,140980001181A,1403900011359,13,6090,111,PP
Transporte Público,18,140980001217A,1409800010370,13,6114,6014,PP
Transporte Público,18,140980001217A,1409800011078,303,6114,6038,PP
Transporte Público,18,140980001249A,1409800012377,93,6138,6128,PP
Transporte Público,18,140980001256A,1409800011928,93,6145,6099,PP
Transporte Público,18,140980001256A,1409800143159,93,6145,6228,PP
Transporte Público,18,140980001256A,1410100010537,93,6145,7020,PP
Transporte Público,18,140980001270A,1403900012588,52,6156,212,PP
Transporte Público,18,140980001320A,1407000130327,54,6198,3030,PP
Transporte Público,18,140980001320A,1409800010525,108,6198,6018,PP
Transporte Público,18,140980001320A,1409800012714,54,6198,6157,PP
Transporte Público,18,140980001320A,140970822194A,54,6198,5266,PP
Transporte Público,18,140980001320A,140980001320A,54,6198,6198,PP
Transporte Público,18,140980128288A,1409708634111,52,6235,5367,PP
Transporte Público,18,140980128288A,1409800011699,52,6235,6081,PP
Transporte Público,18,140980128288A,140390001083A,52,6235,64,PP
Transporte Público,18,140980128288A,140980128288A,52,6235,6235,PP
Transporte Público,18,141010001040A,1410100011554,13,7010,7100,PP
Transporte Público,18,141010001040A,1412000014465,267,7010,8255,PP
Transporte Público,18,141010001040A,141200001194A,267,7010,8067,PP
Transporte Público,18,141010001040A,141200001251A,152,7010,8104,PP
Transporte Público,18,141010001065A,1403900011378,82,7030,113,PP
Transporte Público,18,141010001065A,1410100012020,82,7030,7128,PP
Transporte Público,18,141010001097A,1404400100223,32,7055,1027,PP
Transporte Público,18,141010001097A,1409800013214,54,7055,6199,PP
Transporte Público,18,141010001097A,141010001115A,62,7055,7071,PP
Transporte Público,18,141010001115A,1410100091465,62,7071,7151,PP
Transporte Público,18,141010001147A,1409800010879,131,7095,6028,PP
Transporte Público,18,141010001204A,1410100011766,82,7130,7115,PP
Transporte Público,18,141010026186A,1410101902374,13,7205,7224,PP
Transporte Público,18,141200001027A,1403900011861,100,8006,155,PP
Transporte Público,18,141200001027A,1403900013919,100,8006,278,PP
Transporte Público,18,141200001027A,1412000010405,100,8006,8011,PP
Transporte Público,18,141200001027A,141200001027A,200,8006,8006,PP
Transporte Público,18,141200001066A,140970104,11,8018,5209,PP
Transporte Público,18,141200001066A,1403900010469,226,8018,32,PP
Transporte Público,18,141200001066A,1403900011556,52,8018,127,PP
Transporte Público,18,141200001066A,1403900013482,128,8018,242,PP
Transporte Público,18,141200001066A,1403900013618,128,8018,253,PP
Transporte Público,18,141200001066A,1403900013711,27,8018,261,PP
Transporte Público,18,141200001066A,1403900015347,27,8018,410,PP
Transporte Público,18,141200001066A,1407000211005,9,8018,3087,PP
Transporte Público,18,141200001066A,1409700010937,9,8018,5011,PP
Transporte Público,18,141200001066A,1409700340373,11,8018,5157,PP
Transporte Público,18,141200001066A,1409704241776,21,8018,5233,PP
Transporte Público,18,141200001066A,1409708432651,53,8018,5335,PP
Transporte Público,18,141200001066A,1409800011167,125,8018,6043,PP
Transporte Público,18,141200001066A,1409800011928,349,8018,6099,PP
Transporte Público,18,141200001066A,1409800012150,49,8018,6112,PP
Transporte Público,18,141200001066A,1410100091910,62,8018,7163,PP
Transporte Público,18,141200001066A,1412000011193,7,8018,8035,PP
Transporte Público,18,141200001066A,1412000011297,28,8018,8041,PP
Transporte Público,18,141200001066A,1412000012204,95,8018,8073,PP
Transporte Público,18,141200001066A,1412000012295,28,8018,8082,PP
Transporte Público,18,141200001066A,1412000012308,28,8018,8083,PP
Transporte Público,18,141200001066A,1412000012488,32,8018,8101,PP
Transporte Público,18,141200001066A,1412000013132,152,8018,8157,PP
Transporte Público,18,141200001066A,1412000013630,26,8018,8194,PP
Transporte Público,18,141200001066A,1412000014662,28,8018,8273,PP
Transporte Público,18,141200001066A,1412000015209,52,8018,8302,PP
Transporte Público,18,141200001066A,1412000015459,152,8018,8317,PP
Transporte Público,18,141200001066A,1412000016300,26,8018,8360,PP
Transporte Público,18,141200001066A,140390001368A,27,8018,258,PP
Transporte Público,18,141200001066A,141200001066A,152,8018,8018,PP
Transporte Público,18,141200001066A,141200206504A,4,8018,8461,PP
Transporte Público,18,141200001098A,141200142,7,8027,8459,PP
Transporte Público,18,141200001098A,1403900010435,555,8027,29,PP
Transporte Público,18,141200001098A,1403900011166,63,8027,95,PP
Transporte Público,18,141200001098A,1403900011185,111,8027,97,PP
Transporte Público,18,141200001098A,1403900011946,63,8027,163,PP
Transporte Público,18,141200001098A,1403900012709,119,8027,222,PP
Transporte Público,18,141200001098A,1403900013641,27,8027,255,PP
Transporte Público,18,141200001098A,1403900013853,111,8027,273,PP
Transporte Público,18,141200001098A,1403900013942,226,8027,281,PP
Transporte Público,18,141200001098A,1403900015099,234,8027,386,PP
Transporte Público,18,141200001098A,1403900015120,234,8027,389,PP
Transporte Público,18,141200001098A,1403900015188,234,8027,395,PP
Transporte Público,18,141200001098A,1403900015313,119,8027,407,PP
Transporte Público,18,141200001098A,1409700340250,11,8027,5156,PP
Transporte Público,18,141200001098A,1409800012150,23,8027,6112,PP
Transporte Público,18,141200001098A,1412000010814,62,8027,8022,PP
Transporte Público,18,141200001098A,1412000010918,77,8027,8024,PP
Transporte Público,18,141200001098A,1412000010994,77,8027,8028,PP
Transporte Público,18,141200001098A,1412000011193,137,8027,8035,PP
Transporte Público,18,141200001098A,1412000011210,88,8027,8037,PP
Transporte Público,18,141200001098A,1412000014643,49,8027,8271,PP
Transporte Público,18,141200001098A,1412000014677,98,8027,8274,PP
Transporte Público,18,141200001098A,1412000014978,54,8027,8292,PP
Transporte Público,18,141200001098A,1412000015158,89,8027,8297,PP
Transporte Público,18,141200001098A,1412000015800,100,8027,8336,PP
Transporte Público,18,141200001098A,1412000016103,49,8027,8353,PP
Transporte Público,18,141200001098A,1412000016546,132,8027,8371,PP
Transporte Público,18,141200001098A,1412000016921,18,8027,8404,PP
Transporte Público,18,141200001098A,1412000017031,18,8027,8408,PP
Transporte Público,18,141200001098A,1412002065054,2,8027,8462,PP
Transporte Público,18,141200001098A,1412002315872,75,8027,8488,PP
Transporte Público,18,141200001098A,140390001119A,111,8027,98,PP
Transporte Público,18,141200001098A,140390001165A,63,8027,136,PP
Transporte Público,18,141200001098A,140390001489A,63,8027,366,PP
Transporte Público,18,141200001098A,141200001098A,63,8027,8027,PP
Transporte Público,18,141200001116A,1403900011043,49,8033,84,PP
Transporte Público,18,141200001116A,1409800012714,52,8033,6157,PP
Transporte Público,18,141200001187A,1412000010246,178,8061,8004,PP
Transporte Público,18,141200001187A,1412000015478,100,8061,8319,PP
Transporte Público,18,141200001187A,141200001187A,100,8061,8061,PP
Transporte Público,18,141200001237A,1412000012308,28,8090,8083,PP
Transporte Público,18,141200001319A,1412000011009,100,8163,8029,PP
Transporte Público,18,141200001319A,1412000016550,100,8163,8372,PP
Transporte Público,18,141200001319A,1412007580744,33,8163,8536,PP
Transporte Público,18,141200001319A,141200001098A,100,8163,8027,PP
Transporte Público,18,141200001319A,141200001319A,100,8163,8163,PP
Transporte Público,18,141200001326A,1403900012287,136,8167,190,PP
Transporte Público,18,141200001326A,1412000010227,100,8167,8002,PP
Transporte Público,18,141200001326A,1412000010405,62,8167,8011,PP
Transporte Público,18,141200001326A,1412000011009,62,8167,8029,PP
Transporte Público,18,141200001326A,1412000016512,62,8167,8368,PP
Transporte Público,18,141200001326A,1412002315887,62,8167,8489,PP
Transporte Público,18,141200001326A,141200001027A,62,8167,8006,PP
Transporte Público,18,141200001340A,1403900011359,21,8177,111,PP
Transporte Público,18,141200001372A,1412000011634,77,8203,8047,PP
Transporte Público,18,141200001372A,1412000016620,18,8203,8379,PP
Transporte Público,18,141200001422A,1412000013448,53,8231,8181,PP
Transporte Público,18,141200001422A,1412000013787,27,8231,8207,PP
Transporte Público,18,141200001422A,1412000015317,54,8231,8310,PP
Transporte Público,18,141200001422A,140390001119A,111,8231,98,PP
Transporte Público,18,141200001447A,1409800010987,163,8256,6032,PP
Transporte Público,18,141200001550A,1409700152064,6,8322,5074,PP
Transporte Público,18,141200001550A,1409800012377,93,8322,6128,PP
Transporte Público,18,141200001664A,1412000012613,100,8381,8112,PP
Transporte Público,18,141200001664A,1412000013791,54,8381,8208,PP
Transporte Público,18,141200001664A,1412000015177,27,8381,8299,PP
Transporte Público,18,141200001664A,1412002065054,4,8381,8462,PP
Transporte Público,18,141200001671A,1412000016620,18,8383,8379,PP
Transporte Público,18,141200001671A,1412002314179,14,8383,8478,PP
Transporte Público,18,141200001671A,1412007580509,33,8383,8532,PP
Transporte Público,18,141200001707A,1412000010706,26,8412,8020,PP
Transporte Público,18,141200206504A,1412002065054,3,8461,8462,PP
Transporte Público,18,141200206504A,141200206504A,2,8461,8461,PP
Transporte Público,18,141200231205A,1412000016531,75,8467,8370,PP
Transporte Público,18,141200231205A,1412002315779,14,8467,8487,PP
Transporte Público,18,141200231625A,141200123,33,8495,8455,PP
Transporte Público,18,141240001018A,1407001111359,33,9006,3123,PP
Transporte Público,18,99999000A,1403900011537,234,10002,126,PP
Transporte Público,18,99999000A,1403900013707,27,10002,260,PP
Transporte Público,18,99999000A,1404400100238,15,10002,1028,PP
Transporte Público,18,99999000A,1407000130401,13,10002,3033,PP
Transporte Público,18,99999000A,1407000140219,36,10002,3044,PP
Transporte Público,18,99999000A,1407000201397,33,10002,3080,PP
Transporte Público,18,99999000A,1407000210736,9,10002,3082,PP
Transporte Público,18,99999000A,1409700092863,32,10002,5056,PP
Transporte Público,18,99999000A,1409700353772,54,10002,5179,PP
Transporte Público,18,99999000A,1409800012625,101,10002,6150,PP
Transporte Público,18,99999000A,1409801282875,52,10002,6234,PP
Transporte Público,18,99999000A,1412000011935,152,10002,8066,PP
Transporte Público,18,99999000A,1412000013819,27,10002,8210,PP
Transporte Público,18,99999000A,140390001254A,68,10002,208,PP
Transporte Público,18,99999000A,140440002012A,4,10002,1015,PP
Transporte Público,18,99999000A,140510001004A,2,10002,2001,PP
Transporte Público,18,99999000A,140700014044A,36,10002,3049,PP
Transporte Público,18,99999000A,140970777244A,32,10002,5250,PP
Transporte Público,18,99999000A,140980001181A,13,10002,6090,PP
Transporte Público,19,140440011,140440011,30,1031,1031,PP
Transporte Público,19,140440011,1404400100223,32,1031,1027,PP
Transporte Público,19,140440011,1404400540420,15,1031,1035,PP
Transporte Público,19,140440011,1409707771780,32,1031,5247,PP
Transporte Público,19,140440011,1410100010147,10,1031,7001,PP
Transporte Público,19,140510016,1407000011503,33,2019,3026,PP
Transporte Público,19,140701467,1412401760160,2,3133,9051,PP
Transporte Público,19,140970015,140972416,9,5060,5387,PP
Transporte Público,19,140970015,1409700340250,22,5060,5156,PP
Transporte Público,19,140970104,1409700250354,28,5209,5087,PP
Transporte Público,19,140970123,1409707771780,32,5222,5247,PP
Transporte Público,19,140970602,1407000130365,36,5242,3032,PP
Transporte Público,19,140970602,1409800010370,23,5242,6014,PP
Transporte Público,19,140970602,1409800011256,52,5242,6052,PP
Transporte Público,19,140970602,1409800012150,13,5242,6112,PP
Transporte Público,19,140972308,1409700012115,31,5384,5023,PP
Transporte Público,19,140972308,1409700353772,54,5384,5179,PP
Transporte Público,19,140972308,1409708222469,136,5384,5274,PP
Transporte Público,19,140972308,1409708374200,136,5384,5332,PP
Transporte Público,19,140972308,1409708744018,136,5384,5374,PP
Transporte Público,19,140972308,1409800012574,93,5384,6146,PP
Transporte Público,19,140972416,1409708352740,31,5387,5324,PP
Transporte Público,19,140980012,140970015,13,6216,5060,PP
Transporte Público,19,140980012,140970602,59,6216,5242,PP
Transporte Público,19,140980012,1403900011556,59,6216,127,PP
Transporte Público,19,140980012,1409700250369,28,6216,5088,PP
Transporte Público,19,140980012,1409700321189,59,6216,5149,PP
Transporte Público,19,140980243,140980243,9,6237,6237,PP
Transporte Público,19,140980243,1403900011359,9,6237,111,PP
Transporte Público,19,140980243,1403900011556,9,6237,127,PP
Transporte Público,19,140980243,1407000210736,9,6237,3082,PP
Transporte Público,19,140980243,1407000211005,9,6237,3087,PP
Transporte Público,19,140980243,1409800012818,9,6237,6167,PP
Transporte Público,19,140980243,1412000013556,152,6237,8187,PP
Transporte Público,19,141011959,1403900013707,27,7229,260,PP
Transporte Público,19,141011959,1410100010397,109,7229,7009,PP
Transporte Público,19,141011959,1410100010946,82,7229,7052,PP
Transporte Público,19,141011959,141010001179A,82,7229,7117,PP
Transporte Público,19,141011963,1412000010405,10,7230,8011,PP
Transporte Público,19,141012552,141010001250A,23,7231,7143,PP
Transporte Público,19,141200123,1412007580759,33,8455,8537,PP
Transporte Público,19,141200123,1412007580797,33,8455,8538,PP
Transporte Público,19,141200142,1409700252543,28,8459,5120,PP
Transporte Público,19,141200142,1412002434713,7,8459,8517,PP
Transporte Público,19,141200157,141200142,7,8460,8459,PP
Transporte Público,19,141200157,1409800012150,13,8460,6112,PP
Transporte Público,19,141205567,1403900010702,114,8546,52,PP
Transporte Público,19,141205567,1412000011795,200,8546,8055,PP
Transporte Público,19,141240029,1410100010931,2,9042,7051,PP
Transporte Público,19,999990001,1409708221530,136,10006,5252,PP
Transporte Público,19,999990001,1412000010617,124,10006,8014,PP
Transporte Público,19,999990001,1412007630852,13,10006,8543,PP
Transporte Público,19,999990003,141200206504A,2,10003,8461,PP
Transporte Público,19,999990004,1403900011908,64,10001,159,PP
Transporte Público,19,999990004,1405100020196,24,10001,2016,PP
Transporte Público,19,999990004,1409800010879,102,10001,6028,PP
Transporte Público,19,999990005,140440026,27,10004,1032,PP
Transporte Público,19,999990005,1404400010098,6,10004,1004,PP
Transporte Público,19,999990005,1404400010280,6,10004,1006,PP
Transporte Público,19,999990005,1404400540420,15,10004,1035,PP
Transporte Público,19,999990005,1407000431024,9,10004,3111,PP
Transporte Público,19,999990005,1409700053503,11,10004,5047,PP
Transporte Público,19,999990005,1409700092810,32,10004,5051,PP
Transporte Público,19,999990005,1409800012150,26,10004,6112,PP
Transporte Público,19,999990005,1410100011075,136,10004,7064,PP
Transporte Público,19,999990005,1410100011592,23,10004,7104,PP
Transporte Público,19,999990005,1412000012295,28,10004,8082,PP
Transporte Público,19,999990005,1412000013397,100,10004,8176,PP
Transporte Público,19,999990005,1412000014643,28,10004,8271,PP
Transporte Público,19,999990005,1412000016512,18,10004,8368,PP
Transporte Público,19,999990005,140440002012A,4,10004,1015,PP
Transporte Público,19,999990005,140510001004A,1,10004,2001,PP
Transporte Público,19,999990005,140970005034A,11,10004,5036,PP
Transporte Público,19,999990006,1409700010922,9,10005,5010,PP
Transporte Público,19,999990006,1409700053503,38,10005,5047,PP
Transporte Público,19,999990006,1409700432613,11,10005,5204,PP
Transporte Público,19,999990006,1409800012752,13,10005,6161,PP
Transporte Público,19,999990006,1409800141114,59,10005,6218,PP
Transporte Público,19,999990006,140970005034A,11,10005,5036,PP
Transporte Público,19,1403900010030,1403900010577,43,2,41,PP
Transporte Público,19,1403900010030,1412000016438,26,2,8365,PP
Transporte Público,19,1403900010238,1410100011126,23,13,7068,PP
Transporte Público,19,1403900010295,1412000011206,11,17,8036,PP
Transporte Público,19,1403900010308,1403900012569,27,18,210,PP
Transporte Público,19,1403900010308,1412000010227,100,18,8002,PP
Transporte Público,19,1403900010312,1412000011193,7,19,8035,PP
Transporte Público,19,1403900010350,1403900013590,128,22,251,PP
Transporte Público,19,1403900010365,1403900010666,114,23,48,PP
Transporte Público,19,1403900010365,1403900012624,136,23,216,PP
Transporte Público,19,1403900010365,1403900014090,114,23,296,PP
Transporte Público,19,1403900010365,1403900014527,234,23,333,PP
Transporte Público,19,1403900010365,1412002065054,2,23,8462,PP
Transporte Público,19,1403900010399,1412000012172,96,26,8072,PP
Transporte Público,19,1403900010399,1412000013734,96,26,8204,PP
Transporte Público,19,1403900010401,1412000013787,27,27,8207,PP
Transporte Público,19,1403900010435,1403900010755,63,29,57,PP
Transporte Público,19,1403900010435,1409700320180,63,29,5136,PP
Transporte Público,19,1403900010435,1409709033908,91,29,5381,PP
Transporte Público,19,1403900010435,1409800011260,91,29,6053,PP
Transporte Público,19,1403900010435,1409800012697,52,29,6155,PP
Transporte Público,19,1403900010454,1403900010435,63,31,29,PP
Transporte Público,19,1403900010469,1403900015012,128,32,378,PP
Transporte Público,19,1403900010469,1403900015366,128,32,412,PP
Transporte Público,19,1403900010492,1403900014828,128,34,359,PP
Transporte Público,19,1403900010505,140390001119A,128,35,98,PP
Transporte Público,19,1403900010539,1403900010882,140,38,69,PP
Transporte Público,19,1403900010539,140390001101A,140,38,81,PP
Transporte Público,19,1403900010577,1405100020213,12,41,2018,PP
Transporte Público,19,1403900010577,1410100010147,20,41,7001,PP
Transporte Público,19,1403900010596,1412000011579,100,42,8046,PP
Transporte Público,19,1403900010613,1403900012639,136,44,217,PP
Transporte Público,19,1403900010647,1412000011579,100,46,8046,PP
Transporte Público,19,1403900010651,141200142,20,47,8459,PP
Transporte Público,19,1403900010651,1407000431147,24,47,3115,PP
Transporte Público,19,1403900010651,141200206504A,5,47,8461,PP
Transporte Público,19,1403900010666,1409700053166,11,48,5045,PP
Transporte Público,19,1403900010717,1403900010399,114,53,26,PP
Transporte Público,19,1403900010736,1403900011363,202,55,112,PP
Transporte Público,19,1403900010736,1403900013656,114,55,256,PP
Transporte Público,19,1403900010736,1407000140276,114,55,3046,PP
Transporte Público,19,1403900010755,1403900011024,114,57,82,PP
Transporte Público,19,1403900010755,1403900011359,63,57,111,PP
Transporte Público,19,1403900010789,1403900012056,136,59,174,PP
Transporte Público,19,1403900010789,140390001418A,140,59,304,PP
Transporte Público,19,1403900010806,140390001279A,125,61,226,PP
Transporte Público,19,1403900010810,1410100011592,23,62,7104,PP
Transporte Público,19,1403900010825,1403900015243,140,63,400,PP
Transporte Público,19,1403900010844,1403900014527,131,65,333,PP
Transporte Público,19,1403900010844,1409800012663,13,65,6154,PP
Transporte Público,19,1403900010859,1403900010505,128,66,35,PP
Transporte Público,19,1403900010859,1403900012111,140,66,176,PP
Transporte Público,19,1403900010859,1403900013815,268,66,269,PP
Transporte Público,19,1403900010863,1403900010469,128,67,32,PP
Transporte Público,19,1403900010863,1403900013783,163,67,266,PP
Transporte Público,19,1403900010863,1403900014828,128,67,359,PP
Transporte Público,19,1403900010863,1409800010987,93,67,6032,PP
Transporte Público,19,1403900010863,1410100010147,10,67,7001,PP
Transporte Público,19,1403900010863,1410101932694,62,67,7226,PP
Transporte Público,19,1403900010863,1412000010890,77,67,8023,PP
Transporte Público,19,1403900010863,140390001553A,163,67,428,PP
Transporte Público,19,1403900010882,1403900010365,141,69,23,PP
Transporte Público,19,1403900010882,1403900011715,136,69,142,PP
Transporte Público,19,1403900010929,1403900011414,63,72,117,PP
Transporte Público,19,1403900010933,1412000011850,178,73,8059,PP
Transporte Público,19,1403900010933,141200001187A,100,73,8061,PP
Transporte Público,19,1403900010933,141200001319A,178,73,8163,PP
Transporte Público,19,1403900010952,1412000011850,100,75,8059,PP
Transporte Público,19,1403900010952,1412000014431,152,75,8252,PP
Transporte Público,19,1403900011005,140980012,104,80,6216,PP
Transporte Público,19,1403900011005,1403900011556,262,80,127,PP
Transporte Público,19,1403900011005,1407000140276,13,80,3046,PP
Transporte Público,19,1403900011005,1409700320829,59,80,5143,PP
Transporte Público,19,1403900011005,1409708441691,104,80,5346,PP
Transporte Público,19,1403900011005,1409800010953,101,80,6029,PP
Transporte Público,19,1403900011005,1409800012803,101,80,6166,PP
Transporte Público,19,1403900011005,1412000011193,137,80,8035,PP
Transporte Público,19,1403900011005,1412000012115,27,80,8069,PP
Transporte Público,19,1403900011005,1412000012755,54,80,8124,PP
Transporte Público,19,1403900011005,1412000013876,54,80,8213,PP
Transporte Público,19,1403900011005,1412000014291,27,80,8238,PP
Transporte Público,19,1403900011005,1412000014338,27,80,8242,PP
Transporte Público,19,1403900011005,1412000016724,18,80,8384,PP
Transporte Público,19,1403900011005,1412000016847,31,80,8396,PP
Transporte Público,19,1403900011005,140510001004A,1,80,2001,PP
Transporte Público,19,1403900011024,1403900011024,114,82,82,PP
Transporte Público,19,1403900011039,1412000012929,137,83,8138,PP
Transporte Público,19,1403900011043,1412000012350,49,84,8088,PP
Transporte Público,19,1403900011043,140390001140A,63,84,116,PP
Transporte Público,19,1403900011081,1403900012111,114,87,176,PP
Transporte Público,19,1403900011081,1410100010700,131,87,7032,PP
Transporte Público,19,1403900011096,1412000014338,27,88,8242,PP
Transporte Público,19,1403900011109,1403900011185,63,89,97,PP
Transporte Público,19,1403900011109,140390001140A,127,89,116,PP
Transporte Público,19,1403900011113,1403900011325,114,90,108,PP
Transporte Público,19,1403900011128,1403900015506,163,91,425,PP
Transporte Público,19,1403900011128,1409800011398,26,91,6061,PP
Transporte Público,19,1403900011128,1409800012729,52,91,6158,PP
Transporte Público,19,1403900011128,1412000015177,48,91,8299,PP
Transporte Público,19,1403900011132,1403900010276,128,92,15,PP
Transporte Público,19,1403900011132,1403900013590,226,92,251,PP
Transporte Público,19,1403900011132,1403900015154,234,92,392,PP
Transporte Público,19,1403900011132,1410100010541,131,92,7021,PP
Transporte Público,19,1403900011132,1412000012774,54,92,8125,PP
Transporte Público,19,1403900011132,1412401760160,3,92,9051,PP
Transporte Público,19,1403900011132,140390001286A,128,92,228,PP
Transporte Público,19,1403900011132,141200001187A,178,92,8061,PP
Transporte Público,19,1403900011170,1403900011679,63,96,138,PP
Transporte Público,19,1403900011170,1403900015474,125,96,422,PP
Transporte Público,19,1403900011170,1407000201397,33,96,3080,PP
Transporte Público,19,1403900011170,1407000211109,36,96,3090,PP
Transporte Público,19,1403900011170,1409700463861,53,96,5206,PP
Transporte Público,19,1403900011170,1409708374200,136,96,5332,PP
Transporte Público,19,1403900011170,1409708432647,94,96,5334,PP
Transporte Público,19,1403900011170,1409800141129,59,96,6219,PP
Transporte Público,19,1403900011170,1410100011272,10,96,7079,PP
Transporte Público,19,1403900011170,14070140A,33,96,3131,PP
Transporte Público,19,1403900011170,140980001320A,54,96,6198,PP
Transporte Público,19,1403900011185,140440011,15,97,1031,PP
Transporte Público,19,1403900011185,1403900011185,64,97,97,PP
Transporte Público,19,1403900011185,1403900011325,63,97,108,PP
Transporte Público,19,1403900011221,1403900015008,140,101,377,PP
Transporte Público,19,1403900011274,1409700250299,59,103,5086,PP
Transporte Público,19,1403900011289,1403900010030,43,104,2,PP
Transporte Público,19,1403900011289,1403900011289,43,104,104,PP
Transporte Público,19,1403900011293,140980243,9,105,6237,PP
Transporte Público,19,1403900011293,1403900011293,43,105,105,PP
Transporte Público,19,1403900011293,1403900013016,128,105,230,PP
Transporte Público,19,1403900011293,1407000430806,9,105,3105,PP
Transporte Público,19,1403900011293,1412000013185,100,105,8162,PP
Transporte Público,19,1403900011359,141011963,10,111,7230,PP
Transporte Público,19,1403900011359,1403900010149,228,111,8,PP
Transporte Público,19,1403900011359,1403900010153,228,111,9,PP
Transporte Público,19,1403900011359,1403900010346,202,111,21,PP
Transporte Público,19,1403900011359,1403900010365,115,111,23,PP
Transporte Público,19,1403900011359,1403900010399,114,111,26,PP
Transporte Público,19,1403900011359,1403900010632,114,111,45,PP
Transporte Público,19,1403900011359,1403900010666,202,111,48,PP
Transporte Público,19,1403900011359,1403900010986,114,111,78,PP
Transporte Público,19,1403900011359,1403900011185,126,111,97,PP
Transporte Público,19,1403900011359,1403900011359,9,111,111,PP
Transporte Público,19,1403900011359,1403900011378,52,111,113,PP
Transporte Público,19,1403900011359,1403900011645,63,111,135,PP
Transporte Público,19,1403900011359,1403900011683,140,111,139,PP
Transporte Público,19,1403900011359,1403900011823,114,111,151,PP
Transporte Público,19,1403900011359,1403900014071,204,111,294,PP
Transporte Público,19,1403900011359,1403900014423,128,111,323,PP
Transporte Público,19,1403900011359,1403900014809,114,111,357,PP
Transporte Público,19,1403900011359,1403900015012,140,111,378,PP
Transporte Público,19,1403900011359,1403900015224,131,111,399,PP
Transporte Público,19,1403900011359,1403900015417,93,111,417,PP
Transporte Público,19,1403900011359,1405100020196,12,111,2016,PP
Transporte Público,19,1403900011359,1405100020209,12,111,2017,PP
Transporte Público,19,1403900011359,1407000130327,63,111,3030,PP
Transporte Público,19,1403900011359,1407000130365,36,111,3032,PP
Transporte Público,19,1403900011359,1407000130435,36,111,3036,PP
Transporte Público,19,1403900011359,1407000140219,72,111,3044,PP
Transporte Público,19,1403900011359,1407000140223,99,111,3045,PP
Transporte Público,19,1403900011359,1407000140276,13,111,3046,PP
Transporte Público,19,1403900011359,1407000140859,72,111,3062,PP
Transporte Público,19,1403900011359,1407000201382,66,111,3079,PP
Transporte Público,19,1403900011359,1407000210736,18,111,3082,PP
Transporte Público,19,1403900011359,1407000210967,18,111,3086,PP
Transporte Público,19,1403900011359,1407000211151,36,111,3093,PP
Transporte Público,19,1403900011359,1407000430492,36,111,3098,PP
Transporte Público,19,1403900011359,1407000431024,18,111,3111,PP
Transporte Público,19,1403900011359,1407000431039,18,111,3112,PP
Transporte Público,19,1403900011359,1409700010918,9,111,5009,PP
Transporte Público,19,1403900011359,1409700010937,15,111,5011,PP
Transporte Público,19,1403900011359,1409700012115,31,111,5023,PP
Transporte Público,19,1403900011359,1409700250354,28,111,5087,PP
Transporte Público,19,1403900011359,1409700250462,56,111,5090,PP
Transporte Público,19,1403900011359,1409700320284,59,111,5139,PP
Transporte Público,19,1403900011359,1409700353772,216,111,5179,PP
Transporte Público,19,1403900011359,1409705601032,59,111,5236,PP
Transporte Público,19,1403900011359,1409708221935,136,111,5265,PP
Transporte Público,19,1403900011359,1409708332933,136,111,5316,PP
Transporte Público,19,1403900011359,1409708432670,53,111,5337,PP
Transporte Público,19,1403900011359,1409708714056,54,111,5371,PP
Transporte Público,19,1403900011359,1409800010370,26,111,6014,PP
Transporte Público,19,1403900011359,1409800010794,125,111,6025,PP
Transporte Público,19,1403900011359,1409800011097,101,111,6040,PP
Transporte Público,19,1403900011359,1409800011398,13,111,6061,PP
Transporte Público,19,1403900011359,1409800012199,250,111,6115,PP
Transporte Público,19,1403900011359,1409800012377,93,111,6128,PP
Transporte Público,19,1403900011359,1409800012432,125,111,6132,PP
Transporte Público,19,1403900011359,1409800012555,186,111,6144,PP
Transporte Público,19,1403900011359,1409800013040,23,111,6184,PP
Transporte Público,19,1403900011359,1409801282875,52,111,6234,PP
Transporte Público,19,1403900011359,1410100010147,20,111,7001,PP
Transporte Público,19,1403900011359,1410100010151,10,111,7002,PP
Transporte Público,19,1403900011359,1410100010310,164,111,7005,PP
Transporte Público,19,1403900011359,1410100010471,87,111,7014,PP
Transporte Público,19,1403900011359,1410100010594,62,111,7024,PP
Transporte Público,19,1403900011359,1410100011200,13,111,7076,PP
Transporte Público,19,1403900011359,1410100011592,64,111,7104,PP
Transporte Público,19,1403900011359,1410100011997,62,111,7125,PP
Transporte Público,19,1403900011359,1410100012054,82,111,7131,PP
Transporte Público,19,1403900011359,1410100091802,62,111,7159,PP
Transporte Público,19,1403900011359,1410100092586,62,111,7190,PP
Transporte Público,19,1403900011359,1410100312317,13,111,7211,PP
Transporte Público,19,1403900011359,1410100341978,82,111,7214,PP
Transporte Público,19,1403900011359,1412000010617,110,111,8014,PP
Transporte Público,19,1403900011359,1412000011206,55,111,8036,PP
Transporte Público,19,1403900011359,1412000011210,49,111,8037,PP
Transporte Público,19,1403900011359,1412000011526,21,111,8045,PP
Transporte Público,19,1403900011359,1412000011850,178,111,8059,PP
Transporte Público,19,1403900011359,1412000011884,96,111,8062,PP
Transporte Público,19,1403900011359,1412000011935,152,111,8066,PP
Transporte Público,19,1403900011359,1412000012257,96,111,8078,PP
Transporte Público,19,1403900011359,1412000013062,48,111,8151,PP
Transporte Público,19,1403900011359,1412000013113,27,111,8155,PP
Transporte Público,19,1403900011359,1412000013274,62,111,8168,PP
Transporte Público,19,1403900011359,1412000013433,95,111,8180,PP
Transporte Público,19,1403900011359,1412000013575,11,111,8189,PP
Transporte Público,19,1403900011359,1412000014338,9,111,8242,PP
Transporte Público,19,1403900011359,1412000015285,110,111,8307,PP
Transporte Público,19,1403900011359,1412000015336,28,111,8311,PP
Transporte Público,19,1403900011359,1412000015552,21,111,8325,PP
Transporte Público,19,1403900011359,1412000015942,49,111,8342,PP
Transporte Público,19,1403900011359,1412000016620,31,111,8379,PP
Transporte Público,19,1403900011359,1412000016832,110,111,8395,PP
Transporte Público,19,1403900011359,1412000016902,172,111,8402,PP
Transporte Público,19,1403900011359,1412000017031,31,111,8408,PP
Transporte Público,19,1403900011359,1412000620180,75,111,8447,PP
Transporte Público,19,1403900011359,1412002314145,14,111,8475,PP
Transporte Público,19,1403900011359,1412002434709,7,111,8516,PP
Transporte Público,19,1403900011359,1412002434713,7,111,8517,PP
Transporte Público,19,1403900011359,1412007580829,118,111,8540,PP
Transporte Público,19,1403900011359,140510001004A,3,111,2001,PP
Transporte Público,19,1403900011359,14070140A,33,111,3131,PP
Transporte Público,19,1403900011359,140980001181A,26,111,6090,PP
Transporte Público,19,1403900011359,141200001326A,110,111,8167,PP
Transporte Público,19,1403900011359,141200001422A,77,111,8231,PP
Transporte Público,19,1403900011363,140440026,6,112,1032,PP
Transporte Público,19,1403900011363,1403900011170,63,112,96,PP
Transporte Público,19,1403900011363,1403900011880,111,112,157,PP
Transporte Público,19,1403900011363,1403900014283,140,112,314,PP
Transporte Público,19,1403900011363,1403900015559,163,112,430,PP
Transporte Público,19,1403900011363,1409708312045,136,112,5301,PP
Transporte Público,19,1403900011363,1412000012280,77,112,8081,PP
Transporte Público,19,1403900011378,1403900010365,228,113,23,PP
Transporte Público,19,1403900011378,1403900010469,128,113,32,PP
Transporte Público,19,1403900011378,1403900011113,202,113,90,PP
Transporte Público,19,1403900011378,1403900011679,111,113,138,PP
Transporte Público,19,1403900011378,1403900011912,126,113,160,PP
Transporte Público,19,1403900011378,1403900012056,246,113,174,PP
Transporte Público,19,1403900011378,1403900013374,250,113,240,PP
Transporte Público,19,1403900011378,1403900013726,27,113,262,PP
Transporte Público,19,1403900011378,1403900013891,226,113,276,PP
Transporte Público,19,1403900011378,1403900013938,234,113,280,PP
Transporte Público,19,1403900011378,1403900014118,316,113,298,PP
Transporte Público,19,1403900011378,1403900014387,452,113,320,PP
Transporte Público,19,1403900011378,1403900015099,234,113,386,PP
Transporte Público,19,1403900011378,1403900015154,234,113,392,PP
Transporte Público,19,1403900011378,1403900015347,27,113,410,PP
Transporte Público,19,1403900011378,1403900015597,226,113,434,PP
Transporte Público,19,1403900011378,1404400050257,27,113,1024,PP
Transporte Público,19,1403900011378,1404400540416,15,113,1034,PP
Transporte Público,19,1403900011378,1405100020213,33,113,2018,PP
Transporte Público,19,1403900011378,1407000131429,96,113,3038,PP
Transporte Público,19,1403900011378,1407000140276,26,113,3046,PP
Transporte Público,19,1403900011378,1407000140844,36,113,3061,PP
Transporte Público,19,1403900011378,1407000430295,36,113,3096,PP
Transporte Público,19,1403900011378,1407000430806,9,113,3105,PP
Transporte Público,19,1403900011378,1407000431147,9,113,3115,PP
Transporte Público,19,1403900011378,1409700150227,6,113,5061,PP
Transporte Público,19,1403900011378,1409700350138,96,113,5169,PP
Transporte Público,19,1403900011378,1409700353772,54,113,5179,PP
Transporte Público,19,1403900011378,1409704241761,22,113,5232,PP
Transporte Público,19,1403900011378,1409708714060,54,113,5372,PP
Transporte Público,19,1403900011378,1409800011398,36,113,6061,PP
Transporte Público,19,1403900011378,1409800012150,13,113,6112,PP
Transporte Público,19,1403900011378,1409800012767,13,113,6162,PP
Transporte Público,19,1403900011378,1409800012822,101,113,6168,PP
Transporte Público,19,1403900011378,1409800012930,13,113,6177,PP
Transporte Público,19,1403900011378,1410100010147,40,113,7001,PP
Transporte Público,19,1403900011378,1410100010594,62,113,7024,PP
Transporte Público,19,1403900011378,1410100010679,23,113,7031,PP
Transporte Público,19,1403900011378,1410100010700,131,113,7032,PP
Transporte Público,19,1403900011378,1410100011018,136,113,7059,PP
Transporte Público,19,1403900011378,1410100011272,10,113,7079,PP
Transporte Público,19,1403900011378,1410100011446,246,113,7094,PP
Transporte Público,19,1403900011378,1410100092105,62,113,7168,PP
Transporte Público,19,1403900011378,1410100092209,171,113,7178,PP
Transporte Público,19,1403900011378,1410100092393,171,113,7185,PP
Transporte Público,19,1403900011378,1410100092586,62,113,7190,PP
Transporte Público,19,1403900011378,1412000011193,27,113,8035,PP
Transporte Público,19,1403900011378,1412000012825,96,113,8130,PP
Transporte Público,19,1403900011378,1412000013081,274,113,8153,PP
Transporte Público,19,1403900011378,1412000013490,96,113,8184,PP
Transporte Público,19,1403900011378,1412000014234,77,113,8232,PP
Transporte Público,19,1403900011378,140390001489A,63,113,366,PP
Transporte Público,19,1403900011378,140440002012A,4,113,1015,PP
Transporte Público,19,1403900011378,141200001244A,274,113,8097,PP
Transporte Público,19,1403900011382,1403900011965,174,114,165,PP
Transporte Público,19,1403900011397,1403900010276,128,115,15,PP
Transporte Público,19,1403900011397,1403900010806,280,115,61,PP
Transporte Público,19,1403900011397,1403900010967,114,115,76,PP
Transporte Público,19,1403900011397,1403900011185,63,115,97,PP
Transporte Público,19,1403900011397,1412000011899,53,115,8063,PP
Transporte Público,19,1403900011414,140390001197A,63,117,166,PP
Transporte Público,19,1403900011429,1403900015474,125,118,422,PP
Transporte Público,19,1403900011429,1410100010397,62,118,7009,PP
Transporte Público,19,1403900011452,1403900010825,140,121,63,PP
Transporte Público,19,1403900011452,1409800010347,101,121,6012,PP
Transporte Público,19,1403900011467,1410100010537,10,122,7020,PP
Transporte Público,19,1403900011467,1410100011268,10,122,7078,PP
Transporte Público,19,1403900011471,1403900012287,136,123,190,PP
Transporte Público,19,1403900011537,1410100010310,82,126,7005,PP
Transporte Público,19,1403900011537,1410100010700,131,126,7032,PP
Transporte Público,19,1403900011537,140970822358A,136,126,5285,PP
Transporte Público,19,1403900011556,1403900013016,256,127,230,PP
Transporte Público,19,1403900011556,1403900013336,68,127,238,PP
Transporte Público,19,1403900011556,1403900015474,125,127,422,PP
Transporte Público,19,1403900011556,1407000140859,36,127,3062,PP
Transporte Público,19,1403900011556,1409700053503,19,127,5047,PP
Transporte Público,19,1403900011556,1409800011379,101,127,6059,PP
Transporte Público,19,1403900011556,1410100010378,131,127,7007,PP
Transporte Público,19,1403900011556,1412000011206,11,127,8036,PP
Transporte Público,19,1403900011556,1412000012295,28,127,8082,PP
Transporte Público,19,1403900011556,140390001553A,93,127,428,PP
Transporte Público,19,1403900011594,1409800012574,163,131,6146,PP
Transporte Público,19,1403900011594,1412000013005,56,131,8146,PP
Transporte Público,19,1403900011626,140440011,15,133,1031,PP
Transporte Público,19,1403900011626,140980012,13,133,6216,PP
Transporte Público,19,1403900011626,1403900014300,365,133,316,PP
Transporte Público,19,1403900011626,1403900014527,234,133,333,PP
Transporte Público,19,1403900011626,1403900015065,131,133,383,PP
Transporte Público,19,1403900011626,1407000010115,33,133,3005,PP
Transporte Público,19,1403900011626,1407000130401,13,133,3033,PP
Transporte Público,19,1403900011626,1407000140219,36,133,3044,PP
Transporte Público,19,1403900011626,1407000201236,33,133,3076,PP
Transporte Público,19,1403900011626,1409700092863,32,133,5056,PP
Transporte Público,19,1403900011626,1409708332933,136,133,5316,PP
Transporte Público,19,1403900011626,1409800010120,136,133,6008,PP
Transporte Público,19,1403900011626,1409800010370,26,133,6014,PP
Transporte Público,19,1403900011626,1409800011608,202,133,6074,PP
Transporte Público,19,1403900011626,1409800012150,23,133,6112,PP
Transporte Público,19,1403900011626,1409800012663,23,133,6154,PP
Transporte Público,19,1403900011626,1409800012841,23,133,6170,PP
Transporte Público,19,1403900011626,1409800012983,23,133,6180,PP
Transporte Público,19,1403900011626,1410100010147,20,133,7001,PP
Transporte Público,19,1403900011626,1410100010151,10,133,7002,PP
Transporte Público,19,1403900011626,1410100010522,109,133,7019,PP
Transporte Público,19,1403900011626,1410100010700,131,133,7032,PP
Transporte Público,19,1403900011626,1410100010749,599,133,7036,PP
Transporte Público,19,1403900011626,1410100091910,109,133,7163,PP
Transporte Público,19,1403900011626,1410100092410,62,133,7187,PP
Transporte Público,19,1403900011626,1412000011193,88,133,8035,PP
Transporte Público,19,1403900011626,1412000011210,49,133,8037,PP
Transporte Público,19,1403900011626,1412000012172,96,133,8072,PP
Transporte Público,19,1403900011626,1412000620176,75,133,8446,PP
Transporte Público,19,1403900011626,140390001553A,93,133,428,PP
Transporte Público,19,1403900011626,140510001004A,1,133,2001,PP
Transporte Público,19,1403900011626,141200001365A,96,133,8196,PP
Transporte Público,19,1403900011630,1403900010774,63,134,58,PP
Transporte Público,19,1403900011630,1403900011734,234,134,144,PP
Transporte Público,19,1403900011645,1403900011414,126,135,117,PP
Transporte Público,19,1403900011645,1409700250354,51,135,5087,PP
Transporte Público,19,1403900011645,1409700250369,51,135,5088,PP
Transporte Público,19,1403900011645,1410100011126,23,135,7068,PP
Transporte Público,19,1403900011664,140390001489A,63,137,366,PP
Transporte Público,19,1403900011683,1403900011715,272,139,142,PP
Transporte Público,19,1403900011683,1403900014226,249,139,308,PP
Transporte Público,19,1403900011683,1403900014442,249,139,325,PP
Transporte Público,19,1403900011683,1403900015296,140,139,405,PP
Transporte Público,19,1403900011683,140390001418A,249,139,304,PP
Transporte Público,19,1403900011715,1409800010506,272,142,6017,PP
Transporte Público,19,1403900011753,1412000011206,11,145,8036,PP
Transporte Público,19,1403900011753,1412000012308,28,145,8083,PP
Transporte Público,19,1403900011753,1412000012312,28,145,8084,PP
Transporte Público,19,1403900011753,1412000012488,16,145,8101,PP
Transporte Público,19,1403900011753,1412000012863,11,145,8133,PP
Transporte Público,19,1403900011768,141200231415A,24,146,8476,PP
Transporte Público,19,1403900011804,1403900011823,114,149,151,PP
Transporte Público,19,1403900011819,1407000210736,9,150,3082,PP
Transporte Público,19,1403900011823,1403900011804,114,151,149,PP
Transporte Público,19,1403900011823,1403900011823,342,151,151,PP
Transporte Público,19,1403900011857,1403900010346,202,154,21,PP
Transporte Público,19,1403900011857,1403900012639,136,154,217,PP
Transporte Público,19,1403900011857,1409800010370,23,154,6014,PP
Transporte Público,19,1403900011857,1409800012663,23,154,6154,PP
Transporte Público,19,1403900011857,1409800012837,13,154,6169,PP
Transporte Público,19,1403900011861,1403900011861,114,155,155,PP
Transporte Público,19,1403900011861,1403900012319,114,155,193,PP
Transporte Público,19,1403900011861,1403900012709,119,155,222,PP
Transporte Público,19,1403900011861,1403900013726,27,155,262,PP
Transporte Público,19,1403900011861,1403900014654,326,155,346,PP
Transporte Público,19,1403900011861,1403900015366,114,155,412,PP
Transporte Público,19,1403900011861,1407000140276,13,155,3046,PP
Transporte Público,19,1403900011861,1412000011526,21,155,8045,PP
Transporte Público,19,1403900011861,1412400010175,20,155,9005,PP
Transporte Público,19,1403900011861,141200001027A,100,155,8006,PP
Transporte Público,19,1403900011880,1403900011880,63,157,157,PP
Transporte Público,19,1403900011895,1409700213857,11,158,5082,PP
Transporte Público,19,1403900011908,1410100011573,13,159,7102,PP
Transporte Público,19,1403900011908,1412000014408,56,159,8249,PP
Transporte Público,19,1403900011912,1403900012588,54,160,212,PP
Transporte Público,19,1403900011912,1410100010471,23,160,7014,PP
Transporte Público,19,1403900011927,1409700213857,11,161,5082,PP
Transporte Público,19,1403900011999,1407001211518,13,168,3127,PP
Transporte Público,19,1403900011999,1410100010787,131,168,7040,PP
Transporte Público,19,1403900012003,1407000130420,72,169,3035,PP
Transporte Público,19,1403900012022,1403900012022,246,171,171,PP
Transporte Público,19,1403900012041,1410100312317,13,173,7211,PP
Transporte Público,19,1403900012056,1410100010700,131,174,7032,PP
Transporte Público,19,1403900012126,1409700013113,9,177,5031,PP
Transporte Público,19,1403900012130,1403900014476,234,178,328,PP
Transporte Público,19,1403900012130,1403900015065,131,178,383,PP
Transporte Público,19,1403900012130,1403900015205,234,178,397,PP
Transporte Público,19,1403900012130,1412000013005,56,178,8146,PP
Transporte Público,19,1403900012130,1412000013062,77,178,8151,PP
Transporte Público,19,1403900012130,140390001489A,63,178,366,PP
Transporte Público,19,1403900012145,1409800011434,52,179,6063,PP
Transporte Público,19,1403900012145,1410100092105,62,179,7168,PP
Transporte Público,19,1403900012145,1412000011206,11,179,8036,PP
Transporte Público,19,1403900012179,1412000016550,95,182,8372,PP
Transporte Público,19,1403900012183,1403900011081,114,183,87,PP
Transporte Público,19,1403900012183,1403900015188,131,183,395,PP
Transporte Público,19,1403900012183,1404400540420,15,183,1035,PP
Transporte Público,19,1403900012183,1405100020196,12,183,2016,PP
Transporte Público,19,1403900012183,1405100020213,21,183,2018,PP
Transporte Público,19,1403900012183,1409800010718,125,183,6023,PP
Transporte Público,19,1403900012200,1403900013919,63,184,278,PP
Transporte Público,19,1403900012272,141200123,34,189,8455,PP
Transporte Público,19,1403900012272,1412007580759,59,189,8537,PP
Transporte Público,19,1403900012287,1409800011576,13,190,6072,PP
Transporte Público,19,1403900012287,1410100010594,62,190,7024,PP
Transporte Público,19,1403900012304,1403900011359,136,192,111,PP
Transporte Público,19,1403900012319,1403900015065,131,193,383,PP
Transporte Público,19,1403900012319,1409800010347,101,193,6012,PP
Transporte Público,19,1403900012319,1409800010597,404,193,6020,PP
Transporte Público,19,1403900012319,1409800010953,101,193,6029,PP
Transporte Público,19,1403900012319,1409800011379,101,193,6059,PP
Transporte Público,19,1403900012319,1409800011383,13,193,6060,PP
Transporte Público,19,1403900012319,1410100010433,101,193,7011,PP
Transporte Público,19,1403900012357,1403900012357,68,195,195,PP
Transporte Público,19,1403900012357,1409800012131,52,195,6111,PP
Transporte Público,19,1403900012357,140390001496A,128,195,373,PP
Transporte Público,19,1403900012395,1403900010346,202,199,21,PP
Transporte Público,19,1403900012395,1403900012427,53,199,201,PP
Transporte Público,19,1403900012395,1403900015366,68,199,412,PP
Transporte Público,19,1403900012395,1409708623414,53,199,5366,PP
Transporte Público,19,1403900012408,1409800012362,163,200,6127,PP
Transporte Público,19,1403900012408,1412000012280,137,200,8081,PP
Transporte Público,19,1403900012427,1403900015525,125,201,427,PP
Transporte Público,19,1403900012427,1409708623414,53,201,5366,PP
Transporte Público,19,1403900012427,1412000012948,49,201,8140,PP
Transporte Público,19,1403900012427,140390001489A,63,201,366,PP
Transporte Público,19,1403900012431,1403900012431,27,202,202,PP
Transporte Público,19,1403900012431,1412000011189,27,202,8034,PP
Transporte Público,19,1403900012446,1403900011861,27,203,155,PP
Transporte Público,19,1403900012446,1403900015347,27,203,410,PP
Transporte Público,19,1403900012446,140390001172A,28,203,143,PP
Transporte Público,19,1403900012501,1403900012376,204,204,197,PP
Transporte Público,19,1403900012501,1412000013132,152,204,8157,PP
Transporte Público,19,1403900012516,1412401760160,2,205,9051,PP
Transporte Público,19,1403900012535,1403900012535,68,207,207,PP
Transporte Público,19,1403900012535,141200001066A,68,207,8018,PP
Transporte Público,19,1403900012554,1403900012681,119,209,220,PP
Transporte Público,19,1403900012554,1403900013336,68,209,238,PP
Transporte Público,19,1403900012554,1403900013340,68,209,239,PP
Transporte Público,19,1403900012554,1403900013514,1816,209,244,PP
Transporte Público,19,1403900012554,1409800011951,93,209,6100,PP
Transporte Público,19,1403900012554,1412000011920,152,209,8065,PP
Transporte Público,19,1403900012554,1412007580693,59,209,8535,PP
Transporte Público,19,1403900012554,140510001004A,4,209,2001,PP
Transporte Público,19,1403900012554,141200758080A,92,209,8539,PP
Transporte Público,19,1403900012569,1403900012569,48,210,210,PP
Transporte Público,19,1403900012569,1409700353734,54,210,5178,PP
Transporte Público,19,1403900012569,1409708622914,53,210,5363,PP
Transporte Público,19,1403900012569,1409800011646,52,210,6076,PP
Transporte Público,19,1403900012569,1409800012432,375,210,6132,PP
Transporte Público,19,1403900012569,1410100010857,82,210,7045,PP
Transporte Público,19,1403900012573,1403900014616,125,211,342,PP
Transporte Público,19,1403900012573,1409708332933,136,211,5316,PP
Transporte Público,19,1403900012588,1403900013923,226,212,279,PP
Transporte Público,19,1403900012588,1412000015266,27,212,8305,PP
Transporte Público,19,1403900012588,140980001270A,52,212,6156,PP
Transporte Público,19,1403900012592,1403900012588,27,213,212,PP
Transporte Público,19,1403900012592,1403900013707,27,213,260,PP
Transporte Público,19,1403900012592,1403900014847,128,213,361,PP
Transporte Público,19,1403900012592,1407000210736,9,213,3082,PP
Transporte Público,19,1403900012592,1409800010506,136,213,6017,PP
Transporte Público,19,1403900012605,1407000140859,36,214,3062,PP
Transporte Público,19,1403900012605,1409700092825,32,214,5052,PP
Transporte Público,19,1403900012605,1409800011383,26,214,6060,PP
Transporte Público,19,1403900012605,1409800012663,13,214,6154,PP
Transporte Público,19,1403900012605,140980001135A,126,214,6057,PP
Transporte Público,19,1403900012662,1403900013209,140,218,235,PP
Transporte Público,19,1403900012662,1409800010968,303,218,6030,PP
Transporte Público,19,1403900012662,1410100011624,202,218,7107,PP
Transporte Público,19,1403900012681,1403900015366,68,220,412,PP
Transporte Público,19,1403900012709,141205567,68,222,8546,PP
Transporte Público,19,1403900012709,1403900013336,68,222,238,PP
Transporte Público,19,1403900012709,1412000013081,137,222,8153,PP
Transporte Público,19,1403900012713,1403900012126,68,223,177,PP
Transporte Público,19,1403900012713,1403900013514,125,223,244,PP
Transporte Público,19,1403900012713,1403900014048,125,223,291,PP
Transporte Público,19,1403900012713,1409800012485,125,223,6137,PP
Transporte Público,19,1403900012713,1412000012755,96,223,8124,PP
Transporte Público,19,1403900012713,1412000012774,96,223,8125,PP
Transporte Público,19,1403900012785,1403900015205,131,225,397,PP
Transporte Público,19,1403900012785,1410100010749,234,225,7036,PP
Transporte Público,19,1403900012785,141010001147A,131,225,7095,PP
Transporte Público,19,1403900012802,1407000140276,13,227,3046,PP
Transporte Público,19,1403900013016,1412000010231,178,230,8003,PP
Transporte Público,19,1403900013088,1412000010547,128,232,8012,PP
Transporte Público,19,1403900013143,1403900015012,140,233,378,PP
Transporte Público,19,1403900013143,1405100010054,33,233,2002,PP
Transporte Público,19,1403900013177,1403900013177,140,234,234,PP
Transporte Público,19,1403900013177,1410100010594,62,234,7024,PP
Transporte Público,19,1403900013177,1410100011268,20,234,7078,PP
Transporte Público,19,1403900013177,1410100092209,124,234,7178,PP
Transporte Público,19,1403900013177,141010001179A,82,234,7117,PP
Transporte Público,19,1403900013209,1407001211518,13,235,3127,PP
Transporte Público,19,1403900013374,1403900014048,125,240,291,PP
Transporte Público,19,1403900013374,1409800010671,227,240,6021,PP
Transporte Público,19,1403900013374,1412000012609,227,240,8111,PP
Transporte Público,19,1403900013374,140980001135A,125,240,6057,PP
Transporte Público,19,1403900013406,1403900012592,48,241,213,PP
Transporte Público,19,1403900013406,1409800013214,96,241,6199,PP
Transporte Público,19,1403900013514,1403900015366,125,244,412,PP
Transporte Público,19,1403900013514,141200001447A,125,244,8256,PP
Transporte Público,19,1403900013529,1403900011908,174,245,159,PP
Transporte Público,19,1403900013529,1409800011468,53,245,6066,PP
Transporte Público,19,1403900013552,1403900011170,227,248,96,PP
Transporte Público,19,1403900013552,1403900015328,250,248,408,PP
Transporte Público,19,1403900013586,1410100010147,10,250,7001,PP
Transporte Público,19,1403900013603,1403900013923,226,252,279,PP
Transporte Público,19,1403900013603,1412000012806,27,252,8128,PP
Transporte Público,19,1403900013641,140440011,15,255,1031,PP
Transporte Público,19,1403900013641,1403900010806,140,255,61,PP
Transporte Público,19,1403900013641,1403900014847,128,255,361,PP
Transporte Público,19,1403900013641,1403900015120,131,255,389,PP
Transporte Público,19,1403900013641,1407000130401,13,255,3033,PP
Transporte Público,19,1403900013641,1409700250354,51,255,5087,PP
Transporte Público,19,1403900013641,1409700250462,28,255,5090,PP
Transporte Público,19,1403900013641,1409700251418,51,255,5109,PP
Transporte Público,19,1403900013641,1410100011164,83,255,7072,PP
Transporte Público,19,1403900013641,1410100011554,13,255,7100,PP
Transporte Público,19,1403900013641,1412000015251,56,255,8304,PP
Transporte Público,19,1403900013641,1412000015266,100,255,8305,PP
Transporte Público,19,1403900013641,140980001110A,202,255,6041,PP
Transporte Público,19,1403900013656,1403900014813,228,256,358,PP
Transporte Público,19,1403900013656,1410100010912,82,256,7049,PP
Transporte Público,19,1403900013656,1412000012755,54,256,8124,PP
Transporte Público,19,1403900013656,1412007580509,33,256,8532,PP
Transporte Público,19,1403900013660,1410100010147,20,257,7001,PP
Transporte Público,19,1403900013694,1403900010435,27,259,29,PP
Transporte Público,19,1403900013694,1403900013641,27,259,255,PP
Transporte Público,19,1403900013694,1403900015525,125,259,427,PP
Transporte Público,19,1403900013707,1403900013641,27,260,255,PP
Transporte Público,19,1403900013707,1403900013995,27,260,286,PP
Transporte Público,19,1403900013707,1412000011206,27,260,8036,PP
Transporte Público,19,1403900013707,1412000012914,27,260,8137,PP
Transporte Público,19,1403900013711,1403900013711,27,261,261,PP
Transporte Público,19,1403900013730,1403900010365,27,263,23,PP
Transporte Público,19,1403900013730,1409800012273,101,263,6123,PP
Transporte Público,19,1403900013764,1410100011997,124,265,7125,PP
Transporte Público,19,1403900013764,1410100092143,62,265,7172,PP
Transporte Público,19,1403900013783,1409800012466,125,266,6135,PP
Transporte Público,19,1403900013783,1412000012755,96,266,8124,PP
Transporte Público,19,1403900013783,1412000012774,96,266,8125,PP
Transporte Público,19,1403900013783,1412000014465,152,266,8255,PP
Transporte Público,19,1403900013798,1410100010471,23,267,7014,PP
Transporte Público,19,1403900013798,1412000013293,128,267,8170,PP
Transporte Público,19,1403900013815,1403900010469,128,269,32,PP
Transporte Público,19,1403900013815,1403900010505,128,269,35,PP
Transporte Público,19,1403900013815,1412000013787,144,269,8207,PP
Transporte Público,19,1403900013815,1412000014323,48,269,8241,PP
Transporte Público,19,1403900013834,140390001496A,128,271,373,PP
Transporte Público,19,1403900013853,140700014083A,36,273,3060,PP
Transporte Público,19,1403900013872,1403900015277,140,275,403,PP
Transporte Público,19,1403900013872,1409800011769,101,275,6085,PP
Transporte Público,19,1403900013891,1403900011378,128,276,113,PP
Transporte Público,19,1403900013904,1403900010897,249,277,70,PP
Transporte Público,19,1403900013904,1403900011429,140,277,118,PP
Transporte Público,19,1403900013904,1403900011471,140,277,123,PP
Transporte Público,19,1403900013919,1403900010204,128,278,11,PP
Transporte Público,19,1403900013919,1412000012863,19,278,8133,PP
Transporte Público,19,1403900013919,141200001027A,100,278,8006,PP
Transporte Público,19,1403900013923,1403900010454,226,279,31,PP
Transporte Público,19,1403900013923,1403900010469,226,279,32,PP
Transporte Público,19,1403900013923,1403900013482,129,279,242,PP
Transporte Público,19,1403900013923,1403900013590,128,279,251,PP
Transporte Público,19,1403900013923,1403900015154,131,279,392,PP
Transporte Público,19,1403900013923,1412000011920,152,279,8065,PP
Transporte Público,19,1403900013923,1412000014431,267,279,8252,PP
Transporte Público,19,1403900013923,1412000015459,267,279,8317,PP
Transporte Público,19,1403900013961,1403900012728,125,283,224,PP
Transporte Público,19,1403900013961,1403900013514,125,283,244,PP
Transporte Público,19,1403900013976,1403900015347,27,284,410,PP
Transporte Público,19,1403900013976,1405100010139,1,284,2010,PP
Transporte Público,19,1403900013976,1409700010941,18,284,5012,PP
Transporte Público,19,1403900013976,1412400010175,20,284,9005,PP
Transporte Público,19,1403900013976,140980001053A,48,284,6019,PP
Transporte Público,19,1403900013995,1403900013707,27,286,260,PP
Transporte Público,19,1403900013995,1403900013995,52,286,286,PP
Transporte Público,19,1403900013995,1409800011608,101,286,6074,PP
Transporte Público,19,1403900014014,1403900014584,125,288,339,PP
Transporte Público,19,1403900014014,1403900015436,93,288,419,PP
Transporte Público,19,1403900014029,140390001546A,125,289,421,PP
Transporte Público,19,1403900014033,1403900012728,125,290,224,PP
Transporte Público,19,1403900014033,1403900014014,250,290,288,PP
Transporte Público,19,1403900014033,1403900015506,93,290,425,PP
Transporte Público,19,1403900014033,1409800010506,136,290,6017,PP
Transporte Público,19,1403900014033,140700014044A,36,290,3049,PP
Transporte Público,19,1403900014048,1403900012569,125,291,210,PP
Transporte Público,19,1403900014048,1403900014048,125,291,291,PP
Transporte Público,19,1403900014048,1409700010918,125,291,5009,PP
Transporte Público,19,1403900014067,1403900013336,68,293,238,PP
Transporte Público,19,1403900014071,1403900010115,114,294,6,PP
Transporte Público,19,1403900014071,1410100010594,62,294,7024,PP
Transporte Público,19,1403900014090,1403900011359,114,296,111,PP
Transporte Público,19,1403900014118,1403900010435,114,298,29,PP
Transporte Público,19,1403900014122,1410100011268,10,299,7078,PP
Transporte Público,19,1403900014122,1412000012115,27,299,8069,PP
Transporte Público,19,1403900014211,1403900013209,140,307,235,PP
Transporte Público,19,1403900014211,1403900014423,128,307,323,PP
Transporte Público,19,1403900014211,1410100010768,131,307,7038,PP
Transporte Público,19,1403900014226,1403900010859,280,308,66,PP
Transporte Público,19,1403900014226,1403900014442,249,308,325,PP
Transporte Público,19,1403900014226,1410100011272,30,308,7079,PP
Transporte Público,19,1403900014245,14097059A,140,310,5241,PP
Transporte Público,19,1403900014283,1403900015277,140,314,403,PP
Transporte Público,19,1403900014387,1412000011009,128,320,8029,PP
Transporte Público,19,1403900014391,1412000013113,27,321,8155,PP
Transporte Público,19,1403900014423,1412000012929,232,323,8138,PP
Transporte Público,19,1403900014423,1412000013062,128,323,8151,PP
Transporte Público,19,1403900014442,1403900011683,887,325,139,PP
Transporte Público,19,1403900014442,1409800010879,128,325,6028,PP
Transporte Público,19,1403900014442,1409800012714,143,325,6157,PP
Transporte Público,19,1403900014442,1409800012733,91,325,6159,PP
Transporte Público,19,1403900014461,1403900013321,204,327,237,PP
Transporte Público,19,1403900014476,1403900010454,226,328,31,PP
Transporte Público,19,1403900014476,1403900010473,128,328,33,PP
Transporte Público,19,1403900014476,1403900010505,226,328,35,PP
Transporte Público,19,1403900014476,1403900010524,226,328,37,PP
Transporte Público,19,1403900014476,1403900011293,131,328,105,PP
Transporte Público,19,1403900014476,1403900013798,128,328,267,PP
Transporte Público,19,1403900014476,1403900013923,226,328,279,PP
Transporte Público,19,1403900014476,1410100011573,13,328,7102,PP
Transporte Público,19,1403900014476,141200001098A,131,328,8027,PP
Transporte Público,19,1403900014480,1403900014870,114,329,364,PP
Transporte Público,19,1403900014546,140970602,91,335,5242,PP
Transporte Público,19,1403900014546,1403900011359,27,335,111,PP
Transporte Público,19,1403900014546,1403900014245,140,335,310,PP
Transporte Público,19,1403900014546,1403900014669,227,335,347,PP
Transporte Público,19,1403900014546,1403900015099,234,335,386,PP
Transporte Público,19,1403900014546,1403900015559,163,335,430,PP
Transporte Público,19,1403900014546,1407000011503,33,335,3026,PP
Transporte Público,19,1403900014546,1409800011684,91,335,6080,PP
Transporte Público,19,1403900014546,1409800012911,91,335,6175,PP
Transporte Público,19,1403900014546,1412000012280,137,335,8081,PP
Transporte Público,19,1403900014546,1412000012469,38,335,8099,PP
Transporte Público,19,1403900014546,1412000012613,100,335,8112,PP
Transporte Público,19,1403900014546,1412000013448,53,335,8181,PP
Transporte Público,19,1403900014546,1412000013700,95,335,8201,PP
Transporte Público,19,1403900014546,1412000014889,95,335,8286,PP
Transporte Público,19,1403900014546,1412000015800,178,335,8336,PP
Transporte Público,19,1403900014546,1412000015849,95,335,8340,PP
Transporte Público,19,1403900014546,1412002314164,24,335,8477,PP
Transporte Público,19,1403900014546,1412002314179,24,335,8478,PP
Transporte Público,19,1403900014546,140700001012A,59,335,3006,PP
Transporte Público,19,1403900014565,1403900012592,27,337,213,PP
Transporte Público,19,1403900014565,140980001135A,125,337,6057,PP
Transporte Público,19,1403900014584,1409700010937,9,339,5011,PP
Transporte Público,19,1403900014584,1412000013236,77,339,8166,PP
Transporte Público,19,1403900014601,1409708432702,53,341,5340,PP
Transporte Público,19,1403900014616,1403900015347,125,342,410,PP
Transporte Público,19,1403900014654,1403900013336,68,346,238,PP
Transporte Público,19,1403900014654,1403900013552,125,346,248,PP
Transporte Público,19,1403900014673,1403900014673,27,348,348,PP
Transporte Público,19,1403900014673,1403900015417,93,348,417,PP
Transporte Público,19,1403900014673,1409800011434,52,348,6063,PP
Transporte Público,19,1403900014673,1409801282875,91,348,6234,PP
Transporte Público,19,1403900014724,1403900012605,136,351,214,PP
Transporte Público,19,1403900014724,1403900013209,140,351,235,PP
Transporte Público,19,1403900014724,1409800010525,136,351,6018,PP
Transporte Público,19,1403900014743,1403900013891,226,352,276,PP
Transporte Público,19,1403900014743,1409800012752,13,352,6161,PP
Transporte Público,19,1403900014809,1403900013641,114,357,255,PP
Transporte Público,19,1403900014847,1403900010670,128,361,49,PP
Transporte Público,19,1403900014866,1403900014870,114,363,364,PP
Transporte Público,19,1403900014885,1410100011997,62,365,7125,PP
Transporte Público,19,1403900014902,1403900010929,43,367,72,PP
Transporte Público,19,1403900014902,1409800012733,52,367,6159,PP
Transporte Público,19,1403900014902,1412000014573,152,367,8266,PP
Transporte Público,19,1403900014917,1403900014917,114,368,368,PP
Transporte Público,19,1403900014917,140390001133A,43,368,109,PP
Transporte Público,19,1403900014921,1403900012516,128,369,205,PP
Transporte Público,19,1403900014936,1403900011185,63,370,97,PP
Transporte Público,19,1403900014936,1403900014442,226,370,325,PP
Transporte Público,19,1403900014936,1403900014809,114,370,357,PP
Transporte Público,19,1403900014936,1410100011268,20,370,7078,PP
Transporte Público,19,1403900014936,141200206504A,2,370,8461,PP
Transporte Público,19,1403900015008,1403900011221,140,377,101,PP
Transporte Público,19,1403900015008,1403900014245,140,377,310,PP
Transporte Público,19,1403900015008,1403900015008,140,377,377,PP
Transporte Público,19,1403900015008,1410100010575,140,377,7023,PP
Transporte Público,19,1403900015012,1403900010806,140,378,61,PP
Transporte Público,19,1403900015012,1403900013143,140,378,233,PP
Transporte Público,19,1403900015012,1409705601032,104,378,5236,PP
Transporte Público,19,1403900015012,1409800143229,59,378,6230,PP
Transporte Público,19,1403900015027,1403900015065,262,379,383,PP
Transporte Público,19,1403900015065,141011963,82,383,7230,PP
Transporte Público,19,1403900015099,141012552,131,386,7231,PP
Transporte Público,19,1403900015154,1403900015154,365,392,392,PP
Transporte Público,19,1403900015224,1403900015224,131,399,399,PP
Transporte Público,19,1403900015243,1403900010505,140,400,35,PP
Transporte Público,19,1403900015277,1403900014211,140,403,307,PP
Transporte Público,19,1403900015277,1412000013397,140,403,8176,PP
Transporte Público,19,1403900015277,140390001083A,140,403,64,PP
Transporte Público,19,1403900015296,1403900011556,141,405,127,PP
Transporte Público,19,1403900015296,1403900012130,140,405,178,PP
Transporte Público,19,1403900015296,1403900014442,140,405,325,PP
Transporte Público,19,1403900015328,1409800013214,54,408,6199,PP
Transporte Público,19,1403900015347,1403900011429,280,410,118,PP
Transporte Público,19,1403900015366,141012567,13,412,7232,PP
Transporte Público,19,1403900015366,1403900010473,128,412,33,PP
Transporte Público,19,1403900015366,1403900011081,114,412,87,PP
Transporte Público,19,1403900015366,1403900012395,204,412,199,PP
Transporte Público,19,1403900015366,1403900014654,93,412,346,PP
Transporte Público,19,1403900015366,1407000210736,9,412,3082,PP
Transporte Público,19,1403900015366,1407000430897,36,412,3106,PP
Transporte Público,19,1403900015366,1407000431147,15,412,3115,PP
Transporte Público,19,1403900015366,1409708223043,136,412,5276,PP
Transporte Público,19,1403900015366,1409800012150,26,412,6112,PP
Transporte Público,19,1403900015366,1410100010147,18,412,7001,PP
Transporte Público,19,1403900015366,1410100010537,10,412,7020,PP
Transporte Público,19,1403900015366,1410100091677,62,412,7155,PP
Transporte Público,19,1403900015366,1412000011206,11,412,8036,PP
Transporte Público,19,1403900015366,1412000012295,28,412,8082,PP
Transporte Público,19,1403900015366,1412002314164,24,412,8477,PP
Transporte Público,19,1403900015366,1412002314179,24,412,8478,PP
Transporte Público,19,1403900015370,1403900014052,136,413,292,PP
Transporte Público,19,1403900015385,140970032027A,59,414,5138,PP
Transporte Público,19,1403900015436,1403900015436,93,419,419,PP
Transporte Público,19,1403900015440,1409708223058,484,420,5277,PP
Transporte Público,19,1403900015440,1409708332933,137,420,5316,PP
Transporte Público,19,1403900015440,1409800012837,13,420,6169,PP
Transporte Público,19,1403900015440,140390001553A,93,420,428,PP
Transporte Público,19,1403900015440,140970822358A,136,420,5285,PP
Transporte Público,19,1403900015474,1403900011768,125,422,146,PP
Transporte Público,19,1403900015474,1412000010814,125,422,8022,PP
Transporte Público,19,1403900015474,141200001066A,125,422,8018,PP
Transporte Público,19,1403900015506,1403900014654,93,425,346,PP
Transporte Público,19,1403900015525,1403900013374,125,427,240,PP
Transporte Público,19,1403900015525,1403900015525,125,427,427,PP
Transporte Público,19,1403900015559,999990006,93,430,10005,PP
Transporte Público,19,1403900015559,1403900012395,119,430,199,PP
Transporte Público,19,1403900015559,1409800011928,93,430,6099,PP
Transporte Público,19,1403900015563,1403900012446,27,431,203,PP
Transporte Público,19,1403900015563,1409800012377,93,431,6128,PP
Transporte Público,19,1403900015578,1403900012569,93,432,210,PP
Transporte Público,19,1403900015578,141200001066A,93,432,8018,PP
Transporte Público,19,1403900015597,140980001007A,128,434,6004,PP
Transporte Público,19,1403900015652,1403900014809,114,440,357,PP
Transporte Público,19,1403900015652,1407000431147,9,440,3115,PP
Transporte Público,19,1403900015667,1403900011965,63,441,165,PP
Transporte Público,19,1403900015671,1409700201013,131,442,5079,PP
Transporte Público,19,1404400010100,1404400010098,6,1005,1004,PP
Transporte Público,19,1404400010100,140440002012A,4,1005,1015,PP
Transporte Público,19,1404400050261,1405100010054,33,1025,2002,PP
Transporte Público,19,1404400100223,140440002012A,4,1027,1015,PP
Transporte Público,19,1404400100238,1404400540420,15,1028,1035,PP
Transporte Público,19,1404400540416,140980188,15,1034,6236,PP
Transporte Público,19,1405100010054,1407000010702,33,2002,3015,PP
Transporte Público,19,1405100010054,1409701150890,33,2002,5212,PP
Transporte Público,19,1405100010054,1410100312317,13,2002,7211,PP
Transporte Público,19,1405100010054,1412401760160,2,2002,9051,PP
Transporte Público,19,1405100010054,140700014083A,36,2002,3060,PP
Transporte Público,19,1405100010069,140700001012A,33,2003,3006,PP
Transporte Público,19,1405100020196,1407000140276,12,2016,3046,PP
Transporte Público,19,1407000010030,1407000010702,33,3001,3015,PP
Transporte Público,19,1407000010030,1407000140488,36,3001,3053,PP
Transporte Público,19,1407000010030,1407000201382,33,3001,3079,PP
Transporte Público,19,1407000010030,1409800012199,125,3001,6115,PP
Transporte Público,19,1407000010045,140980243,9,3002,6237,PP
Transporte Público,19,1407000010045,1404400020115,4,3002,1014,PP
Transporte Público,19,1407000010045,1410100011323,82,3002,7084,PP
Transporte Público,19,1407000010045,140510001004A,1,3002,2001,PP
Transporte Público,19,1407000010100,1403900011965,63,3004,165,PP
Transporte Público,19,1407000010100,140510001004A,1,3004,2001,PP
Transporte Público,19,1407000010115,1407000140810,72,3005,3058,PP
Transporte Público,19,1407000010115,1407000201255,33,3005,3077,PP
Transporte Público,19,1407000010115,1410100312317,13,3005,7211,PP
Transporte Público,19,1407000010115,140510001004A,1,3005,2001,PP
Transporte Público,19,1407000010399,140510001004A,2,3010,2001,PP
Transporte Público,19,1407000130083,1407000130083,36,3028,3028,PP
Transporte Público,19,1407000130083,1407000140558,26,3028,3055,PP
Transporte Público,19,1407000130083,1409800012752,39,3028,6161,PP
Transporte Público,19,1407000130238,1407000130327,36,3029,3030,PP
Transporte Público,19,1407000130238,1407000131448,54,3029,3040,PP
Transporte Público,19,1407000130327,1407000130238,36,3030,3029,PP
Transporte Público,19,1407000130327,1407000140844,36,3030,3061,PP
Transporte Público,19,1407000130327,14097059A,36,3030,5241,PP
Transporte Público,19,1407000130327,140980001320A,54,3030,6198,PP
Transporte Público,19,1407000130350,1404400020134,4,3031,1016,PP
Transporte Público,19,1407000130401,1407000130327,108,3033,3030,PP
Transporte Público,19,1407000130401,1407000130365,36,3033,3032,PP
Transporte Público,19,1407000130401,1407000130401,13,3033,3033,PP
Transporte Público,19,1407000130401,1407000200613,33,3033,3071,PP
Transporte Público,19,1407000130401,1407000210736,9,3033,3082,PP
Transporte Público,19,1407000130401,1407000430295,72,3033,3096,PP
Transporte Público,19,1407000130401,1409708223749,136,3033,5290,PP
Transporte Público,19,1407000130401,1409708744018,136,3033,5374,PP
Transporte Público,19,1407000130401,1409800011203,250,3033,6047,PP
Transporte Público,19,1407000130401,1409800011383,13,3033,6060,PP
Transporte Público,19,1407000130401,1409800011398,13,3033,6061,PP
Transporte Público,19,1407000130401,1409800011877,39,3033,6096,PP
Transporte Público,19,1407000130401,1409800012428,13,3033,6131,PP
Transporte Público,19,1407000130401,140980001320A,54,3033,6198,PP
Transporte Público,19,1407000130416,1409708221935,136,3034,5265,PP
Transporte Público,19,1407000130416,1409800012428,36,3034,6131,PP
Transporte Público,19,1407000130435,1412000012280,36,3036,8081,PP
Transporte Público,19,1407000131429,1407000200789,33,3038,3072,PP
Transporte Público,19,1407000131448,14097059A,54,3040,5241,PP
Transporte Público,19,1407000131452,1403900011359,54,3041,111,PP
Transporte Público,19,1407000131471,1407000140276,13,3042,3046,PP
Transporte Público,19,1407000131486,1403900011378,54,3043,113,PP
Transporte Público,19,1407000131486,1403900013726,54,3043,262,PP
Transporte Público,19,1407000131486,1403900015328,96,3043,408,PP
Transporte Público,19,1407000131486,1407000130401,54,3043,3033,PP
Transporte Público,19,1407000131486,1409800011237,54,3043,6050,PP
Transporte Público,19,1407000140219,1403900011170,36,3044,96,PP
Transporte Público,19,1407000140223,1403900011876,36,3045,156,PP
Transporte Público,19,1407000140223,1412000012952,36,3045,8141,PP
Transporte Público,19,1407000140276,1403900011359,13,3046,111,PP
Transporte Público,19,1407000140346,1407000140346,36,3048,3048,PP
Transporte Público,19,1407000140346,1409800012150,36,3048,6112,PP
Transporte Público,19,1407000140488,1407000140488,36,3053,3053,PP
Transporte Público,19,1407000140558,140980243,9,3055,6237,PP
Transporte Público,19,1407000140558,1407000130401,13,3055,3033,PP
Transporte Público,19,1407000140810,1403900012605,36,3058,214,PP
Transporte Público,19,1407000140810,1407000140810,36,3058,3058,PP
Transporte Público,19,1407000140810,1409700411263,36,3058,5193,PP
Transporte Público,19,1407000140825,1409800013110,36,3059,6191,PP
Transporte Público,19,1407000140844,1407000130416,36,3061,3034,PP
Transporte Público,19,1407000140859,1403900013641,36,3062,255,PP
Transporte Público,19,1407000140859,1409800012432,36,3062,6132,PP
Transporte Público,19,1407000200191,1407000210967,9,3066,3086,PP
Transporte Público,19,1407000200191,1407000211005,9,3066,3087,PP
Transporte Público,19,1407000200191,1407000431039,9,3066,3112,PP
Transporte Público,19,1407000200191,1407001111310,33,3066,3119,PP
Transporte Público,19,1407000200257,1407000430295,36,3069,3096,PP
Transporte Público,19,1407000201221,1407000210736,9,3075,3082,PP
Transporte Público,19,1407000201236,1407000201255,33,3076,3077,PP
Transporte Público,19,1407000210736,1403900010952,9,3082,75,PP
Transporte Público,19,1407000210736,1403900011359,9,3082,111,PP
Transporte Público,19,1407000210736,1407000131429,9,3082,3038,PP
Transporte Público,19,1407000210736,1407000200191,9,3082,3066,PP
Transporte Público,19,1407000210736,14070140A,9,3082,3131,PP
Transporte Público,19,1407000210755,1407000210755,18,3084,3084,PP
Transporte Público,19,1407000210755,1407000431147,9,3084,3115,PP
Transporte Público,19,1407000211005,1410100011268,10,3087,7078,PP
Transporte Público,19,1407000211109,1407000211109,36,3090,3090,PP
Transporte Público,19,1407000211113,1407000130365,36,3091,3032,PP
Transporte Público,19,1407000211113,1409800010506,36,3091,6017,PP
Transporte Público,19,1407000430295,1407000430308,36,3096,3097,PP
Transporte Público,19,1407000430295,1409800011383,13,3096,6060,PP
Transporte Público,19,1407000430295,14070140A,72,3096,3131,PP
Transporte Público,19,1407000430308,1405100010139,36,3097,2010,PP
Transporte Público,19,1407000430651,141012567,9,3103,7232,PP
Transporte Público,19,1407000430651,1407000430651,9,3103,3103,PP
Transporte Público,19,1407000431024,140980243,9,3111,6237,PP
Transporte Público,19,1407000431024,1407000431024,9,3111,3111,PP
Transporte Público,19,1407000431024,14070140A,9,3111,3131,PP
Transporte Público,19,1407000431039,1407000431039,9,3112,3112,PP
Transporte Público,19,1407000431039,140700021101A,9,3112,3088,PP
Transporte Público,19,1407000431147,1407000201221,9,3115,3075,PP
Transporte Público,19,1407000431147,14097059A,9,3115,5241,PP
Transporte Público,19,1407001111359,1407000011503,99,3123,3026,PP
Transporte Público,19,1407001111359,1410100011592,23,3123,7104,PP
Transporte Público,19,1407001111378,1407000011503,33,3125,3026,PP
Transporte Público,19,1407001111378,1407000210736,9,3125,3082,PP
Transporte Público,19,1407001111378,140510001004A,2,3125,2001,PP
Transporte Público,19,1409700010212,1409700013113,9,5003,5031,PP
Transporte Público,19,1409700010212,1409700250299,59,5003,5086,PP
Transporte Público,19,1409700010212,1409700340250,11,5003,5156,PP
Transporte Público,19,1409700010212,1409700341352,11,5003,5161,PP
Transporte Público,19,1409700010212,1409800012733,52,5003,6159,PP
Transporte Público,19,1409700010532,1409700010918,9,5006,5009,PP
Transporte Público,19,1409700010918,140972416,53,5009,5387,PP
Transporte Público,19,1409700010918,1409700010532,31,5009,5006,PP
Transporte Público,19,1409700010918,1409708352736,31,5009,5323,PP
Transporte Público,19,1409700010918,1409708353378,31,5009,5325,PP
Transporte Público,19,1409700010918,1409800010597,101,5009,6020,PP
Transporte Público,19,1409700010918,1409800012150,13,5009,6112,PP
Transporte Público,19,1409700010918,1409800012555,9,5009,6144,PP
Transporte Público,19,1409700010918,1409800012663,13,5009,6154,PP
Transporte Público,19,1409700010918,1410100010787,131,5009,7040,PP
Transporte Público,19,1409700010918,1412000012929,78,5009,8138,PP
Transporte Público,19,1409700010918,140970001212A,31,5009,5024,PP
Transporte Público,19,1409700010922,1409708234041,53,5010,5292,PP
Transporte Público,19,1409700010922,1409800011383,13,5010,6060,PP
Transporte Público,19,1409700010937,1409700053575,11,5011,5049,PP
Transporte Público,19,1409700010937,1409700320180,59,5011,5136,PP
Transporte Público,19,1409700010941,1409700012134,31,5012,5025,PP
Transporte Público,19,1409700010941,1409800143229,59,5012,6230,PP
Transporte Público,19,1409700012115,1409700012098,31,5023,5021,PP
Transporte Público,19,1409700050655,1407000201397,33,5038,3080,PP
Transporte Público,19,1409700053147,14097059A,11,5043,5241,PP
Transporte Público,19,1409700092810,1404400010098,6,5051,1004,PP
Transporte Público,19,1409700092810,1407000140844,36,5051,3061,PP
Transporte Público,19,1409700092810,1409707771780,32,5051,5247,PP
Transporte Público,19,1409700150956,1407000430806,9,5068,3105,PP
Transporte Público,19,1409700201013,140970602,118,5079,5242,PP
Transporte Público,19,1409700201013,1403900013711,27,5079,261,PP
Transporte Público,19,1409700201013,1409700213842,11,5079,5081,PP
Transporte Público,19,1409700201013,1409700250369,28,5079,5088,PP
Transporte Público,19,1409700201013,1409700340373,11,5079,5157,PP
Transporte Público,19,1409700201013,1409700341352,11,5079,5161,PP
Transporte Público,19,1409700201013,1409708441691,59,5079,5346,PP
Transporte Público,19,1409700201013,1409708843965,59,5079,5379,PP
Transporte Público,19,1409700201013,1409800141114,59,5079,6218,PP
Transporte Público,19,1409700201013,1412000011526,21,5079,8045,PP
Transporte Público,19,1409700201013,1412000012488,16,5079,8101,PP
Transporte Público,19,1409700201013,140980001256A,93,5079,6145,PP
Transporte Público,19,1409700232755,1412000015552,21,5083,8325,PP
Transporte Público,19,1409700250354,1409700250477,28,5087,5091,PP
Transporte Público,19,1409700250369,140970602,28,5088,5242,PP
Transporte Público,19,1409700250462,1409700340250,22,5090,5156,PP
Transporte Público,19,1409700250477,1403900010308,28,5091,18,PP
Transporte Público,19,1409700250477,1409700931028,28,5091,5208,PP
Transporte Público,19,1409700250477,1410100010895,28,5091,7048,PP
Transporte Público,19,1409700250477,1412000010706,28,5091,8020,PP
Transporte Público,19,1409700250763,1409700250369,28,5094,5088,PP
Transporte Público,19,1409700250763,1409708441704,59,5094,5347,PP
Transporte Público,19,1409700250797,1409700010195,9,5097,5001,PP
Transporte Público,19,1409700250797,1409700250369,28,5097,5088,PP
Transporte Público,19,1409700250797,1409700340388,11,5097,5158,PP
Transporte Público,19,1409700250797,1409700353772,54,5097,5179,PP
Transporte Público,19,1409700250797,1409800012150,13,5097,6112,PP
Transporte Público,19,1409700252543,1409704240443,28,5120,5228,PP
Transporte Público,19,1409700312789,1403900011556,6,5133,127,PP
Transporte Público,19,1409700312789,1409800013110,6,5133,6191,PP
Transporte Público,19,1409700320053,140970015,59,5135,5060,PP
Transporte Público,19,1409700320053,140980012,26,5135,6216,PP
Transporte Público,19,1409700320053,1409700250354,28,5135,5087,PP
Transporte Público,19,1409700320053,1409700320180,59,5135,5136,PP
Transporte Público,19,1409700320053,1409800010370,13,5135,6014,PP
Transporte Público,19,1409700320053,1409800012042,42,5135,6105,PP
Transporte Público,19,1409700320053,1409800141129,59,5135,6219,PP
Transporte Público,19,1409700320053,1412000011009,59,5135,8029,PP
Transporte Público,19,1409700320180,140980012,13,5136,6216,PP
Transporte Público,19,1409700320829,1409700320053,59,5143,5135,PP
Transporte Público,19,1409700320829,1409700320284,59,5143,5139,PP
Transporte Público,19,1409700320829,1409708441687,118,5143,5345,PP
Transporte Público,19,1409700321189,140973541,59,5149,5388,PP
Transporte Público,19,1409700321850,1409700320829,59,5154,5143,PP
Transporte Público,19,1409700340250,140970015,11,5156,5060,PP
Transporte Público,19,1409700340250,1409700010212,11,5156,5003,PP
Transporte Público,19,1409700340250,1409700010918,9,5156,5009,PP
Transporte Público,19,1409700340250,1409700250369,28,5156,5088,PP
Transporte Público,19,1409700340250,1409700340373,11,5156,5157,PP
Transporte Público,19,1409700340250,1412002434713,11,5156,8517,PP
Transporte Público,19,1409700340250,140970884397A,59,5156,5380,PP
Transporte Público,19,1409700340373,1409700340373,22,5157,5157,PP
Transporte Público,19,1409700350138,140970602,54,5169,5242,PP
Transporte Público,19,1409700350138,1403900010365,54,5169,23,PP
Transporte Público,19,1409700350138,1407000131448,54,5169,3040,PP
Transporte Público,19,1409700350138,1409700350138,108,5169,5169,PP
Transporte Público,19,1409700350138,1409800010031,54,5169,6001,PP
Transporte Público,19,1409700350138,1409800012752,13,5169,6161,PP
Transporte Público,19,1409700350231,1403900012427,54,5170,201,PP
Transporte Público,19,1409700350231,1409700012115,31,5170,5023,PP
Transporte Público,19,1409700350231,1409800011716,54,5170,6082,PP
Transporte Público,19,1409700350551,1407000140558,26,5172,3055,PP
Transporte Público,19,1409700353734,1409700381795,54,5178,5181,PP
Transporte Público,19,1409700353734,1409700381808,136,5178,5182,PP
Transporte Público,19,1409700353734,1409800011928,54,5178,6099,PP
Transporte Público,19,1409700353734,1409800012428,54,5178,6131,PP
Transporte Público,19,1409700353772,1403900011359,54,5179,111,PP
Transporte Público,19,1409700353772,1403900015328,54,5179,408,PP
Transporte Público,19,1409700353772,1403900015366,54,5179,412,PP
Transporte Público,19,1409700381795,1407000131429,54,5181,3038,PP
Transporte Público,19,1409700381795,1409708221530,272,5181,5252,PP
Transporte Público,19,1409700381795,140970023276A,31,5181,5084,PP
Transporte Público,19,1409700381827,1403900013641,136,5184,255,PP
Transporte Público,19,1409700411259,1407000431147,9,5192,3115,PP
Transporte Público,19,1409700411263,1403900011912,63,5193,160,PP
Transporte Público,19,1409700411263,140510001004A,1,5193,2001,PP
Transporte Público,19,1409700432628,999990006,11,5205,10005,PP
Transporte Público,19,1409700432628,1409700340373,11,5205,5157,PP
Transporte Público,19,1409700931028,1409700250462,28,5208,5090,PP
Transporte Público,19,1409700931028,1412000010602,26,5208,8013,PP
Transporte Público,19,1409700931028,1412000012488,16,5208,8101,PP
Transporte Público,19,1409701150890,140440011,15,5212,1031,PP
Transporte Público,19,1409701152596,1409701152596,33,5217,5217,PP
Transporte Público,19,1409701800301,1409800012979,26,5223,6179,PP
Transporte Público,19,1409701801244,1409708331865,136,5226,5312,PP
Transporte Público,19,1409701801244,1409708441691,59,5226,5346,PP
Transporte Público,19,1409701801244,1409800011237,54,5226,6050,PP
Transporte Público,19,1409701801244,140390001464A,93,5226,345,PP
Transporte Público,19,1409704240443,140973679,31,5228,5390,PP
Transporte Público,19,1409704240443,1409700340250,11,5228,5156,PP
Transporte Público,19,1409704240443,140970023276A,31,5228,5084,PP
Transporte Público,19,1409704240570,1412000011009,21,5229,8029,PP
Transporte Público,19,1409704240975,1412000014380,21,5230,8247,PP
Transporte Público,19,1409704241761,1412000014516,21,5232,8260,PP
Transporte Público,19,1409704241761,140390001165A,63,5232,136,PP
Transporte Público,19,1409704241761,140980001007A,21,5232,6004,PP
Transporte Público,19,1409704241776,1412000011009,21,5233,8029,PP
Transporte Público,19,1409706133931,1412000012261,137,5244,8079,PP
Transporte Público,19,1409706133931,1412000013043,137,5244,8149,PP
Transporte Público,19,1409706133931,141200001244A,77,5244,8097,PP
Transporte Público,19,1409707771780,140440011,15,5247,1031,PP
Transporte Público,19,1409707772365,1407001211518,13,5248,3127,PP
Transporte Público,19,1409708221526,1409708744018,136,5251,5374,PP
Transporte Público,19,1409708221530,1403900013783,93,5252,266,PP
Transporte Público,19,1409708221530,1403900014480,131,5252,329,PP
Transporte Público,19,1409708221530,1409700010922,9,5252,5010,PP
Transporte Público,19,1409708221530,1409700320053,59,5252,5135,PP
Transporte Público,19,1409708221530,1409708221583,136,5252,5257,PP
Transporte Público,19,1409708221530,1409708222469,136,5252,5274,PP
Transporte Público,19,1409708221530,1409708223749,136,5252,5290,PP
Transporte Público,19,1409708221530,1409708432952,53,5252,5342,PP
Transporte Público,19,1409708221530,1409800012659,93,5252,6153,PP
Transporte Público,19,1409708221545,1409708332933,136,5253,5316,PP
Transporte Público,19,1409708221583,1403900011861,136,5257,155,PP
Transporte Público,19,1409708221583,1409800011928,136,5257,6099,PP
Transporte Público,19,1409708221598,140390001546A,125,5258,421,PP
Transporte Público,19,1409708221600,1409700201013,136,5259,5079,PP
Transporte Público,19,1409708221600,1409800011260,136,5259,6053,PP
Transporte Público,19,1409708221901,1409700320180,59,5262,5136,PP
Transporte Público,19,1409708221916,1403900011359,136,5263,111,PP
Transporte Público,19,1409708221916,1403900013529,136,5263,245,PP
Transporte Público,19,1409708221935,1409800013214,54,5265,6199,PP
Transporte Público,19,1409708221969,1409708223058,136,5268,5277,PP
Transporte Público,19,1409708221973,1412000010706,136,5269,8020,PP
Transporte Público,19,1409708223058,1409708223058,136,5277,5277,PP
Transporte Público,19,1409708223700,1409700010918,136,5287,5009,PP
Transporte Público,19,1409708223700,1409708221935,136,5287,5265,PP
Transporte Público,19,1409708234041,1409708234041,59,5292,5292,PP
Transporte Público,19,1409708311649,1409700053147,11,5296,5043,PP
Transporte Público,19,1409708311653,1409708221973,272,5297,5269,PP
Transporte Público,19,1409708312030,140972308,136,5300,5384,PP
Transporte Público,19,1409708312030,1409700350138,162,5300,5169,PP
Transporte Público,19,1409708312030,1409708223043,136,5300,5276,PP
Transporte Público,19,1409708312030,1412000010602,45,5300,8013,PP
Transporte Público,19,1409708312030,1412000015340,26,5300,8312,PP
Transporte Público,19,1409708312030,140970822358A,136,5300,5285,PP
Transporte Público,19,1409708312187,1409708744018,136,5303,5374,PP
Transporte Público,19,1409708312187,1410100010749,131,5303,7036,PP
Transporte Público,19,1409708331865,1409700010922,136,5312,5010,PP
Transporte Público,19,1409708332948,1409800141129,59,5317,6219,PP
Transporte Público,19,1409708333753,1403900012554,136,5321,209,PP
Transporte Público,19,1409708362806,1409800143229,59,5329,6230,PP
Transporte Público,19,1409708432666,1403900015436,372,5336,419,PP
Transporte Público,19,1409708432952,1409708312045,136,5342,5301,PP
Transporte Público,19,1409708441687,1409700250354,59,5345,5087,PP
Transporte Público,19,1409708441687,1409708441687,146,5345,5345,PP
Transporte Público,19,1409708441687,1409708843965,59,5345,5379,PP
Transporte Público,19,1409708441691,1409708441691,59,5346,5346,PP
Transporte Público,19,1409708441691,1412000012505,118,5346,8103,PP
Transporte Público,19,1409708441704,1409700010918,59,5347,5009,PP
Transporte Público,19,1409708531884,1403900011490,136,5358,124,PP
Transporte Público,19,1409708614075,1409708221530,136,5361,5252,PP
Transporte Público,19,1409708622929,1409708333753,272,5364,5321,PP
Transporte Público,19,1409708623414,1407000130350,54,5366,3031,PP
Transporte Público,19,1409708623414,1409700250369,28,5366,5088,PP
Transporte Público,19,1409708623414,1409700320180,59,5366,5136,PP
Transporte Público,19,1409708623414,1409706133946,53,5366,5245,PP
Transporte Público,19,1409708623414,1409800143229,59,5366,6230,PP
Transporte Público,19,1409708623414,1412000014662,28,5366,8273,PP
Transporte Público,19,1409708634111,140980128288A,52,5367,6235,PP
Transporte Público,19,1409708634126,1407000130401,32,5368,3033,PP
Transporte Público,19,1409708744018,1407000430806,9,5374,3105,PP
Transporte Público,19,1409708744022,140980001053A,136,5375,6019,PP
Transporte Público,19,1409708823984,140972308,136,5377,5384,PP
Transporte Público,19,1409708843965,1409708843965,59,5379,5379,PP
Transporte Público,19,1409800010031,1403900010882,140,6001,69,PP
Transporte Público,19,1409800010031,1403900013707,27,6001,260,PP
Transporte Público,19,1409800010031,1407000210736,9,6001,3082,PP
Transporte Público,19,1409800010031,1409700353772,54,6001,5179,PP
Transporte Público,19,1409800010101,1409800010101,136,6006,6006,PP
Transporte Público,19,1409800010101,1410100010452,23,6006,7013,PP
Transporte Público,19,1409800010120,14097059A,136,6008,5241,PP
Transporte Público,19,1409800010262,1403900014743,227,6009,352,PP
Transporte Público,19,1409800010262,1409800010953,101,6009,6029,PP
Transporte Público,19,1409800010262,1409800011190,125,6009,6046,PP
Transporte Público,19,1409800010262,1409800011398,13,6009,6061,PP
Transporte Público,19,1409800010281,1409705603467,59,6010,5239,PP
Transporte Público,19,1409800010281,1409708441704,59,6010,5347,PP
Transporte Público,19,1409800010296,1409700053166,11,6011,5045,PP
Transporte Público,19,1409800010296,1410100011272,10,6011,7079,PP
Transporte Público,19,1409800010347,1409800011078,101,6012,6038,PP
Transporte Público,19,1409800010347,1409800011608,101,6012,6074,PP
Transporte Público,19,1409800010347,1412000012929,77,6012,8138,PP
Transporte Público,19,1409800010351,141011963,164,6013,7230,PP
Transporte Público,19,1409800010370,1403900012592,13,6014,213,PP
Transporte Público,19,1409800010370,1409700010532,32,6014,5006,PP
Transporte Público,19,1409800010370,1412000014446,23,6014,8253,PP
Transporte Público,19,1409800010370,141200001098A,23,6014,8027,PP
Transporte Público,19,1409800010506,1409800010506,246,6017,6017,PP
Transporte Público,19,1409800010506,1409800012199,250,6017,6115,PP
Transporte Público,19,1409800010525,1407000140276,13,6018,3046,PP
Transporte Público,19,1409800010525,1409708221935,136,6018,5265,PP
Transporte Público,19,1409800010525,1409800010525,125,6018,6018,PP
Transporte Público,19,1409800010525,1409800011468,52,6018,6066,PP
Transporte Público,19,1409800010525,1409800012837,13,6018,6169,PP
Transporte Público,19,1409800010525,140980001320A,54,6018,6198,PP
Transporte Público,19,1409800010597,1410100011592,23,6020,7104,PP
Transporte Público,19,1409800010597,141010001250A,23,6020,7143,PP
Transporte Público,19,1409800010671,1403900013656,250,6021,256,PP
Transporte Público,19,1409800010671,1405100020209,12,6021,2017,PP
Transporte Público,19,1409800010671,1409800010525,250,6021,6018,PP
Transporte Público,19,1409800010671,1409800012451,125,6021,6134,PP
Transporte Público,19,1409800010718,1407000430295,36,6023,3096,PP
Transporte Público,19,1409800010718,1409708223077,136,6023,5279,PP
Transporte Público,19,1409800010718,1410100011624,101,6023,7107,PP
Transporte Público,19,1409800010879,141240090,12,6028,9047,PP
Transporte Público,19,1409800010879,1403900012304,136,6028,192,PP
Transporte Público,19,1409800010879,1407000211113,36,6028,3091,PP
Transporte Público,19,1409800010879,1409708223749,136,6028,5290,PP
Transporte Público,19,1409800010879,1409708441691,59,6028,5346,PP
Transporte Público,19,1409800010879,1409800010262,202,6028,6009,PP
Transporte Público,19,1409800010879,1409800011063,303,6028,6037,PP
Transporte Público,19,1409800010879,1410100010679,23,6028,7031,PP
Transporte Público,19,1409800010879,1410100011130,23,6028,7069,PP
Transporte Público,19,1409800010879,1410100011268,10,6028,7078,PP
Transporte Público,19,1409800010879,1412000012469,38,6028,8099,PP
Transporte Público,19,1409800010879,1412000016391,29,6028,8363,PP
Transporte Público,19,1409800010879,140390001400A,272,6028,287,PP
Transporte Público,19,1409800010879,140510001004A,1,6028,2001,PP
Transporte Público,19,1409800010879,140700014083A,72,6028,3060,PP
Transporte Público,19,1409800010879,140970822358A,136,6028,5285,PP
Transporte Público,19,1409800010953,1410100010946,101,6029,7052,PP
Transporte Público,19,1409800010987,1403900012179,93,6032,182,PP
Transporte Público,19,1409800010987,1403900013783,163,6032,266,PP
Transporte Público,19,1409800010991,1405100020196,12,6033,2016,PP
Transporte Público,19,1409800010991,1410100011554,13,6033,7100,PP
Transporte Público,19,1409800010991,1410100272336,13,6033,7207,PP
Transporte Público,19,1409800011063,140980243,9,6037,6237,PP
Transporte Público,19,1409800011063,1410100010471,23,6037,7014,PP
Transporte Público,19,1409800011063,140390001254A,68,6037,208,PP
Transporte Público,19,1409800011078,1403900012319,101,6038,193,PP
Transporte Público,19,1409800011097,1409800010718,101,6040,6023,PP
Transporte Público,19,1409800011167,1409800011576,13,6043,6072,PP
Transporte Público,19,1409800011237,1403900015563,54,6050,431,PP
Transporte Público,19,1409800011237,140980001320A,54,6050,6198,PP
Transporte Público,19,1409800011256,140970602,52,6052,5242,PP
Transporte Público,19,1409800011256,1407000200789,33,6052,3072,PP
Transporte Público,19,1409800011260,140970104,11,6053,5209,PP
Transporte Público,19,1409800011260,1409700010941,9,6053,5012,PP
Transporte Público,19,1409800011260,1409700053503,19,6053,5047,PP
Transporte Público,19,1409800011345,140980001181A,26,6056,6090,PP
Transporte Público,19,1409800011379,1403900013641,101,6059,255,PP
Transporte Público,19,1409800011379,1409800011379,101,6059,6059,PP
Transporte Público,19,1409800011383,1407000130401,13,6060,3033,PP
Transporte Público,19,1409800011383,1407000140276,13,6060,3046,PP
Transporte Público,19,1409800011383,1409708223700,272,6060,5287,PP
Transporte Público,19,1409800011398,1403900011359,26,6061,111,PP
Transporte Público,19,1409800011398,1404400540420,15,6061,1035,PP
Transporte Público,19,1409800011398,1407000131448,54,6061,3040,PP
Transporte Público,19,1409800011398,140510001004A,1,6061,2001,PP
Transporte Público,19,1409800011468,1409800012451,52,6066,6134,PP
Transporte Público,19,1409800011519,1409800010879,136,6069,6028,PP
Transporte Público,19,1409800011519,1410100010537,10,6069,7020,PP
Transporte Público,19,1409800011538,1409800011222,250,6070,6049,PP
Transporte Público,19,1409800011542,1409800011519,136,6071,6069,PP
Transporte Público,19,1409800011542,1409800011542,246,6071,6071,PP
Transporte Público,19,1409800011542,1410100011395,136,6071,7089,PP
Transporte Público,19,1409800011576,1407000130401,13,6072,3033,PP
Transporte Público,19,1409800011576,1409800010718,26,6072,6023,PP
Transporte Público,19,1409800011576,1409800011398,13,6072,6061,PP
Transporte Público,19,1409800011576,1409800011576,13,6072,6072,PP
Transporte Público,19,1409800011576,1409800012752,13,6072,6161,PP
Transporte Público,19,1409800011608,1407000211005,9,6074,3087,PP
Transporte Público,19,1409800011608,1412000011757,101,6074,8054,PP
Transporte Público,19,1409800011608,140980001110A,202,6074,6041,PP
Transporte Público,19,1409800011608,141200001340A,101,6074,8177,PP
Transporte Público,19,1409800011631,1403900014743,52,6075,352,PP
Transporte Público,19,1409800011684,1409800012131,104,6080,6111,PP
Transporte Público,19,1409800011684,1409800012659,93,6080,6153,PP
Transporte Público,19,1409800011716,1409800010879,53,6082,6028,PP
Transporte Público,19,1409800011716,1409800011260,104,6082,6053,PP
Transporte Público,19,1409800011769,1405100020196,12,6085,2016,PP
Transporte Público,19,1409800011769,1409800012004,46,6085,6104,PP
Transporte Público,19,1409800011824,1409800012428,13,6091,6131,PP
Transporte Público,19,1409800011909,1403900014654,93,6097,346,PP
Transporte Público,19,1409800011909,1409800011913,93,6097,6098,PP
Transporte Público,19,1409800011928,140980012,13,6099,6216,PP
Transporte Público,19,1409800011928,1403900010596,86,6099,42,PP
Transporte Público,19,1409800011928,1403900013340,119,6099,239,PP
Transporte Público,19,1409800011928,1403900015099,234,6099,386,PP
Transporte Público,19,1409800011928,1403900015224,131,6099,399,PP
Transporte Público,19,1409800011928,1403900015417,326,6099,417,PP
Transporte Público,19,1409800011928,1403900015559,163,6099,430,PP
Transporte Público,19,1409800011928,1403900015578,93,6099,432,PP
Transporte Público,19,1409800011928,1409700010937,9,6099,5011,PP
Transporte Público,19,1409800011928,1409700250354,28,6099,5087,PP
Transporte Público,19,1409800011928,1409700250369,56,6099,5088,PP
Transporte Público,19,1409800011928,1409700320284,59,6099,5139,PP
Transporte Público,19,1409800011928,1409700350551,54,6099,5172,PP
Transporte Público,19,1409800011928,1409708222469,136,6099,5274,PP
Transporte Público,19,1409800011928,1409708223486,136,6099,5283,PP
Transporte Público,19,1409800011928,1409708312045,272,6099,5301,PP
Transporte Público,19,1409800011928,1409708331865,136,6099,5312,PP
Transporte Público,19,1409800011928,1409708432666,53,6099,5336,PP
Transporte Público,19,1409800011928,1409708622914,52,6099,5363,PP
Transporte Público,19,1409800011928,1409708744022,136,6099,5375,PP
Transporte Público,19,1409800011928,1409708823984,136,6099,5377,PP
Transporte Público,19,1409800011928,1409800010794,125,6099,6025,PP
Transporte Público,19,1409800011928,1409800010987,256,6099,6032,PP
Transporte Público,19,1409800011928,1409800011203,125,6099,6047,PP
Transporte Público,19,1409800011928,1409800011222,126,6099,6049,PP
Transporte Público,19,1409800011928,1409800011928,26,6099,6099,PP
Transporte Público,19,1409800011928,1409800011966,256,6099,6101,PP
Transporte Público,19,1409800011928,1409800012150,26,6099,6112,PP
Transporte Público,19,1409800011928,1409800012377,163,6099,6128,PP
Transporte Público,19,1409800011928,1409800012574,163,6099,6146,PP
Transporte Público,19,1409800011928,1409800012589,163,6099,6147,PP
Transporte Público,19,1409800011928,1409800012697,91,6099,6155,PP
Transporte Público,19,1409800011928,1409800012752,23,6099,6161,PP
Transporte Público,19,1409800011928,1409800012983,13,6099,6180,PP
Transporte Público,19,1409800011928,1409800142019,59,6099,6220,PP
Transporte Público,19,1409800011928,1409801282875,52,6099,6234,PP
Transporte Público,19,1409800011928,1410100010147,10,6099,7001,PP
Transporte Público,19,1409800011928,1410100010749,234,6099,7036,PP
Transporte Público,19,1409800011928,1410100341978,82,6099,7214,PP
Transporte Público,19,1409800011928,1412000010227,100,6099,8002,PP
Transporte Público,19,1409800011928,1412000010231,178,6099,8003,PP
Transporte Público,19,1409800011928,1412000010265,178,6099,8005,PP
Transporte Público,19,1409800011928,1412000011193,88,6099,8035,PP
Transporte Público,19,1409800011928,1412000011206,19,6099,8036,PP
Transporte Público,19,1409800011928,1412000012454,21,6099,8098,PP
Transporte Público,19,1409800011928,1412000012562,267,6099,8109,PP
Transporte Público,19,1409800011928,1412000012647,178,6099,8115,PP
Transporte Público,19,1409800011928,1412000012755,96,6099,8124,PP
Transporte Público,19,1409800011928,1412000012825,96,6099,8130,PP
Transporte Público,19,1409800011928,1412000012948,88,6099,8140,PP
Transporte Público,19,1409800011928,1412000013397,100,6099,8176,PP
Transporte Público,19,1409800011928,1412000013414,21,6099,8178,PP
Transporte Público,19,1409800011928,1412000013575,30,6099,8189,PP
Transporte Público,19,1409800011928,1412000013700,190,6099,8201,PP
Transporte Público,19,1409800011928,1412000015552,21,6099,8325,PP
Transporte Público,19,1409800011928,1412002434709,13,6099,8516,PP
Transporte Público,19,1409800011928,140970822358A,272,6099,5285,PP
Transporte Público,19,1409800011928,140970862340A,106,6099,5365,PP
Transporte Público,19,1409800011951,1409800012112,13,6100,6110,PP
Transporte Público,19,1409800012042,1409800011256,21,6105,6052,PP
Transporte Público,19,1409800012112,1409800012131,13,6110,6111,PP
Transporte Público,19,1409800012131,1409800012150,13,6111,6112,PP
Transporte Público,19,1409800012150,1403900014743,13,6112,352,PP
Transporte Público,19,1409800012150,1409800011928,13,6112,6099,PP
Transporte Público,19,1409800012150,1409800012663,23,6112,6154,PP
Transporte Público,19,1409800012150,1412000015552,21,6112,8325,PP
Transporte Público,19,1409800012165,1409800011078,101,6113,6038,PP
Transporte Público,19,1409800012199,1403900011170,227,6115,96,PP
Transporte Público,19,1409800012199,1409800012199,250,6115,6115,PP
Transporte Público,19,1409800012216,1409800011576,13,6117,6072,PP
Transporte Público,19,1409800012216,1409800011608,202,6117,6074,PP
Transporte Público,19,1409800012220,1409800011398,13,6118,6061,PP
Transporte Público,19,1409800012254,140980001053A,101,6121,6019,PP
Transporte Público,19,1409800012377,1403900013783,163,6128,266,PP
Transporte Público,19,1409800012377,1403900014654,279,6128,346,PP
Transporte Público,19,1409800012377,1412000010405,93,6128,8011,PP
Transporte Público,19,1409800012381,140973679,31,6129,5390,PP
Transporte Público,19,1409800012381,1403900012569,48,6129,210,PP
Transporte Público,19,1409800012381,1403900013694,27,6129,259,PP
Transporte Público,19,1409800012381,1404400020115,7,6129,1014,PP
Transporte Público,19,1409800012381,1409708221935,136,6129,5265,PP
Transporte Público,19,1409800012381,1409708222168,136,6129,5271,PP
Transporte Público,19,1409800012381,1409708531884,242,6129,5358,PP
Transporte Público,19,1409800012381,1409800012150,13,6129,6112,PP
Transporte Público,19,1409800012381,1410100010452,23,6129,7013,PP
Transporte Público,19,1409800012381,1412000011206,19,6129,8036,PP
Transporte Público,19,1409800012381,1412000012469,21,6129,8099,PP
Transporte Público,19,1409800012381,1412000012863,30,6129,8133,PP
Transporte Público,19,1409800012381,140980001053A,48,6129,6019,PP
Transporte Público,19,1409800012413,1403900014353,136,6130,318,PP
Transporte Público,19,1409800012413,1409800011383,13,6130,6060,PP
Transporte Público,19,1409800012428,140980243,9,6131,6237,PP
Transporte Público,19,1409800012428,1407000431147,9,6131,3115,PP
Transporte Público,19,1409800012428,140980001007A,136,6131,6004,PP
Transporte Público,19,1409800012432,1403900012427,125,6132,201,PP
Transporte Público,19,1409800012432,1407000131429,108,6132,3038,PP
Transporte Público,19,1409800012432,1409708234041,94,6132,5292,PP
Transporte Público,19,1409800012432,1412000011899,95,6132,8063,PP
Transporte Público,19,1409800012432,1412000016071,95,6132,8350,PP
Transporte Público,19,1409800012432,1412000017116,95,6132,8416,PP
Transporte Público,19,1409800012432,140970862290A,53,6132,5362,PP
Transporte Público,19,1409800012451,140390001350A,82,6134,243,PP
Transporte Público,19,1409800012451,140390001496A,226,6134,373,PP
Transporte Público,19,1409800012451,140700043090A,72,6134,3107,PP
Transporte Público,19,1409800012466,1403900011359,125,6135,111,PP
Transporte Público,19,1409800012485,1409800012150,13,6137,6112,PP
Transporte Público,19,1409800012485,1409800012485,23,6137,6137,PP
Transporte Público,19,1409800012485,1410100010594,62,6137,7024,PP
Transporte Público,19,1409800012555,1412000015552,42,6144,8325,PP
Transporte Público,19,1409800012555,140980001053A,93,6144,6019,PP
Transporte Público,19,1409800012574,1403900014654,93,6146,346,PP
Transporte Público,19,1409800012574,1409800010370,13,6146,6014,PP
Transporte Público,19,1409800012625,1403900011359,101,6150,111,PP
Transporte Público,19,1409800012625,1409800012625,101,6150,6150,PP
Transporte Público,19,1409800012625,1412000010710,101,6150,8021,PP
Transporte Público,19,1409800012659,1403900014654,93,6153,346,PP
Transporte Público,19,1409800012659,1409800011928,93,6153,6099,PP
Transporte Público,19,1409800012659,1409800012856,93,6153,6171,PP
Transporte Público,19,1409800012663,1409800010084,13,6154,6005,PP
Transporte Público,19,1409800012663,1409800011928,13,6154,6099,PP
Transporte Público,19,1409800012663,1409800012413,13,6154,6130,PP
Transporte Público,19,1409800012697,1407000131429,108,6155,3038,PP
Transporte Público,19,1409800012714,140972416,9,6157,5387,PP
Transporte Público,19,1409800012714,1403900011626,52,6157,133,PP
Transporte Público,19,1409800012714,1407000201236,52,6157,3076,PP
Transporte Público,19,1409800012714,1409800143159,52,6157,6228,PP
Transporte Público,19,1409800012733,1409800011720,52,6159,6083,PP
Transporte Público,19,1409800012748,1409800012733,52,6160,6159,PP
Transporte Público,19,1409800012752,1407000130401,26,6161,3033,PP
Transporte Público,19,1409800012752,1407000430295,36,6161,3096,PP
Transporte Público,19,1409800012752,1409800012752,13,6161,6161,PP
Transporte Público,19,1409800012767,1409701800301,13,6162,5223,PP
Transporte Público,19,1409800012767,1409800012659,93,6162,6153,PP
Transporte Público,19,1409800012767,1409800012752,13,6162,6161,PP
Transporte Público,19,1409800012767,1409800013182,13,6162,6196,PP
Transporte Público,19,1409800012767,140980001256A,93,6162,6145,PP
Transporte Público,19,1409800012771,1409800011877,13,6163,6096,PP
Transporte Público,19,1409800012786,1412000010392,101,6164,8010,PP
Transporte Público,19,1409800012790,1403900013707,27,6165,260,PP
Transporte Público,19,1409800012790,1409800012625,202,6165,6150,PP
Transporte Público,19,1409800012837,1409800012413,13,6169,6130,PP
Transporte Público,19,1409800012841,1403900011607,13,6170,132,PP
Transporte Público,19,1409800012860,1409800010370,39,6172,6014,PP
Transporte Público,19,1409800012930,1409800011398,13,6177,6061,PP
Transporte Público,19,1409800012930,1409800011608,13,6177,6074,PP
Transporte Público,19,1409800012983,140390001101A,13,6180,81,PP
Transporte Público,19,1409800013055,1403900012605,23,6185,214,PP
Transporte Público,19,1409800013055,1409800010879,23,6185,6028,PP
Transporte Público,19,1409800013110,1409800012837,23,6191,6169,PP
Transporte Público,19,1409800013197,1409800011576,13,6197,6072,PP
Transporte Público,19,1409800013214,1409800013214,54,6199,6199,PP
Transporte Público,19,1409800013214,1412000014431,54,6199,8252,PP
Transporte Público,19,1409800013394,1410100010946,23,6214,7052,PP
Transporte Público,19,1409800013394,1410100011554,23,6214,7100,PP
Transporte Público,19,1409800140027,1409708532238,59,6217,5360,PP
Transporte Público,19,1409800141114,140970602,236,6218,5242,PP
Transporte Público,19,1409800141114,1407000210967,9,6218,3086,PP
Transporte Público,19,1409800141114,1409708623414,59,6218,5366,PP
Transporte Público,19,1409800141114,1412000012488,16,6218,8101,PP
Transporte Público,19,1409800141129,140980012,59,6219,6216,PP
Transporte Público,19,1409800141129,1409700010922,10,6219,5010,PP
Transporte Público,19,1409800141129,1409704241761,21,6219,5232,PP
Transporte Público,19,1409800141129,140970032027A,118,6219,5138,PP
Transporte Público,19,1409800142019,1409700010212,59,6220,5003,PP
Transporte Público,19,1409800142023,140980012,59,6221,6216,PP
Transporte Público,19,1409800142023,1409800141114,59,6221,6218,PP
Transporte Público,19,1409800142127,1409700342505,59,6223,5165,PP
Transporte Público,19,1409800143159,1409700250354,28,6228,5087,PP
Transporte Público,19,1409800143159,140980001256A,93,6228,6145,PP
Transporte Público,19,1409800143229,1412000010937,137,6230,8025,PP
Transporte Público,19,1409800143229,1412000011653,77,6230,8049,PP
Transporte Público,19,1409800143229,1412000012346,77,6230,8087,PP
Transporte Público,19,1409800143229,1412000012929,274,6230,8138,PP
Transporte Público,19,1409800143248,1409704241761,21,6232,5232,PP
Transporte Público,19,1410100010147,1403900011645,10,7001,135,PP
Transporte Público,19,1410100010147,1403900012357,10,7001,195,PP
Transporte Público,19,1410100010147,1403900013177,10,7001,234,PP
Transporte Público,19,1410100010147,1403900013660,10,7001,257,PP
Transporte Público,19,1410100010147,1403900014531,10,7001,334,PP
Transporte Público,19,1410100010147,1403900014832,10,7001,360,PP
Transporte Público,19,1410100010147,1410100010147,10,7001,7001,PP
Transporte Público,19,1410100010147,1410100010151,20,7001,7002,PP
Transporte Público,19,1410100010147,1410100010397,10,7001,7009,PP
Transporte Público,19,1410100010147,1410100011554,10,7001,7100,PP
Transporte Público,19,1410100010147,1410100091677,62,7001,7155,PP
Transporte Público,19,1410100010147,1410100092586,62,7001,7190,PP
Transporte Público,19,1410100010147,1412000013293,10,7001,8170,PP
Transporte Público,19,1410100010147,141200001098A,10,7001,8027,PP
Transporte Público,19,1410100010151,1410100010151,10,7002,7002,PP
Transporte Público,19,1410100010310,1410100312317,13,7005,7211,PP
Transporte Público,19,1410100010310,1412000012280,82,7005,8081,PP
Transporte Público,19,1410100010363,1410100010378,131,7006,7007,PP
Transporte Público,19,1410100010378,1410100011268,20,7007,7078,PP
Transporte Público,19,1410100010382,1410100011126,23,7008,7068,PP
Transporte Público,19,1410100010382,1410100011268,40,7008,7078,PP
Transporte Público,19,1410100010397,140980243,10,7009,6237,PP
Transporte Público,19,1410100010397,1410100010147,10,7009,7001,PP
Transporte Público,19,1410100010433,140701467,13,7011,3133,PP
Transporte Público,19,1410100010433,1410100010433,101,7011,7011,PP
Transporte Público,19,1410100010433,1410100011592,23,7011,7104,PP
Transporte Público,19,1410100010448,1410100010679,23,7012,7031,PP
Transporte Público,19,1410100010452,1409800011345,23,7013,6056,PP
Transporte Público,19,1410100010452,1410100010471,23,7013,7014,PP
Transporte Público,19,1410100010471,1409800011345,23,7014,6056,PP
Transporte Público,19,1410100010471,14097059A,23,7014,5241,PP
Transporte Público,19,1410100010486,1412000011297,267,7015,8041,PP
Transporte Público,19,1410100010486,1412000011920,152,7015,8065,PP
Transporte Público,19,1410100010486,1412000014431,267,7015,8252,PP
Transporte Público,19,1410100010486,1412000015459,152,7015,8317,PP
Transporte Público,19,1410100010486,141200001454A,534,7015,8263,PP
Transporte Público,19,1410100010490,1410100010537,10,7016,7020,PP
Transporte Público,19,1410100010490,1410100011268,10,7016,7078,PP
Transporte Público,19,1410100010490,1410100091465,62,7016,7151,PP
Transporte Público,19,1410100010537,1403900010064,10,7020,4,PP
Transporte Público,19,1410100010537,1403900011626,11,7020,133,PP
Transporte Público,19,1410100010537,1409800010597,10,7020,6020,PP
Transporte Público,19,1410100010537,1410100010537,20,7020,7020,PP
Transporte Público,19,1410100010541,1403900014211,131,7021,307,PP
Transporte Público,19,1410100010541,1403900015012,262,7021,378,PP
Transporte Público,19,1410100010541,1410100010645,131,7021,7029,PP
Transporte Público,19,1410100010626,1410100091465,62,7027,7151,PP
Transporte Público,19,1410100010645,1403900011537,131,7029,126,PP
Transporte Público,19,1410100010645,1409800012767,13,7029,6162,PP
Transporte Público,19,1410100010645,1410100011272,10,7029,7079,PP
Transporte Público,19,1410100010645,1410100091465,124,7029,7151,PP
Transporte Público,19,1410100010645,1410100312317,13,7029,7211,PP
Transporte Público,19,1410100010679,141012552,23,7031,7231,PP
Transporte Público,19,1410100010679,1410100010448,23,7031,7012,PP
Transporte Público,19,1410100010679,1410100010679,23,7031,7031,PP
Transporte Público,19,1410100010679,1410100010946,23,7031,7052,PP
Transporte Público,19,1410100010679,1410100011554,23,7031,7100,PP
Transporte Público,19,1410100010679,1410101902374,13,7031,7224,PP
Transporte Público,19,1410100010753,1410100010700,131,7037,7032,PP
Transporte Público,19,1410100010768,1403900015366,131,7038,412,PP
Transporte Público,19,1410100010768,1410100010768,131,7038,7038,PP
Transporte Público,19,1410100010819,1403900011359,131,7042,111,PP
Transporte Público,19,1410100010819,1404400100238,15,7042,1028,PP
Transporte Público,19,1410100010823,1403900011626,82,7043,133,PP
Transporte Público,19,1410100010823,1410100010927,82,7043,7050,PP
Transporte Público,19,1410100010823,1410100010931,82,7043,7051,PP
Transporte Público,19,1410100010895,1403900011359,82,7048,111,PP
Transporte Público,19,1410100010895,1410100010823,82,7048,7043,PP
Transporte Público,19,1410100010895,1410100092143,82,7048,7172,PP
Transporte Público,19,1410100010895,1412000010937,77,7048,8025,PP
Transporte Público,19,1410100010912,1407001211518,26,7049,3127,PP
Transporte Público,19,1410100010912,1409800012822,202,7049,6168,PP
Transporte Público,19,1410100010912,1410100010537,10,7049,7020,PP
Transporte Público,19,1410100010912,1410100010927,77,7049,7050,PP
Transporte Público,19,1410100010927,141011963,62,7050,7230,PP
Transporte Público,19,1410100010927,1407000140346,63,7050,3048,PP
Transporte Público,19,1410100010927,1410100010147,20,7050,7001,PP
Transporte Público,19,1410100010927,1410100010537,10,7050,7020,PP
Transporte Público,19,1410100010927,1410100010857,164,7050,7045,PP
Transporte Público,19,1410100010927,1410100010950,82,7050,7053,PP
Transporte Público,19,1410100010927,1410100011037,82,7050,7061,PP
Transporte Público,19,1410100010927,1410100011268,10,7050,7078,PP
Transporte Público,19,1410100010927,1410100011592,23,7050,7104,PP
Transporte Público,19,1410100010927,1410100012016,131,7050,7127,PP
Transporte Público,19,1410100010927,1410100012054,164,7050,7131,PP
Transporte Público,19,1410100010927,1410100091450,62,7050,7150,PP
Transporte Público,19,1410100010927,1410100091465,62,7050,7151,PP
Transporte Público,19,1410100010927,1410100312317,26,7050,7211,PP
Transporte Público,19,1410100010931,141011963,62,7051,7230,PP
Transporte Público,19,1410100010931,1403900010115,114,7051,6,PP
Transporte Público,19,1410100010931,1407000131429,54,7051,3038,PP
Transporte Público,19,1410100010931,1410100092105,62,7051,7168,PP
Transporte Público,19,1410100010931,1412000015459,152,7051,8317,PP
Transporte Público,19,1410100010931,141200758080A,33,7051,8539,PP
Transporte Público,19,1410100010946,1403900014442,128,7052,325,PP
Transporte Público,19,1410100010946,1409800010953,101,7052,6029,PP
Transporte Público,19,1410100010946,1409800013182,101,7052,6196,PP
Transporte Público,19,1410100010946,1410100010471,23,7052,7014,PP
Transporte Público,19,1410100010946,1410100010679,23,7052,7031,PP
Transporte Público,19,1410100010946,1410100010819,131,7052,7042,PP
Transporte Público,19,1410100010946,1410100010912,82,7052,7049,PP
Transporte Público,19,1410100010946,1410100011126,23,7052,7068,PP
Transporte Público,19,1410100010946,1410100011554,13,7052,7100,PP
Transporte Público,19,1410100010946,1410100011592,23,7052,7104,PP
Transporte Público,19,1410100010946,1410100091910,62,7052,7163,PP
Transporte Público,19,1410100010946,1410100220024,82,7052,7193,PP
Transporte Público,19,1410100010946,1410100272336,13,7052,7207,PP
Transporte Público,19,1410100010946,1410100272340,13,7052,7208,PP
Transporte Público,19,1410100010950,1410100010397,82,7053,7009,PP
Transporte Público,19,1410100010950,1410100010965,164,7053,7054,PP
Transporte Público,19,1410100010950,1410100092410,62,7053,7187,PP
Transporte Público,19,1410100010999,1410100010946,82,7057,7052,PP
Transporte Público,19,1410100010999,1410100011639,101,7057,7108,PP
Transporte Público,19,1410100011003,1403900015012,82,7058,378,PP
Transporte Público,19,1410100011003,140980001053A,82,7058,6019,PP
Transporte Público,19,1410100011037,1410100010912,82,7061,7049,PP
Transporte Público,19,1410100011094,1410100010912,62,7066,7049,PP
Transporte Público,19,1410100011126,1409800013394,46,7068,6214,PP
Transporte Público,19,1410100011126,1410100010946,23,7068,7052,PP
Transporte Público,19,1410100011126,1410100011573,13,7068,7102,PP
Transporte Público,19,1410100011126,1410100260698,23,7068,7198,PP
Transporte Público,19,1410100011130,1409800011063,404,7069,6037,PP
Transporte Público,19,1410100011130,1409800012004,23,7069,6104,PP
Transporte Público,19,1410100011130,1410100011130,23,7069,7069,PP
Transporte Público,19,1410100011130,1410100312321,13,7069,7212,PP
Transporte Público,19,1410100011164,1412000011723,267,7072,8052,PP
Transporte Público,19,1410100011164,1412000011935,152,7072,8066,PP
Transporte Público,19,1410100011164,141200001194A,152,7072,8067,PP
Transporte Público,19,1410100011200,1410100010679,20,7076,7031,PP
Transporte Público,19,1410100011200,141010001250A,23,7076,7143,PP
Transporte Público,19,1410100011268,1403900011556,10,7078,127,PP
Transporte Público,19,1410100011268,1403900015633,10,7078,438,PP
Transporte Público,19,1410100011268,1410100010147,10,7078,7001,PP
Transporte Público,19,1410100011268,1410100010471,23,7078,7014,PP
Transporte Público,19,1410100011268,1410100011268,20,7078,7078,PP
Transporte Público,19,1410100011268,1410100011997,10,7078,7125,PP
Transporte Público,19,1410100011304,1410100010700,262,7082,7032,PP
Transporte Público,19,1410100011319,1410100010594,62,7083,7024,PP
Transporte Público,19,1410100011319,1410100011268,10,7083,7078,PP
Transporte Público,19,1410100011319,1410100091677,124,7083,7155,PP
Transporte Público,19,1410100011338,1403900011170,63,7085,96,PP
Transporte Público,19,1410100011338,1407000131429,54,7085,3038,PP
Transporte Público,19,1410100011338,1409800013182,101,7085,6196,PP
Transporte Público,19,1410100011338,1410100010452,23,7085,7013,PP
Transporte Público,19,1410100011357,1410100012020,136,7086,7128,PP
Transporte Público,19,1410100011357,1412000016423,136,7086,8364,PP
Transporte Público,19,1410100011395,1412000016423,136,7089,8364,PP
Transporte Público,19,1410100011554,1410100010679,13,7100,7031,PP
Transporte Público,19,1410100011554,141010027236A,13,7100,7210,PP
Transporte Público,19,1410100011573,1410100011126,23,7102,7068,PP
Transporte Público,19,1410100011573,1410100011592,23,7102,7104,PP
Transporte Público,19,1410100011573,1410100272336,13,7102,7207,PP
Transporte Público,19,1410100011588,1405100020213,12,7103,2018,PP
Transporte Público,19,1410100011592,1403900013694,23,7104,259,PP
Transporte Público,19,1410100011592,1403900014230,23,7104,309,PP
Transporte Público,19,1410100011592,1410100011041,23,7104,7062,PP
Transporte Público,19,1410100011592,1410100011592,23,7104,7104,PP
Transporte Público,19,1410100011605,141011963,82,7105,7230,PP
Transporte Público,19,1410100011624,1412000014060,95,7107,8219,PP
Transporte Público,19,1410100011624,1412000014889,53,7107,8286,PP
Transporte Público,19,1410100011624,1412000015849,95,7107,8340,PP
Transporte Público,19,1410100011639,1409800010597,102,7108,6020,PP
Transporte Público,19,1410100011639,1409800011059,101,7108,6036,PP
Transporte Público,19,1410100011639,1410100011554,13,7108,7100,PP
Transporte Público,19,1410100011982,141011963,62,7124,7230,PP
Transporte Público,19,1410100011997,1403900011081,62,7125,87,PP
Transporte Público,19,1410100011997,1410100092213,62,7125,7179,PP
Transporte Público,19,1410100012001,1409800012273,202,7126,6123,PP
Transporte Público,19,1410100012001,1410100010397,62,7126,7009,PP
Transporte Público,19,1410100012054,1409800012273,101,7131,6123,PP
Transporte Público,19,1410100012054,1409800013394,46,7131,6214,PP
Transporte Público,19,1410100012054,1410100010452,23,7131,7013,PP
Transporte Público,19,1410100012069,1410100010151,10,7132,7002,PP
Transporte Público,19,1410100091450,1410100010397,124,7150,7009,PP
Transporte Público,19,1410100091450,1410100010594,62,7150,7024,PP
Transporte Público,19,1410100091450,1410100091910,62,7150,7163,PP
Transporte Público,19,1410100091465,1410100010984,124,7151,7056,PP
Transporte Público,19,1410100091465,1410100091677,124,7151,7155,PP
Transporte Público,19,1410100091465,1410100091802,62,7151,7159,PP
Transporte Público,19,1410100091520,1410100092181,124,7152,7176,PP
Transporte Público,19,1410100091802,1403900012291,62,7159,191,PP
Transporte Público,19,1410100091802,1410100010946,62,7159,7052,PP
Transporte Público,19,1410100091802,140970822194A,62,7159,5266,PP
Transporte Público,19,1410100092213,1410100011997,62,7179,7125,PP
Transporte Público,19,1410100092410,1410100091450,62,7187,7150,PP
Transporte Público,19,1410100260698,1410100010679,23,7198,7031,PP
Transporte Público,19,1410100260698,1410100011126,23,7198,7068,PP
Transporte Público,19,1410100260698,1410100011554,13,7198,7100,PP
Transporte Público,19,1410100260698,141010027236A,13,7198,7210,PP
Transporte Público,19,1410100272336,1410100272340,13,7207,7208,PP
Transporte Público,19,1410100272336,141010027236A,14,7207,7210,PP
Transporte Público,19,1410100272355,1409800012822,101,7209,6168,PP
Transporte Público,19,1410100312317,1403900011626,13,7211,133,PP
Transporte Público,19,1410100312321,1405100020213,13,7212,2018,PP
Transporte Público,19,1410100380132,1409800013322,101,7219,6207,PP
Transporte Público,19,1410100380166,1410100011554,53,7220,7100,PP
Transporte Público,19,1412000010212,1412000012609,62,8001,8111,PP
Transporte Público,19,1412000010212,1412000014198,62,8001,8228,PP
Transporte Público,19,1412000010212,1412002312079,14,8001,8468,PP
Transporte Público,19,1412000010227,1412000012172,96,8002,8072,PP
Transporte Público,19,1412000010227,1412000015548,54,8002,8324,PP
Transporte Público,19,1412000010231,1409800011951,93,8003,6100,PP
Transporte Público,19,1412000010231,1409800012574,163,8003,6146,PP
Transporte Público,19,1412000010231,1410100010202,234,8003,7004,PP
Transporte Público,19,1412000010231,1410100010541,131,8003,7021,PP
Transporte Público,19,1412000010231,1410100010787,234,8003,7040,PP
Transporte Público,19,1412000010231,1412000015143,27,8003,8296,PP
Transporte Público,19,1412000010231,140980001256A,163,8003,6145,PP
Transporte Público,19,1412000010246,140390001165A,100,8004,136,PP
Transporte Público,19,1412000010265,140980012,13,8005,6216,PP
Transporte Público,19,1412000010354,1403900010064,114,8007,4,PP
Transporte Público,19,1412000010354,1410100010147,10,8007,7001,PP
Transporte Público,19,1412000010354,1410100010537,10,8007,7020,PP
Transporte Público,19,1412000010354,1410100011268,18,8007,7078,PP
Transporte Público,19,1412000010354,1412000014249,100,8007,8233,PP
Transporte Público,19,1412000010354,1412000016067,53,8007,8349,PP
Transporte Público,19,1412000010405,1403900010473,128,8011,33,PP
Transporte Público,19,1412000010405,1403900013590,128,8011,251,PP
Transporte Público,19,1412000010405,1403900013891,226,8011,276,PP
Transporte Público,19,1412000010405,1405100020181,12,8011,2015,PP
Transporte Público,19,1412000010405,1407000130435,36,8011,3036,PP
Transporte Público,19,1412000010405,1407000201397,33,8011,3080,PP
Transporte Público,19,1412000010405,1407000211113,73,8011,3091,PP
Transporte Público,19,1412000010405,1409700012115,31,8011,5023,PP
Transporte Público,19,1412000010405,1409800012199,250,8011,6115,PP
Transporte Público,19,1412000010405,1409800012767,69,8011,6162,PP
Transporte Público,19,1412000010405,1410100010147,10,8011,7001,PP
Transporte Público,19,1412000010405,1410100220024,82,8011,7193,PP
Transporte Público,19,1412000010405,1410100312317,39,8011,7211,PP
Transporte Público,19,1412000010405,1412000010814,62,8011,8022,PP
Transporte Público,19,1412000010405,1412000011206,11,8011,8036,PP
Transporte Público,19,1412000010405,1412000012172,54,8011,8072,PP
Transporte Público,19,1412000010405,1412000012647,200,8011,8115,PP
Transporte Público,19,1412000010405,1412000013062,77,8011,8151,PP
Transporte Público,19,1412000010405,1412000013185,100,8011,8162,PP
Transporte Público,19,1412000010405,1412000017135,75,8011,8418,PP
Transporte Público,19,1412000010405,1412002065054,2,8011,8462,PP
Transporte Público,19,1412000010405,1412002314164,14,8011,8477,PP
Transporte Público,19,1412000010405,140390001101A,100,8011,81,PP
Transporte Público,19,1412000010405,140390001140A,63,8011,116,PP
Transporte Público,19,1412000010405,140510001004A,1,8011,2001,PP
Transporte Público,19,1412000010405,140980001135A,125,8011,6057,PP
Transporte Público,19,1412000010405,141200001187A,178,8011,8061,PP
Transporte Público,19,1412000010405,141200001739A,18,8011,8437,PP
Transporte Público,19,1412000010547,1403900013088,128,8012,232,PP
Transporte Público,19,1412000010602,1412000010640,152,8013,8016,PP
Transporte Público,19,1412000010602,1412000012492,26,8013,8102,PP
Transporte Público,19,1412000010617,140980012,13,8014,6216,PP
Transporte Público,19,1412000010617,1409800012150,46,8014,6112,PP
Transporte Público,19,1412000010617,1412000010405,62,8014,8011,PP
Transporte Público,19,1412000010617,1412000010617,62,8014,8014,PP
Transporte Público,19,1412000010617,1412000011193,49,8014,8035,PP
Transporte Público,19,1412000010617,1412000012420,62,8014,8095,PP
Transporte Público,19,1412000010617,1412000012613,356,8014,8112,PP
Transporte Público,19,1412000010617,1412000012666,178,8014,8117,PP
Transporte Público,19,1412000010617,1412000012952,112,8014,8141,PP
Transporte Público,19,1412000010617,1412000013575,62,8014,8189,PP
Transporte Público,19,1412000010617,1412000013594,19,8014,8190,PP
Transporte Público,19,1412000010617,1412000016512,31,8014,8368,PP
Transporte Público,19,1412000010617,1412007580759,33,8014,8537,PP
Transporte Público,19,1412000010617,141200001066A,100,8014,8018,PP
Transporte Público,19,1412000010636,140972416,53,8015,5387,PP
Transporte Público,19,1412000010636,1409708234003,94,8015,5291,PP
Transporte Público,19,1412000010636,1409708362806,94,8015,5329,PP
Transporte Público,19,1412000010636,1409708432702,53,8015,5340,PP
Transporte Público,19,1412000010636,1409708432717,94,8015,5341,PP
Transporte Público,19,1412000010636,1412000010636,53,8015,8015,PP
Transporte Público,19,1412000010636,140970862290A,106,8015,5362,PP
Transporte Público,19,1412000010636,140970862340A,241,8015,5365,PP
Transporte Público,19,1412000010640,1409708223700,136,8016,5287,PP
Transporte Público,19,1412000010640,1409801282875,52,8016,6234,PP
Transporte Público,19,1412000010640,140970822358A,242,8016,5285,PP
Transporte Público,19,1412000010706,1409700341352,11,8020,5161,PP
Transporte Público,19,1412000010706,1412000012454,21,8020,8098,PP
Transporte Público,19,1412000010706,1412000013594,22,8020,8190,PP
Transporte Público,19,1412000010706,1412000015340,26,8020,8312,PP
Transporte Público,19,1412000010706,141200001707A,26,8020,8412,PP
Transporte Público,19,1412000010710,1409700010195,9,8021,5001,PP
Transporte Público,19,1412000010710,141200758080A,33,8021,8539,PP
Transporte Público,19,1412000010890,1409700340250,19,8023,5156,PP
Transporte Público,19,1412000010890,1409700340388,11,8023,5158,PP
Transporte Público,19,1412000010937,1412000014338,27,8025,8242,PP
Transporte Público,19,1412000010975,1412000013077,77,8026,8152,PP
Transporte Público,19,1412000010975,1412000014889,106,8026,8286,PP
Transporte Público,19,1412000010994,1412002316230,75,8028,8493,PP
Transporte Público,19,1412000011009,1403900013656,702,8029,256,PP
Transporte Público,19,1412000011009,1403900014014,125,8029,288,PP
Transporte Público,19,1412000011009,1409800011434,52,8029,6063,PP
Transporte Público,19,1412000011009,1412000011206,11,8029,8036,PP
Transporte Público,19,1412000011009,1412000013575,19,8029,8189,PP
Transporte Público,19,1412000011009,1412000013876,54,8029,8213,PP
Transporte Público,19,1412000011009,1412002314145,14,8029,8475,PP
Transporte Público,19,1412000011009,1412002315779,38,8029,8487,PP
Transporte Público,19,1412000011009,1412002316989,75,8029,8507,PP
Transporte Público,19,1412000011009,141200001326A,62,8029,8167,PP
Transporte Público,19,1412000011009,141200758080A,33,8029,8539,PP
Transporte Público,19,1412000011032,1403900013177,140,8030,234,PP
Transporte Público,19,1412000011032,1412000012280,77,8030,8081,PP
Transporte Público,19,1412000011032,1412000012825,54,8030,8130,PP
Transporte Público,19,1412000011032,1412000013113,144,8030,8155,PP
Transporte Público,19,1412000011032,1412000013819,48,8030,8210,PP
Transporte Público,19,1412000011032,1412000015158,48,8030,8297,PP
Transporte Público,19,1412000011032,1412000015533,54,8030,8323,PP
Transporte Público,19,1412000011121,141200001098A,100,8031,8027,PP
Transporte Público,19,1412000011155,1403900012126,119,8032,177,PP
Transporte Público,19,1412000011155,1403900014052,68,8032,292,PP
Transporte Público,19,1412000011155,1403900015652,68,8032,440,PP
Transporte Público,19,1412000011155,1412000010617,62,8032,8014,PP
Transporte Público,19,1412000011189,1403900011185,63,8034,97,PP
Transporte Público,19,1412000011189,1410100010768,131,8034,7038,PP
Transporte Público,19,1412000011193,1409800011928,49,8035,6099,PP
Transporte Público,19,1412000011206,141012567,14,8036,7232,PP
Transporte Público,19,1412000011206,1403900011293,43,8036,105,PP
Transporte Público,19,1412000011206,1409700050335,11,8036,5035,PP
Transporte Público,19,1412000011206,1409700320053,59,8036,5135,PP
Transporte Público,19,1412000011206,1409708843965,104,8036,5379,PP
Transporte Público,19,1412000011206,1410101902374,23,8036,7224,PP
Transporte Público,19,1412000011206,1412000010617,11,8036,8014,PP
Transporte Público,19,1412000011206,1412000011206,11,8036,8036,PP
Transporte Público,19,1412000011206,1412000013575,11,8036,8189,PP
Transporte Público,19,1412000011206,1412000015266,11,8036,8305,PP
Transporte Público,19,1412000011206,1412000016090,11,8036,8352,PP
Transporte Público,19,1412000011210,1403900011683,140,8037,139,PP
Transporte Público,19,1412000011210,1412000010617,49,8037,8014,PP
Transporte Público,19,1412000011210,1412000013984,49,8037,8217,PP
Transporte Público,19,1412000011210,1412000016391,28,8037,8363,PP
Transporte Público,19,1412000011210,1412000017120,18,8037,8417,PP
Transporte Público,19,1412000011225,141200142,7,8038,8459,PP
Transporte Público,19,1412000011225,1403900010882,140,8038,69,PP
Transporte Público,19,1412000011225,1403900011683,140,8038,139,PP
Transporte Público,19,1412000011225,1403900013209,249,8038,235,PP
Transporte Público,19,1412000011225,1403900013707,54,8038,260,PP
Transporte Público,19,1412000011225,1407000431024,18,8038,3111,PP
Transporte Público,19,1412000011225,1410100011094,62,8038,7066,PP
Transporte Público,19,1412000011225,1412000010231,100,8038,8003,PP
Transporte Público,19,1412000011225,1412000011193,98,8038,8035,PP
Transporte Público,19,1412000011225,1412000011206,33,8038,8036,PP
Transporte Público,19,1412000011225,1412000012990,152,8038,8145,PP
Transporte Público,19,1412000011225,1412000013575,19,8038,8189,PP
Transporte Público,19,1412000011225,1412000016033,53,8038,8346,PP
Transporte Público,19,1412000011225,140390001254A,68,8038,208,PP
Transporte Público,19,1412000011225,141200001326A,62,8038,8167,PP
Transporte Público,19,1412000011278,1410100011268,10,8039,7078,PP
Transporte Público,19,1412000011278,1412000014342,56,8039,8243,PP
Transporte Público,19,1412000011297,1412000012295,28,8041,8082,PP
Transporte Público,19,1412000011297,1412000015340,26,8041,8312,PP
Transporte Público,19,1412000011297,1412000015459,152,8041,8317,PP
Transporte Público,19,1412000011297,1412000017366,26,8041,8434,PP
Transporte Público,19,1412000011418,140970104,11,8042,5209,PP
Transporte Público,19,1412000011460,1409704241761,21,8044,5232,PP
Transporte Público,19,1412000011460,1409708312045,136,8044,5301,PP
Transporte Público,19,1412000011460,1409800011928,93,8044,6099,PP
Transporte Público,19,1412000011579,1410100011573,13,8046,7102,PP
Transporte Público,19,1412000011579,1412000011579,100,8046,8046,PP
Transporte Público,19,1412000011579,1412000013236,231,8046,8166,PP
Transporte Público,19,1412000011634,1412000013787,27,8047,8207,PP
Transporte Público,19,1412000011691,1412000017366,26,8051,8434,PP
Transporte Público,19,1412000011723,1409800012485,125,8052,6137,PP
Transporte Público,19,1412000011723,1412000012295,28,8052,8082,PP
Transporte Público,19,1412000011723,1412002316989,132,8052,8507,PP
Transporte Público,19,1412000011723,1412007530320,132,8052,8526,PP
Transporte Público,19,1412000011723,14097059A,57,8052,5241,PP
Transporte Público,19,1412000011742,1412000012308,28,8053,8083,PP
Transporte Público,19,1412000011757,1409705601032,59,8054,5236,PP
Transporte Público,19,1412000011757,140970884397A,59,8054,5380,PP
Transporte Público,19,1412000011865,1412000010617,62,8060,8014,PP
Transporte Público,19,1412000011899,1412000010231,178,8063,8003,PP
Transporte Público,19,1412000012064,1407000431147,9,8068,3115,PP
Transporte Público,19,1412000012064,1412000011723,152,8068,8052,PP
Transporte Público,19,1412000012242,1403900014480,131,8077,329,PP
Transporte Público,19,1412000012242,1409800011260,131,8077,6053,PP
Transporte Público,19,1412000012242,1409800011951,163,8077,6100,PP
Transporte Público,19,1412000012242,1409800012377,93,8077,6128,PP
Transporte Público,19,1412000012242,1409800012856,163,8077,6171,PP
Transporte Público,19,1412000012242,1410100010700,131,8077,7032,PP
Transporte Público,19,1412000012242,1412000014198,77,8077,8228,PP
Transporte Público,19,1412000012242,141010001147A,131,8077,7095,PP
Transporte Público,19,1412000012242,141200001066A,77,8077,8018,PP
Transporte Público,19,1412000012261,1403900011359,137,8079,111,PP
Transporte Público,19,1412000012280,1403900010613,77,8081,44,PP
Transporte Público,19,1412000012280,1403900012713,48,8081,223,PP
Transporte Público,19,1412000012280,1409800012837,23,8081,6169,PP
Transporte Público,19,1412000012280,1410100010857,144,8081,7045,PP
Transporte Público,19,1412000012280,1410100010895,82,8081,7048,PP
Transporte Público,19,1412000012280,1410100342641,144,8081,7217,PP
Transporte Público,19,1412000012280,1412000012825,54,8081,8130,PP
Transporte Público,19,1412000012295,1409700931028,29,8082,5208,PP
Transporte Público,19,1412000012295,1412000012295,28,8082,8082,PP
Transporte Público,19,1412000012295,1412000013147,28,8082,8158,PP
Transporte Público,19,1412000012308,1412000010617,28,8083,8014,PP
Transporte Público,19,1412000012308,1412000012505,28,8083,8103,PP
Transporte Público,19,1412000012308,1412000012990,28,8083,8145,PP
Transporte Público,19,1412000012308,1412000014573,28,8083,8266,PP
Transporte Público,19,1412000012308,1412000016300,28,8083,8360,PP
Transporte Público,19,1412000012312,1412000012505,28,8084,8103,PP
Transporte Público,19,1412000012312,1412000012558,28,8084,8108,PP
Transporte Público,19,1412000012346,1410100011268,10,8087,7078,PP
Transporte Público,19,1412000012346,1412000013113,27,8087,8155,PP
Transporte Público,19,1412000012401,1407000131448,54,8093,3040,PP
Transporte Público,19,1412000012401,1412000012399,54,8093,8092,PP
Transporte Público,19,1412000012420,1412000010617,62,8095,8014,PP
Transporte Público,19,1412000012454,141200001066A,21,8098,8018,PP
Transporte Público,19,1412000012469,1412000011297,21,8099,8041,PP
Transporte Público,19,1412000012492,1412000010602,26,8102,8013,PP
Transporte Público,19,1412000012505,1403900012357,119,8103,195,PP
Transporte Público,19,1412000012505,1403900014052,68,8103,292,PP
Transporte Público,19,1412000012505,1403900015652,68,8103,440,PP
Transporte Público,19,1412000012505,1412004306940,33,8103,8519,PP
Transporte Público,19,1412000012524,1409800011951,163,8105,6100,PP
Transporte Público,19,1412000012524,1409800012555,163,8105,6144,PP
Transporte Público,19,1412000012539,1409704240975,21,8106,5230,PP
Transporte Público,19,1412000012539,1409704241761,63,8106,5232,PP
Transporte Público,19,1412000012539,1409800012911,52,8106,6175,PP
Transporte Público,19,1412000012562,1412000012562,267,8109,8109,PP
Transporte Público,19,1412000012609,1403900012022,246,8111,171,PP
Transporte Público,19,1412000012609,1412000010212,62,8111,8001,PP
Transporte Público,19,1412000012609,1412000011206,19,8111,8036,PP
Transporte Público,19,1412000012609,1412000013575,38,8111,8189,PP
Transporte Público,19,1412000012609,1412000014094,95,8111,8222,PP
Transporte Público,19,1412000012609,1412000016175,148,8111,8357,PP
Transporte Público,19,1412000012609,1412000016550,95,8111,8372,PP
Transporte Público,19,1412000012609,1412000016724,18,8111,8384,PP
Transporte Público,19,1412000012609,1412002314145,24,8111,8475,PP
Transporte Público,19,1412000012609,1412002314164,24,8111,8477,PP
Transporte Público,19,1412000012609,1412007580744,33,8111,8536,PP
Transporte Público,19,1412000012609,140970884397A,59,8111,5380,PP
Transporte Público,19,1412000012609,141200001326A,266,8111,8167,PP
Transporte Público,19,1412000012613,1412000010231,200,8112,8003,PP
Transporte Público,19,1412000012613,141200001098A,200,8112,8027,PP
Transporte Público,19,1412000012628,1412000010918,77,8113,8024,PP
Transporte Público,19,1412000012647,1412000014520,77,8115,8261,PP
Transporte Público,19,1412000012647,1412000014836,100,8115,8281,PP
Transporte Público,19,1412000012647,1412000016391,49,8115,8363,PP
Transporte Público,19,1412000012666,1412000010212,62,8117,8001,PP
Transporte Público,19,1412000012666,1412000010231,110,8117,8003,PP
Transporte Público,19,1412000012666,141200001098A,100,8117,8027,PP
Transporte Público,19,1412000012670,1412000010994,100,8118,8028,PP
Transporte Público,19,1412000012702,1412000010227,100,8121,8002,PP
Transporte Público,19,1412000012717,1403900011382,63,8122,114,PP
Transporte Público,19,1412000012717,1412000012488,16,8122,8101,PP
Transporte Público,19,1412000012863,1403900010276,19,8133,15,PP
Transporte Público,19,1412000012863,1409800012150,23,8133,6112,PP
Transporte Público,19,1412000012897,141200001066A,152,8135,8018,PP
Transporte Público,19,1412000012914,1403900013374,125,8137,240,PP
Transporte Público,19,1412000012914,1412000013005,56,8137,8146,PP
Transporte Público,19,1412000012914,1412000014234,77,8137,8232,PP
Transporte Público,19,1412000012929,1412000013325,77,8138,8173,PP
Transporte Público,19,1412000012929,1412000016584,77,8138,8375,PP
Transporte Público,19,1412000012948,1403900011359,49,8140,111,PP
Transporte Público,19,1412000012948,1412000015266,49,8140,8305,PP
Transporte Público,19,1412000012948,140970032027A,59,8140,5138,PP
Transporte Público,19,1412000012967,1412000010617,186,8142,8014,PP
Transporte Público,19,1412000012986,1412000013217,760,8144,8165,PP
Transporte Público,19,1412000012990,1403900011359,152,8145,111,PP
Transporte Público,19,1412000012990,1412000012308,56,8145,8083,PP
Transporte Público,19,1412000013005,1412000015266,56,8146,8305,PP
Transporte Público,19,1412000013058,1412000012115,27,8150,8069,PP
Transporte Público,19,1412000013062,1409800012358,163,8151,6126,PP
Transporte Público,19,1412000013062,1410100010310,82,8151,7005,PP
Transporte Público,19,1412000013062,1412000010373,77,8151,8009,PP
Transporte Público,19,1412000013062,1412000012346,137,8151,8087,PP
Transporte Público,19,1412000013062,1412000012399,54,8151,8092,PP
Transporte Público,19,1412000013062,1412000013236,137,8151,8166,PP
Transporte Público,19,1412000013062,1412000013861,27,8151,8212,PP
Transporte Público,19,1412000013077,1412000010373,77,8152,8009,PP
Transporte Público,19,1412000013132,1409800143229,118,8157,6230,PP
Transporte Público,19,1412000013166,1403900011753,68,8160,145,PP
Transporte Público,19,1412000013166,1412000011526,21,8160,8045,PP
Transporte Público,19,1412000013185,1412000620176,75,8162,8446,PP
Transporte Público,19,1412000013217,1410100011997,62,8165,7125,PP
Transporte Público,19,1412000013217,1412000011189,152,8165,8034,PP
Transporte Público,19,1412000013274,1412000012914,62,8168,8137,PP
Transporte Público,19,1412000013274,1412000016599,62,8168,8376,PP
Transporte Público,19,1412000013274,141200001098A,62,8168,8027,PP
Transporte Público,19,1412000013289,1403900010524,226,8169,37,PP
Transporte Público,19,1412000013289,1412000010231,100,8169,8003,PP
Transporte Público,19,1412000013289,1412000013039,54,8169,8148,PP
Transporte Público,19,1412000013289,1412000014643,28,8169,8271,PP
Transporte Público,19,1412000013293,1409708221600,136,8170,5259,PP
Transporte Público,19,1412000013293,1409708223700,242,8170,5287,PP
Transporte Público,19,1412000013293,1409708332933,136,8170,5316,PP
Transporte Público,19,1412000013293,1409708432632,94,8170,5333,PP
Transporte Público,19,1412000013293,1409708614075,242,8170,5361,PP
Transporte Público,19,1412000013293,1410100010147,10,8170,7001,PP
Transporte Público,19,1412000013293,1412000010212,62,8170,8001,PP
Transporte Público,19,1412000013293,1412000011206,11,8170,8036,PP
Transporte Público,19,1412000013293,1412000011812,100,8170,8057,PP
Transporte Público,19,1412000013293,1412000013293,62,8170,8170,PP
Transporte Público,19,1412000013293,1412000013397,100,8170,8176,PP
Transporte Público,19,1412000013293,1412004306940,33,8170,8519,PP
Transporte Público,19,1412000013293,140700001012A,33,8170,3006,PP
Transporte Público,19,1412000013293,140970862290A,53,8170,5362,PP
Transporte Público,19,1412000013306,141200123,2,8171,8455,PP
Transporte Público,19,1412000013325,1412000010617,110,8173,8014,PP
Transporte Público,19,1412000013378,1412000012609,62,8174,8111,PP
Transporte Público,19,1412000013397,1403900010755,100,8176,57,PP
Transporte Público,19,1412000013397,1403900011753,100,8176,145,PP
Transporte Público,19,1412000013397,1412000012609,114,8176,8111,PP
Transporte Público,19,1412000013397,1412000015266,100,8176,8305,PP
Transporte Público,19,1412000013556,1412000012295,84,8187,8082,PP
Transporte Público,19,1412000013575,1403900010276,19,8189,15,PP
Transporte Público,19,1412000013575,1412000013575,41,8189,8189,PP
Transporte Público,19,1412000013575,1412000015266,11,8189,8305,PP
Transporte Público,19,1412000013575,1412000620176,75,8189,8446,PP
Transporte Público,19,1412000013575,1412002315872,132,8189,8488,PP
Transporte Público,19,1412000013575,141200001098A,22,8189,8027,PP
Transporte Público,19,1412000013611,1412000013147,28,8192,8158,PP
Transporte Público,19,1412000013611,1412000014446,28,8192,8253,PP
Transporte Público,19,1412000013630,1412000012505,26,8194,8103,PP
Transporte Público,19,1412000013630,1412000016300,26,8194,8360,PP
Transporte Público,19,1412000013664,1412000014658,28,8197,8272,PP
Transporte Público,19,1412000013664,1412002314164,14,8197,8477,PP
Transporte Público,19,1412000013683,1412000011210,62,8199,8037,PP
Transporte Público,19,1412000013787,1412000012115,54,8207,8069,PP
Transporte Público,19,1412000013791,1412000012774,54,8208,8125,PP
Transporte Público,19,1412000013804,1412002065054,2,8209,8462,PP
Transporte Público,19,1412000013804,141200206504A,2,8209,8461,PP
Transporte Público,19,1412000014060,1410100010861,144,8219,7046,PP
Transporte Público,19,1412000014060,1410100010895,144,8219,7048,PP
Transporte Público,19,1412000014060,1410100011323,82,8219,7084,PP
Transporte Público,19,1412000014198,1403900010806,140,8228,61,PP
Transporte Público,19,1412000014198,1403900011471,140,8228,123,PP
Transporte Público,19,1412000014198,1403900013482,128,8228,242,PP
Transporte Público,19,1412000014198,1407000140276,13,8228,3046,PP
Transporte Público,19,1412000014198,1409708331865,136,8228,5312,PP
Transporte Público,19,1412000014198,1412000010231,100,8228,8003,PP
Transporte Público,19,1412000014198,1412000011206,11,8228,8036,PP
Transporte Público,19,1412000014198,1412000011850,178,8228,8059,PP
Transporte Público,19,1412000014198,1412000012948,49,8228,8140,PP
Transporte Público,19,1412000014198,1412000012990,152,8228,8145,PP
Transporte Público,19,1412000014198,1412000013274,62,8228,8168,PP
Transporte Público,19,1412000014198,141200001116A,88,8228,8033,PP
Transporte Público,19,1412000014200,1412000014323,27,8229,8241,PP
Transporte Público,19,1412000014215,1412000010617,62,8230,8014,PP
Transporte Público,19,1412000014215,1412000015800,101,8230,8336,PP
Transporte Público,19,1412000014234,1412000011009,77,8232,8029,PP
Transporte Público,19,1412000014234,1412002434709,7,8232,8516,PP
Transporte Público,19,1412000014249,1403900011363,100,8233,112,PP
Transporte Público,19,1412000014268,1412000012280,96,8235,8081,PP
Transporte Público,19,1412000014291,1412000012280,77,8238,8081,PP
Transporte Público,19,1412000014291,1412000014291,27,8238,8238,PP
Transporte Público,19,1412000014427,1410100091802,62,8251,7159,PP
Transporte Público,19,1412000014427,1412000011193,7,8251,8035,PP
Transporte Público,19,1412000014427,1412000014427,28,8251,8251,PP
Transporte Público,19,1412000014427,1412000016391,28,8251,8363,PP
Transporte Público,19,1412000014431,1412000012488,16,8252,8101,PP
Transporte Público,19,1412000014431,141200001422A,137,8252,8231,PP
Transporte Público,19,1412000014465,140970424098A,21,8255,5231,PP
Transporte Público,19,1412000014484,1412000011526,21,8257,8045,PP
Transporte Público,19,1412000014484,1412000011935,152,8257,8066,PP
Transporte Público,19,1412000014484,1412000012721,267,8257,8123,PP
Transporte Público,19,1412000014484,1412000012990,267,8257,8145,PP
Transporte Público,19,1412000014484,1412000013217,304,8257,8165,PP
Transporte Público,19,1412000014484,1412000015209,26,8257,8302,PP
Transporte Público,19,1412000014484,1412000015459,152,8257,8317,PP
Transporte Público,19,1412000014501,1409800012042,21,8259,6105,PP
Transporte Público,19,1412000014501,140970822358A,136,8259,5285,PP
Transporte Público,19,1412000014516,1412000015209,26,8260,8302,PP
Transporte Público,19,1412000014520,1412000013664,28,8261,8197,PP
Transporte Público,19,1412000014573,1412000012295,56,8266,8082,PP
Transporte Público,19,1412000014573,1412000012308,84,8266,8083,PP
Transporte Público,19,1412000014573,1412000014605,267,8266,8269,PP
Transporte Público,19,1412000014605,1412000011206,11,8269,8036,PP
Transporte Público,19,1412000014605,1412000014643,119,8269,8271,PP
Transporte Público,19,1412000014605,1412000014662,28,8269,8273,PP
Transporte Público,19,1412000014643,1412000011210,49,8271,8037,PP
Transporte Público,19,1412000014643,1412000013611,28,8271,8192,PP
Transporte Público,19,1412000014643,1412000015444,26,8271,8316,PP
Transporte Público,19,1412000014658,1409700201013,28,8272,5079,PP
Transporte Público,19,1412000014658,1412000016300,28,8272,8360,PP
Transporte Público,19,1412000014662,1403900011359,28,8273,111,PP
Transporte Público,19,1412000014677,1412000015228,56,8274,8303,PP
Transporte Público,19,1412000014677,141200001237A,29,8274,8090,PP
Transporte Público,19,1412000014836,1409708333753,136,8281,5321,PP
Transporte Público,19,1412000014836,1412000011526,21,8281,8045,PP
Transporte Público,19,1412000014836,1412000012473,29,8281,8100,PP
Transporte Público,19,1412000014836,1412000012488,16,8281,8101,PP
Transporte Público,19,1412000014836,140970180123A,16,8281,5225,PP
Transporte Público,19,1412000014836,141200001340A,38,8281,8177,PP
Transporte Público,19,1412000014889,1412000010975,53,8286,8026,PP
Transporte Público,19,1412000015158,1412000012261,77,8297,8079,PP
Transporte Público,19,1412000015162,141200001372A,27,8298,8203,PP
Transporte Público,19,1412000015209,1412000012505,26,8302,8103,PP
Transporte Público,19,1412000015266,1409800010370,23,8305,6014,PP
Transporte Público,19,1412000015266,1409800012837,13,8305,6169,PP
Transporte Público,19,1412000015266,1409800012983,13,8305,6180,PP
Transporte Público,19,1412000015266,1412000011206,33,8305,8036,PP
Transporte Público,19,1412000015266,1412000012914,56,8305,8137,PP
Transporte Público,19,1412000015266,1412000013132,152,8305,8157,PP
Transporte Público,19,1412000015266,1412000013397,100,8305,8176,PP
Transporte Público,19,1412000015270,1412000012990,152,8306,8145,PP
Transporte Público,19,1412000015336,1412000012327,28,8311,8085,PP
Transporte Público,19,1412000015340,1409701801244,26,8312,5226,PP
Transporte Público,19,1412000015340,1412000012308,56,8312,8083,PP
Transporte Público,19,1412000015340,1412000014658,28,8312,8272,PP
Transporte Público,19,1412000015340,1412000015694,26,8312,8332,PP
Transporte Público,19,1412000015340,1412000016391,28,8312,8363,PP
Transporte Público,19,1412000015340,1412000016438,26,8312,8365,PP
Transporte Público,19,1412000015374,1412000013039,54,8315,8148,PP
Transporte Público,19,1412000015374,1412000014376,53,8315,8246,PP
Transporte Público,19,1412000015444,1412000011193,26,8316,8035,PP
Transporte Público,19,1412000015444,1412000011687,26,8316,8050,PP
Transporte Público,19,1412000015459,1412000013397,100,8317,8176,PP
Transporte Público,19,1412000015459,1412000015266,152,8317,8305,PP
Transporte Público,19,1412000015482,1407000430897,36,8320,3106,PP
Transporte Público,19,1412000015482,141200001194A,152,8320,8067,PP
Transporte Público,19,1412000015497,1409800010370,23,8321,6014,PP
Transporte Público,19,1412000015497,141200001251A,152,8321,8104,PP
Transporte Público,19,1412000015552,1409700250369,28,8325,5088,PP
Transporte Público,19,1412000015694,1412000015251,56,8332,8304,PP
Transporte Público,19,1412000015815,1412000012863,11,8337,8133,PP
Transporte Público,19,1412000015942,1410100010931,49,8342,7051,PP
Transporte Público,19,1412000016300,1412000012327,85,8360,8085,PP
Transporte Público,19,1412000016300,1412000014658,28,8360,8272,PP
Transporte Público,19,1412000016391,1403900014565,28,8363,337,PP
Transporte Público,19,1412000016391,1412000016391,84,8363,8363,PP
Transporte Público,19,1412000016423,1409800012150,46,8364,6112,PP
Transporte Público,19,1412000016423,1410100010147,10,8364,7001,PP
Transporte Público,19,1412000016423,1412000010617,62,8364,8014,PP
Transporte Público,19,1412000016512,141200123,2,8368,8455,PP
Transporte Público,19,1412000016512,1412000016584,36,8368,8375,PP
Transporte Público,19,1412000016512,1412000016620,36,8368,8379,PP
Transporte Público,19,1412000016512,1412000620180,75,8368,8447,PP
Transporte Público,19,1412000016512,1412002314145,14,8368,8475,PP
Transporte Público,19,1412000016512,1412002315779,14,8368,8487,PP
Transporte Público,19,1412000016512,1412007580566,33,8368,8534,PP
Transporte Público,19,1412000016550,1407000140810,36,8372,3058,PP
Transporte Público,19,1412000016550,1407000211151,63,8372,3093,PP
Transporte Público,19,1412000016550,1412000010227,100,8372,8002,PP
Transporte Público,19,1412000016550,1412000014075,53,8372,8220,PP
Transporte Público,19,1412000016550,1412007580551,33,8372,8533,PP
Transporte Público,19,1412000016550,141200001319A,100,8372,8163,PP
Transporte Público,19,1412000016584,141200142,7,8375,8459,PP
Transporte Público,19,1412000016599,1403900010204,128,8376,11,PP
Transporte Público,19,1412000016599,1407000210736,9,8376,3082,PP
Transporte Público,19,1412000016599,1412000010617,62,8376,8014,PP
Transporte Público,19,1412000016601,1409700250299,59,8377,5086,PP
Transporte Público,19,1412000016601,1409800141114,104,8377,6218,PP
Transporte Público,19,1412000016724,1403900013088,226,8384,232,PP
Transporte Público,19,1412000016724,1403900014404,128,8384,322,PP
Transporte Público,19,1412000016724,1412000017008,18,8384,8405,PP
Transporte Público,19,1412000016724,140390001286A,128,8384,228,PP
Transporte Público,19,1412000016743,141200001326A,124,8386,8167,PP
Transporte Público,19,1412000016762,140390001546A,125,8388,421,PP
Transporte Público,19,1412000016777,141200001689A,75,8389,8401,PP
Transporte Público,19,1412000016777,141200231205A,132,8389,8467,PP
Transporte Público,19,1412000016902,1412000016508,18,8402,8367,PP
Transporte Público,19,1412000016902,141200001319A,100,8402,8163,PP
Transporte Público,19,1412000017008,1412000017008,18,8405,8405,PP
Transporte Público,19,1412000017046,1412000011206,38,8409,8036,PP
Transporte Público,19,1412000017046,1412000013378,62,8409,8174,PP
Transporte Público,19,1412000017046,1412000013594,11,8409,8190,PP
Transporte Público,19,1412001395980,1412000016921,18,8457,8404,PP
Transporte Público,19,1412001395980,1412002434709,7,8457,8516,PP
Transporte Público,19,1412002312026,1412002315779,28,8465,8487,PP
Transporte Público,19,1412002313823,141200123,2,8469,8455,PP
Transporte Público,19,1412002313823,1412000011579,100,8469,8046,PP
Transporte Público,19,1412002313823,141200758080A,33,8469,8539,PP
Transporte Público,19,1412002313842,1412001395995,7,8471,8458,PP
Transporte Público,19,1412002314145,1412002314145,44,8475,8475,PP
Transporte Público,19,1412002314145,1412002315779,14,8475,8487,PP
Transporte Público,19,1412002314164,141200001739A,18,8477,8437,PP
Transporte Público,19,1412002314179,1410100091802,62,8478,7159,PP
Transporte Público,19,1412002314179,1412000012628,200,8478,8113,PP
Transporte Público,19,1412002314179,1412001395995,7,8478,8458,PP
Transporte Público,19,1412002314179,1412002312079,14,8478,8468,PP
Transporte Público,19,1412002315887,1403900015417,93,8489,417,PP
Transporte Público,19,1412002315887,1407000211005,9,8489,3087,PP
Transporte Público,19,1412002315887,1409800012574,163,8489,6146,PP
Transporte Público,19,1412002315887,1412000013787,27,8489,8207,PP
Transporte Público,19,1412002315887,1412000015849,53,8489,8340,PP
Transporte Público,19,1412002315887,1412000016033,53,8489,8346,PP
Transporte Público,19,1412002315887,1412000017120,18,8489,8417,PP
Transporte Público,19,1412002315887,1412002314145,14,8489,8475,PP
Transporte Público,19,1412002315887,140980001256A,93,8489,6145,PP
Transporte Público,19,1412002316230,1412002314179,14,8493,8478,PP
Transporte Público,19,1412002316230,141200231415A,28,8493,8476,PP
Transporte Público,19,1412002316264,1412002312026,75,8496,8465,PP
Transporte Público,19,1412002316264,1412002315779,14,8496,8487,PP
Transporte Público,19,1412002434713,141200142,7,8517,8459,PP
Transporte Público,19,1412002434713,1403900015436,93,8517,419,PP
Transporte Público,19,1412002434713,1412000010617,124,8517,8014,PP
Transporte Público,19,1412002434713,1412000012115,27,8517,8069,PP
Transporte Público,19,1412002434713,1412000015336,28,8517,8311,PP
Transporte Público,19,1412004306940,141200034,33,8519,8442,PP
Transporte Público,19,1412007580759,1412000016921,18,8537,8404,PP
Transporte Público,19,1412007580759,1412002314145,14,8537,8475,PP
Transporte Público,19,1412007580848,141200001212A,27,8542,8070,PP
Transporte Público,19,1412400010175,141240071,20,9005,9045,PP
Transporte Público,19,1412400010175,141240090,4,9005,9047,PP
Transporte Público,19,1412400010175,1412401760160,4,9005,9051,PP
Transporte Público,19,1412400010495,141240029,4,9031,9042,PP
Transporte Público,19,1412400010495,141240033,2,9031,9043,PP
Transporte Público,19,1412400010495,1410100011200,13,9031,7076,PP
Transporte Público,19,1412400010495,1410100011592,23,9031,7104,PP
Transporte Público,19,1412400010495,1412400010122,20,9031,9001,PP
Transporte Público,19,1412400010495,1412401760160,2,9031,9051,PP
Transporte Público,19,1412400940387,1412400940387,12,9048,9048,PP
Transporte Público,19,1412400940391,1405100020196,12,9049,2016,PP
Transporte Público,19,1412400940391,1410100312317,13,9049,7211,PP
Transporte Público,19,1412401760160,1409700012098,31,9051,5021,PP
Transporte Público,19,1412401760160,1412400010175,20,9051,9005,PP
Transporte Público,19,140390001005A,1412000016635,75,3,8380,PP
Transporte Público,19,140390001051A,1403900010806,280,36,61,PP
Transporte Público,19,140390001051A,1412000012844,96,36,8132,PP
Transporte Público,19,140390001051A,1412000013039,96,36,8148,PP
Transporte Público,19,140390001069A,1403900014847,128,51,361,PP
Transporte Público,19,140390001069A,1412000011899,95,51,8063,PP
Transporte Público,19,140390001069A,1412000016033,95,51,8346,PP
Transporte Público,19,140390001083A,1403900010539,140,64,38,PP
Transporte Público,19,140390001083A,1403900015008,140,64,377,PP
Transporte Público,19,140390001083A,1403900015277,140,64,403,PP
Transporte Público,19,140390001083A,1409708223700,136,64,5287,PP
Transporte Público,19,140390001083A,1410100010147,10,64,7001,PP
Transporte Público,19,140390001083A,1410100010151,10,64,7002,PP
Transporte Público,19,140390001083A,140980128288A,52,64,6235,PP
Transporte Público,19,140390001101A,1403900011289,86,81,104,PP
Transporte Público,19,140390001101A,1409704241761,21,81,5232,PP
Transporte Público,19,140390001101A,1410100010768,131,81,7038,PP
Transporte Público,19,140390001101A,1410100011268,10,81,7078,PP
Transporte Público,19,140390001101A,1412000016902,62,81,8402,PP
Transporte Público,19,140390001101A,1412401760160,2,81,9051,PP
Transporte Público,19,140390001101A,140510001004A,1,81,2001,PP
Transporte Público,19,140390001119A,1403900010454,128,98,31,PP
Transporte Público,19,140390001119A,1410100010378,131,98,7007,PP
Transporte Público,19,140390001119A,140390001418A,280,98,304,PP
Transporte Público,19,140390001119A,141010001250A,23,98,7143,PP
Transporte Público,19,140390001140A,1403900015027,63,116,379,PP
Transporte Público,19,140390001140A,140390001140A,63,116,116,PP
Transporte Público,19,140390001165A,1410100011094,62,136,7066,PP
Transporte Público,19,140390001172A,1403900010115,202,143,6,PP
Transporte Público,19,140390001172A,1403900010346,404,143,21,PP
Transporte Público,19,140390001172A,1410100010950,82,143,7053,PP
Transporte Público,19,140390001172A,1410100010999,82,143,7057,PP
Transporte Público,19,140390001215A,1412000012488,29,180,8101,PP
Transporte Público,19,140390001215A,140970180123A,29,180,5225,PP
Transporte Público,19,140390001254A,1403900015366,68,208,412,PP
Transporte Público,19,140390001368A,1403900013340,119,258,239,PP
Transporte Público,19,140390001368A,1403900014067,119,258,293,PP
Transporte Público,19,140390001368A,1403900014584,68,258,339,PP
Transporte Público,19,140390001368A,1409700350138,108,258,5169,PP
Transporte Público,19,140390001368A,1409708312011,96,258,5298,PP
Transporte Público,19,140390001368A,1409800011260,52,258,6053,PP
Transporte Público,19,140390001368A,140390001350A,27,258,243,PP
Transporte Público,19,140390001400A,140390001400A,136,287,287,PP
Transporte Público,19,140390001418A,1403900010859,140,304,66,PP
Transporte Público,19,140390001418A,1403900014442,249,304,325,PP
Transporte Público,19,140390001418A,1403900015224,131,304,399,PP
Transporte Público,19,140390001457A,1409700053147,11,338,5043,PP
Transporte Público,19,140390001464A,1409704241761,21,345,5232,PP
Transporte Público,19,140390001464A,1412000015552,21,345,8325,PP
Transporte Público,19,140390001464A,141200001066A,56,345,8018,PP
Transporte Público,19,140390001539A,1403900015559,163,415,430,PP
Transporte Público,19,140390001539A,1409800011909,93,415,6097,PP
Transporte Público,19,140390001539A,1409800011966,163,415,6101,PP
Transporte Público,19,140390001539A,1409800012659,93,415,6153,PP
Transporte Público,19,140390001539A,1410100011573,13,415,7102,PP
Transporte Público,19,140390001539A,1412000013005,56,415,8146,PP
Transporte Público,19,140390001539A,1412000014662,28,415,8273,PP
Transporte Público,19,140390001539A,140390001553A,186,415,428,PP
Transporte Público,19,140390001553A,1403900014654,93,428,346,PP
Transporte Público,19,140390001560A,1412000014323,27,435,8241,PP
Transporte Público,19,140440002012A,140440026,15,1015,1032,PP
Transporte Público,19,140440002012A,1404400540401,4,1015,1033,PP
Transporte Público,19,140510001004A,1403900011999,1,2001,168,PP
Transporte Público,19,140510001004A,1403900014122,2,2001,299,PP
Transporte Público,19,140510001004A,1405100010139,1,2001,2010,PP
Transporte Público,19,140510001004A,1407000010045,1,2001,3002,PP
Transporte Público,19,140510001004A,1407000010100,1,2001,3004,PP
Transporte Público,19,140510001004A,1407000010399,2,2001,3010,PP
Transporte Público,19,140510001004A,140510001004A,1,2001,2001,PP
Transporte Público,19,140510001004A,14097059A,1,2001,5241,PP
Transporte Público,19,140700014044A,1403900014565,36,3049,337,PP
Transporte Público,19,140700014083A,140700021076A,9,3060,3085,PP
Transporte Público,19,140700021076A,1409701151992,9,3085,5215,PP
Transporte Público,19,140700021076A,1412000013293,9,3085,8170,PP
Transporte Público,19,140700021101A,1403900013641,36,3088,255,PP
Transporte Público,19,140700021101A,1407000140223,13,3088,3045,PP
Transporte Público,19,140700021101A,1407000140276,65,3088,3046,PP
Transporte Público,19,140700021101A,1407000200789,33,3088,3072,PP
Transporte Público,19,140700021101A,1407000210736,18,3088,3082,PP
Transporte Público,19,140700021101A,1407000431039,18,3088,3112,PP
Transporte Público,19,140700021101A,1407000431147,9,3088,3115,PP
Transporte Público,19,140700021101A,1409800012201,101,3088,6116,PP
Transporte Público,19,140700021101A,140700021076A,27,3088,3085,PP
Transporte Público,19,140700021101A,140700043090A,36,3088,3107,PP
Transporte Público,19,140700043090A,1407000130401,36,3107,3033,PP
Transporte Público,19,140700043090A,140700021101A,72,3107,3088,PP
Transporte Público,19,140700043090A,140700043090A,72,3107,3107,PP
Transporte Público,19,14070140A,1407000131429,54,3131,3038,PP
Transporte Público,19,14070140A,1407000210736,9,3131,3082,PP
Transporte Público,19,14070140A,1407000431039,9,3131,3112,PP
Transporte Público,19,14070140A,1407000431147,9,3131,3115,PP
Transporte Público,19,14070140A,1409700053166,11,3131,5045,PP
Transporte Público,19,14070140A,1409700250477,28,3131,5091,PP
Transporte Público,19,14070140A,140700014044A,36,3131,3049,PP
Transporte Público,19,14070140A,140700014083A,36,3131,3060,PP
Transporte Público,19,14070140A,140700021076A,9,3131,3085,PP
Transporte Público,19,14070140A,140980001320A,108,3131,6198,PP
Transporte Público,19,140970001212A,1403900015436,93,5024,419,PP
Transporte Público,19,140970005034A,140440026,15,5036,1032,PP
Transporte Público,19,140970005034A,1404400100242,15,5036,1029,PP
Transporte Público,19,140970005034A,1409700053518,11,5036,5048,PP
Transporte Público,19,140970005034A,1409700150960,6,5036,5069,PP
Transporte Público,19,140970005034A,1409700312774,6,5036,5132,PP
Transporte Público,19,140970025080A,1409708223486,136,5098,5283,PP
Transporte Público,19,140970180123A,1410100011982,62,5225,7124,PP
Transporte Público,19,140970424098A,1403900014565,21,5231,337,PP
Transporte Público,19,14097059A,1404400540420,15,5241,1035,PP
Transporte Público,19,14097059A,1407000131448,54,5241,3040,PP
Transporte Público,19,14097059A,1407000430806,9,5241,3105,PP
Transporte Público,19,14097059A,1409708223700,136,5241,5287,PP
Transporte Público,19,14097059A,1409708432702,53,5241,5340,PP
Transporte Público,19,14097059A,1409800010347,54,5241,6012,PP
Transporte Público,19,14097059A,1409800011190,125,5241,6046,PP
Transporte Público,19,14097059A,1409800011383,13,5241,6060,PP
Transporte Público,19,14097059A,1409800011576,13,5241,6072,PP
Transporte Público,19,14097059A,1412000010706,152,5241,8020,PP
Transporte Público,19,14097059A,140970009283A,32,5241,5053,PP
Transporte Público,19,14097059A,14097059A,36,5241,5241,PP
Transporte Público,19,140970822358A,1409800010879,136,5285,6028,PP
Transporte Público,19,140980001007A,1409800011379,101,6004,6059,PP
Transporte Público,19,140980001007A,1409800011824,13,6004,6091,PP
Transporte Público,19,140980001007A,1409800012150,23,6004,6112,PP
Transporte Público,19,140980001007A,1409800012428,136,6004,6131,PP
Transporte Público,19,140980001007A,1410100011164,144,6004,7072,PP
Transporte Público,19,140980001007A,1410100011323,82,6004,7084,PP
Transporte Público,19,140980001007A,1410100011395,136,6004,7089,PP
Transporte Público,19,140980001007A,1410100312317,13,6004,7211,PP
Transporte Público,19,140980001007A,1410101902374,13,6004,7224,PP
Transporte Público,19,140980001007A,1412000011899,95,6004,8063,PP
Transporte Público,19,140980001007A,1412000016033,95,6004,8346,PP
Transporte Público,19,140980001007A,140700014083A,36,6004,3060,PP
Transporte Público,19,140980001007A,14097059A,108,6004,5241,PP
Transporte Público,19,140980001007A,141010001179A,82,6004,7117,PP
Transporte Público,19,140980001053A,1407000010702,33,6019,3015,PP
Transporte Público,19,140980001053A,1407000140276,13,6019,3046,PP
Transporte Público,19,140980001053A,1409708332933,136,6019,5316,PP
Transporte Público,19,140980001053A,1409708333753,136,6019,5321,PP
Transporte Público,19,140980001053A,1409708362793,53,6019,5328,PP
Transporte Público,19,140980001053A,1409708362806,53,6019,5329,PP
Transporte Público,19,140980001053A,1409800011383,26,6019,6060,PP
Transporte Público,19,140980001053A,1409800012254,101,6019,6121,PP
Transporte Público,19,140980001053A,1410100010471,23,6019,7014,PP
Transporte Público,19,140980001053A,1412000014662,28,6019,8273,PP
Transporte Público,19,140980001085A,140980001142A,52,6027,6062,PP
Transporte Público,19,140980001110A,1409800012150,13,6041,6112,PP
Transporte Público,19,140980001135A,1403900014743,125,6057,352,PP
Transporte Público,19,140980001135A,14097059A,125,6057,5241,PP
Transporte Público,19,140980001135A,140980001135A,375,6057,6057,PP
Transporte Público,19,140980001167A,1409800012856,93,6079,6171,PP
Transporte Público,19,140980001249A,1410100011075,136,6138,7064,PP
Transporte Público,19,140980001249A,1412000014658,56,6138,8272,PP
Transporte Público,19,140980001256A,1403900013783,163,6145,266,PP
Transporte Público,19,140980001256A,1409800142023,93,6145,6221,PP
Transporte Público,19,140980001320A,140980001320A,54,6198,6198,PP
Transporte Público,19,140980128288A,1409708331865,272,6235,5312,PP
Transporte Público,19,140980128288A,1409800011951,52,6235,6100,PP
Transporte Público,19,140980128288A,1409801282875,52,6235,6234,PP
Transporte Público,19,140980128288A,141200001066A,52,6235,8018,PP
Transporte Público,19,141010001040A,1410100010819,131,7010,7042,PP
Transporte Público,19,141010001040A,1410100012054,82,7010,7131,PP
Transporte Público,19,141010001065A,1410100010645,246,7030,7029,PP
Transporte Público,19,141010001097A,1407000211151,36,7055,3093,PP
Transporte Público,19,141010001097A,1409700053575,11,7055,5049,PP
Transporte Público,19,141010001097A,1410100010857,82,7055,7045,PP
Transporte Público,19,141010001097A,1410100011268,10,7055,7078,PP
Transporte Público,19,141010001097A,1410100011323,82,7055,7084,PP
Transporte Público,19,141010009193A,1410100092105,124,7165,7168,PP
Transporte Público,19,141010027236A,1410100272336,13,7210,7207,PP
Transporte Público,19,141200001027A,1412000010617,62,8006,8014,PP
Transporte Público,19,141200001027A,1412000013397,200,8006,8176,PP
Transporte Público,19,141200001027A,141200001326A,62,8006,8167,PP
Transporte Público,19,141200001066A,141240090,2,8018,9047,PP
Transporte Público,19,141200001066A,1407000011503,33,8018,3026,PP
Transporte Público,19,141200001066A,1407000210967,9,8018,3086,PP
Transporte Público,19,141200001066A,1409700010528,31,8018,5005,PP
Transporte Público,19,141200001066A,1409700250369,56,8018,5088,PP
Transporte Público,19,141200001066A,1409704241761,21,8018,5232,PP
Transporte Público,19,141200001066A,1409800011078,202,8018,6038,PP
Transporte Público,19,141200001066A,1409800011167,125,8018,6043,PP
Transporte Público,19,141200001066A,1409800012714,52,8018,6157,PP
Transporte Público,19,141200001066A,1412000012488,32,8018,8101,PP
Transporte Público,19,141200001066A,1412000012990,152,8018,8145,PP
Transporte Público,19,141200001066A,1412000015552,21,8018,8325,PP
Transporte Público,19,141200001066A,141200001237A,56,8018,8090,PP
Transporte Público,19,141200001098A,1403900011077,43,8027,86,PP
Transporte Público,19,141200001098A,1403900015205,234,8027,397,PP
Transporte Público,19,141200001098A,1403900015578,163,8027,432,PP
Transporte Público,19,141200001098A,1409708221973,272,8027,5269,PP
Transporte Público,19,141200001098A,1409800011237,54,8027,6050,PP
Transporte Público,19,141200001098A,1409800012358,163,8027,6126,PP
Transporte Público,19,141200001098A,1409800012714,52,8027,6157,PP
Transporte Público,19,141200001098A,1410100010541,234,8027,7021,PP
Transporte Público,19,141200001098A,1412000010265,100,8027,8005,PP
Transporte Público,19,141200001098A,1412000010890,77,8027,8023,PP
Transporte Público,19,141200001098A,1412000012115,27,8027,8069,PP
Transporte Público,19,141200001098A,1412000012666,100,8027,8117,PP
Transporte Público,19,141200001098A,1412000012952,100,8027,8141,PP
Transporte Público,19,141200001098A,1412000013185,200,8027,8162,PP
Transporte Público,19,141200001098A,1412000014075,53,8027,8220,PP
Transporte Público,19,141200001098A,1412000015849,53,8027,8340,PP
Transporte Público,19,141200001098A,1412000016512,18,8027,8368,PP
Transporte Público,19,141200001098A,1412002316669,75,8027,8501,PP
Transporte Público,19,141200001098A,140980001256A,163,8027,6145,PP
Transporte Público,19,141200001098A,141200001319A,100,8027,8163,PP
Transporte Público,19,141200001098A,141200001365A,54,8027,8196,PP
Transporte Público,19,141200001098A,141200001422A,77,8027,8231,PP
Transporte Público,19,141200001194A,140440002012A,4,8067,1015,PP
Transporte Público,19,141200001251A,1412000011460,152,8104,8044,PP
Transporte Público,19,141200001290A,1403900014457,49,8136,326,PP
Transporte Público,19,141200001319A,1412000016067,200,8163,8349,PP
Transporte Público,19,141200001326A,1412000010617,62,8167,8014,PP
Transporte Público,19,141200001326A,1412000013378,62,8167,8174,PP
Transporte Público,19,141200001340A,1409700250477,28,8177,5091,PP
Transporte Público,19,141200001340A,1409800011608,101,8177,6074,PP
Transporte Público,19,141200001372A,1412000012793,54,8203,8127,PP
Transporte Público,19,141200001422A,1410100011164,144,8231,7072,PP
Transporte Público,19,141200001422A,1410100342641,144,8231,7217,PP
Transporte Público,19,141200001422A,1412000011121,100,8231,8031,PP
Transporte Público,19,141200001422A,1412000012755,54,8231,8124,PP
Transporte Público,19,141200001422A,1412000013787,27,8231,8207,PP
Transporte Público,19,141200001550A,1409700250354,28,8322,5087,PP
Transporte Público,19,141200001550A,1409708714060,108,8322,5372,PP
Transporte Público,19,141200001550A,1412000012308,28,8322,8083,PP
Transporte Público,19,141200001550A,1412002314145,14,8322,8475,PP
Transporte Público,19,141200001671A,1412000010617,62,8383,8014,PP
Transporte Público,19,141200231205A,1412000013575,11,8467,8189,PP
Transporte Público,19,99999000A,141012567,13,10002,7232,PP
Transporte Público,19,99999000A,1403900010539,140,10002,38,PP
Transporte Público,19,99999000A,1404400540435,15,10002,1036,PP
Transporte Público,19,99999000A,1407000210736,9,10002,3082,PP
Transporte Público,19,99999000A,1407000430806,9,10002,3105,PP
Transporte Público,19,99999000A,1407000431147,9,10002,3115,PP
Transporte Público,19,99999000A,1410101932694,62,10002,7226,PP
Transporte Público,19,99999000A,140700111133A,33,10002,3121,PP
Transporte Público,20,140440011,1404400540420,15,1031,1035,PP
Transporte Público,20,140440011,1409701151511,33,1031,5214,PP
Transporte Público,20,140440011,14097059A,15,1031,5241,PP
Transporte Público,20,140440026,140440011,15,1032,1031,PP
Transporte Público,20,140970015,140970015,11,5060,5060,PP
Transporte Público,20,140970015,1409700340250,33,5060,5156,PP
Transporte Público,20,140970104,1409800012150,13,5209,6112,PP
Transporte Público,20,140970104,1410100010147,10,5209,7001,PP
Transporte Público,20,140972308,1409700353772,54,5384,5179,PP
Transporte Público,20,140972308,1409708374200,136,5384,5332,PP
Transporte Público,20,140972308,1409708614075,136,5384,5361,PP
Transporte Público,20,140972308,1409708714060,54,5384,5372,PP
Transporte Público,20,140972308,1409800012714,52,5384,6157,PP
Transporte Público,20,140972416,1409700010937,9,5387,5011,PP
Transporte Público,20,140973679,1409708332933,136,5390,5316,PP
Transporte Público,20,140980012,1409700320829,59,6216,5143,PP
Transporte Público,20,140980012,1409708223700,272,6216,5287,PP
Transporte Público,20,140980012,1409708441687,59,6216,5345,PP
Transporte Público,20,140980012,1409708823984,136,6216,5377,PP
Transporte Público,20,140980012,1409800010370,13,6216,6014,PP
Transporte Público,20,140980012,1409800010794,125,6216,6025,PP
Transporte Público,20,140980012,1409800012150,13,6216,6112,PP
Transporte Público,20,140980012,1409800012697,104,6216,6155,PP
Transporte Público,20,140980243,1403900012662,9,6237,218,PP
Transporte Público,20,140980243,1407000210967,9,6237,3086,PP
Transporte Público,20,140980243,140700021101A,9,6237,3088,PP
Transporte Público,20,141012552,1407000430308,36,7231,3097,PP
Transporte Público,20,141012552,1410100010471,23,7231,7014,PP
Transporte Público,20,141012552,1410100092586,62,7231,7190,PP
Transporte Público,20,141012552,141010001115A,62,7231,7071,PP
Transporte Público,20,141200142,1412001395995,7,8459,8458,PP
Transporte Público,20,141205567,141200142,7,8546,8459,PP
Transporte Público,20,141205567,1410100010931,82,8546,7051,PP
Transporte Público,20,141205567,1412000011653,77,8546,8049,PP
Transporte Público,20,141205567,1412002316264,75,8546,8496,PP
Transporte Público,20,141205567,140390001165A,63,8546,136,PP
Transporte Público,20,141240029,1403900013726,2,9042,262,PP
Transporte Público,20,141240029,1410100011094,62,9042,7066,PP
Transporte Público,20,141240033,141240033,3,9043,9043,PP
Transporte Público,20,141240033,1412400010495,2,9043,9031,PP
Transporte Público,20,141240090,141240090,12,9047,9047,PP
Transporte Público,20,999990001,1403900015224,131,10006,399,PP
Transporte Público,20,999990001,1409800011379,202,10006,6059,PP
Transporte Público,20,999990001,1412000014287,27,10006,8237,PP
Transporte Público,20,999990004,140980243,9,10001,6237,PP
Transporte Público,20,999990004,1403900011908,126,10001,159,PP
Transporte Público,20,999990005,140440026,6,10004,1032,PP
Transporte Público,20,999990005,1404400010098,6,10004,1004,PP
Transporte Público,20,999990005,1404400010280,6,10004,1006,PP
Transporte Público,20,999990005,1407000140844,36,10004,3061,PP
Transporte Público,20,999990005,1409700092882,32,10004,5058,PP
Transporte Público,20,999990005,1410100011268,10,10004,7078,PP
Transporte Público,20,999990005,140980001135A,250,10004,6057,PP
Transporte Público,20,999990006,1412000014342,56,10005,8243,PP
Transporte Público,20,1403900010064,1412000014662,28,4,8273,PP
Transporte Público,20,1403900010083,1403900011113,114,5,90,PP
Transporte Público,20,1403900010115,1403900010632,114,6,45,PP
Transporte Público,20,1403900010115,1409800012911,52,6,6175,PP
Transporte Público,20,1403900010115,1412000011155,49,6,8032,PP
Transporte Público,20,1403900010115,1412000012257,54,6,8078,PP
Transporte Público,20,1403900010115,1412000012914,88,6,8137,PP
Transporte Público,20,1403900010115,1412000014978,54,6,8292,PP
Transporte Público,20,1403900010115,140390001546A,125,6,421,PP
Transporte Público,20,1403900010115,141200001116A,88,6,8033,PP
Transporte Público,20,1403900010238,1403900010806,140,13,61,PP
Transporte Público,20,1403900010238,1412000011579,100,13,8046,PP
Transporte Público,20,1403900010238,1412000013397,100,13,8176,PP
Transporte Público,20,1403900010346,1409800010597,712,21,6020,PP
Transporte Público,20,1403900010365,1409800012714,104,23,6157,PP
Transporte Público,20,1403900010365,1412000013062,137,23,8151,PP
Transporte Público,20,1403900010365,1412000013397,100,23,8176,PP
Transporte Público,20,1403900010365,1412002315726,75,23,8485,PP
Transporte Público,20,1403900010399,1403900010399,114,26,26,PP
Transporte Público,20,1403900010399,1403900010755,63,26,57,PP
Transporte Público,20,1403900010401,1403900010149,202,27,8,PP
Transporte Público,20,1403900010401,1403900010666,114,27,48,PP
Transporte Público,20,1403900010401,1403900014809,202,27,357,PP
Transporte Público,20,1403900010435,1410100010537,10,29,7020,PP
Transporte Público,20,1403900010435,1410100092181,62,29,7176,PP
Transporte Público,20,1403900010454,1403900010454,128,31,31,PP
Transporte Público,20,1403900010492,1403900013798,257,34,267,PP
Transporte Público,20,1403900010524,1410100011323,82,37,7084,PP
Transporte Público,20,1403900010539,1403900010539,140,38,38,PP
Transporte Público,20,1403900010596,1409800012131,52,42,6111,PP
Transporte Público,20,1403900010613,1409700050335,11,44,5035,PP
Transporte Público,20,1403900010632,1403900010929,114,45,72,PP
Transporte Público,20,1403900010647,140390001165A,63,46,136,PP
Transporte Público,20,1403900010666,1403900010666,114,48,48,PP
Transporte Público,20,1403900010666,1407000140219,36,48,3044,PP
Transporte Público,20,1403900010685,1403900010863,52,50,67,PP
Transporte Público,20,1403900010740,1412000013787,48,56,8207,PP
Transporte Público,20,1403900010740,1412000015177,27,56,8299,PP
Transporte Público,20,1403900010755,1403900010435,63,57,29,PP
Transporte Público,20,1403900010774,1403900010774,63,58,58,PP
Transporte Público,20,1403900010810,1403900015012,140,62,378,PP
Transporte Público,20,1403900010810,1410100011272,10,62,7079,PP
Transporte Público,20,1403900010825,1403900014781,128,63,355,PP
Transporte Público,20,1403900010825,1410100011268,10,63,7078,PP
Transporte Público,20,1403900010859,1403900011912,126,66,160,PP
Transporte Público,20,1403900010863,1403900010276,128,67,15,PP
Transporte Público,20,1403900010863,1403900010505,128,67,35,PP
Transporte Público,20,1403900010863,1403900010789,140,67,59,PP
Transporte Público,20,1403900010863,1403900011715,136,67,142,PP
Transporte Público,20,1403900010863,1403900012056,136,67,174,PP
Transporte Público,20,1403900010863,1403900015012,280,67,378,PP
Transporte Público,20,1403900010863,1403900015154,131,67,392,PP
Transporte Público,20,1403900010863,1410100010147,30,67,7001,PP
Transporte Público,20,1403900010863,1410100011268,10,67,7078,PP
Transporte Público,20,1403900010863,1412000010602,26,67,8013,PP
Transporte Público,20,1403900010863,1412000011884,54,67,8062,PP
Transporte Público,20,1403900010863,1412000017050,53,67,8410,PP
Transporte Público,20,1403900010863,140390001418A,140,67,304,PP
Transporte Público,20,1403900010863,140390001489A,189,67,366,PP
Transporte Público,20,1403900010882,1410100010946,140,69,7052,PP
Transporte Público,20,1403900010897,141240090,2,70,9047,PP
Transporte Público,20,1403900010967,1412000010617,62,76,8014,PP
Transporte Público,20,1403900011005,140440026,6,80,1032,PP
Transporte Público,20,1403900011005,1403900010469,128,80,32,PP
Transporte Público,20,1403900011005,1403900010789,249,80,59,PP
Transporte Público,20,1403900011005,1403900010859,140,80,66,PP
Transporte Público,20,1403900011005,1403900010882,140,80,69,PP
Transporte Público,20,1403900011005,1403900013923,226,80,279,PP
Transporte Público,20,1403900011005,1409705601032,104,80,5236,PP
Transporte Público,20,1403900011005,1409800011044,101,80,6035,PP
Transporte Público,20,1403900011005,1412000014234,77,80,8232,PP
Transporte Público,20,1403900011005,1412000016512,62,80,8368,PP
Transporte Público,20,1403900011005,140390001090A,249,80,71,PP
Transporte Público,20,1403900011005,140390001286A,226,80,228,PP
Transporte Público,20,1403900011024,1403900011024,114,82,82,PP
Transporte Público,20,1403900011024,1410100010768,131,82,7038,PP
Transporte Público,20,1403900011024,1412000012562,152,82,8109,PP
Transporte Público,20,1403900011043,1403900013209,140,84,235,PP
Transporte Público,20,1403900011062,1407000211005,9,85,3087,PP
Transporte Público,20,1403900011128,1409800011398,13,91,6061,PP
Transporte Público,20,1403900011132,1403900010454,128,92,31,PP
Transporte Público,20,1403900011132,1403900011217,140,92,100,PP
Transporte Público,20,1403900011132,1403900011946,111,92,163,PP
Transporte Público,20,1403900011132,1412000012257,96,92,8078,PP
Transporte Público,20,1403900011170,1403900010204,512,96,11,PP
Transporte Público,20,1403900011170,1403900010238,128,96,13,PP
Transporte Público,20,1403900011170,1403900010882,140,96,69,PP
Transporte Público,20,1403900011170,1403900011378,111,96,113,PP
Transporte Público,20,1403900011170,1403900012056,136,96,174,PP
Transporte Público,20,1403900011170,1403900013707,27,96,260,PP
Transporte Público,20,1403900011170,1403900014476,131,96,328,PP
Transporte Público,20,1403900011170,1403900015506,93,96,425,PP
Transporte Público,20,1403900011170,1407000211109,36,96,3090,PP
Transporte Público,20,1403900011170,1409708223043,136,96,5276,PP
Transporte Público,20,1403900011170,1409800010370,13,96,6014,PP
Transporte Público,20,1403900011170,1412000010369,111,96,8008,PP
Transporte Público,20,1403900011170,1412000012454,21,96,8098,PP
Transporte Público,20,1403900011170,1412000015209,26,96,8302,PP
Transporte Público,20,1403900011217,1403900014828,128,100,359,PP
Transporte Público,20,1403900011236,1410100091677,62,102,7155,PP
Transporte Público,20,1403900011274,1403900015474,125,103,422,PP
Transporte Público,20,1403900011274,1412000012115,27,103,8069,PP
Transporte Público,20,1403900011289,1403900015506,93,104,425,PP
Transporte Público,20,1403900011293,1403900010469,128,105,32,PP
Transporte Público,20,1403900011293,1403900013783,93,105,266,PP
Transporte Público,20,1403900011293,1410101892656,82,105,7221,PP
Transporte Público,20,1403900011310,1409800012930,13,107,6177,PP
Transporte Público,20,1403900011310,1409800012983,13,107,6180,PP
Transporte Público,20,1403900011325,1403900011113,114,108,90,PP
Transporte Público,20,1403900011325,1409708221530,136,108,5252,PP
Transporte Público,20,1403900011344,1407000430492,36,110,3098,PP
Transporte Público,20,1403900011344,1409700010532,31,110,5006,PP
Transporte Público,20,1403900011344,1412000013791,48,110,8208,PP
Transporte Público,20,1403900011344,1412000015177,27,110,8299,PP
Transporte Público,20,1403900011359,141011963,10,111,7230,PP
Transporte Público,20,1403900011359,141200034,34,111,8442,PP
Transporte Público,20,1403900011359,1403900010276,128,111,15,PP
Transporte Público,20,1403900011359,1403900010469,256,111,32,PP
Transporte Público,20,1403900011359,1403900010632,114,111,45,PP
Transporte Público,20,1403900011359,1403900011217,140,111,100,PP
Transporte Público,20,1403900011359,1403900011452,140,111,121,PP
Transporte Público,20,1403900011359,1403900011683,140,111,139,PP
Transporte Público,20,1403900011359,1403900011823,114,111,151,PP
Transporte Público,20,1403900011359,1403900012200,63,111,184,PP
Transporte Público,20,1403900011359,1403900012592,27,111,213,PP
Transporte Público,20,1403900011359,1403900012696,238,111,221,PP
Transporte Público,20,1403900011359,1403900013374,125,111,240,PP
Transporte Público,20,1403900011359,1403900013514,125,111,244,PP
Transporte Público,20,1403900011359,1403900013730,27,111,263,PP
Transporte Público,20,1403900011359,1403900014033,27,111,290,PP
Transporte Público,20,1403900011359,1403900014118,114,111,298,PP
Transporte Público,20,1403900011359,1403900014423,128,111,323,PP
Transporte Público,20,1403900011359,1403900014480,234,111,329,PP
Transporte Público,20,1403900011359,1403900014743,227,111,352,PP
Transporte Público,20,1403900011359,1403900015417,93,111,417,PP
Transporte Público,20,1403900011359,1404400020134,4,111,1016,PP
Transporte Público,20,1403900011359,1407000130416,36,111,3034,PP
Transporte Público,20,1403900011359,1407000131452,54,111,3041,PP
Transporte Público,20,1403900011359,1407000140276,13,111,3046,PP
Transporte Público,20,1403900011359,1407000140488,36,111,3053,PP
Transporte Público,20,1403900011359,1407000140859,72,111,3062,PP
Transporte Público,20,1403900011359,1407000201397,33,111,3080,PP
Transporte Público,20,1403900011359,1407000210736,9,111,3082,PP
Transporte Público,20,1403900011359,1407000430308,36,111,3097,PP
Transporte Público,20,1403900011359,1407000430897,36,111,3106,PP
Transporte Público,20,1403900011359,1407000431147,27,111,3115,PP
Transporte Público,20,1403900011359,1409700053503,19,111,5047,PP
Transporte Público,20,1403900011359,1409700053518,11,111,5048,PP
Transporte Público,20,1403900011359,1409700150956,6,111,5068,PP
Transporte Público,20,1403900011359,1409700250369,56,111,5088,PP
Transporte Público,20,1403900011359,1409700353734,54,111,5178,PP
Transporte Público,20,1403900011359,1409700381827,136,111,5184,PP
Transporte Público,20,1403900011359,1409704241761,21,111,5232,PP
Transporte Público,20,1403900011359,1409704393895,31,111,5235,PP
Transporte Público,20,1403900011359,1409708221916,136,111,5263,PP
Transporte Público,20,1403900011359,1409708221973,136,111,5269,PP
Transporte Público,20,1403900011359,1409708432651,212,111,5335,PP
Transporte Público,20,1403900011359,1409708432670,94,111,5337,PP
Transporte Público,20,1403900011359,1409708432717,53,111,5341,PP
Transporte Público,20,1403900011359,1409708622929,106,111,5364,PP
Transporte Público,20,1403900011359,1409709033908,91,111,5381,PP
Transporte Público,20,1403900011359,1409800010370,13,111,6014,PP
Transporte Público,20,1403900011359,1409800011097,101,111,6040,PP
Transporte Público,20,1403900011359,1409800011167,125,111,6043,PP
Transporte Público,20,1403900011359,1409800011190,125,111,6046,PP
Transporte Público,20,1403900011359,1409800011468,52,111,6066,PP
Transporte Público,20,1403900011359,1409800011542,136,111,6071,PP
Transporte Público,20,1403900011359,1409800012911,52,111,6175,PP
Transporte Público,20,1403900011359,1410100010147,20,111,7001,PP
Transporte Público,20,1403900011359,1410100010151,10,111,7002,PP
Transporte Público,20,1403900011359,1410100010397,62,111,7009,PP
Transporte Público,20,1403900011359,1410100010471,23,111,7014,PP
Transporte Público,20,1403900011359,1410100010537,10,111,7020,PP
Transporte Público,20,1403900011359,1410100010594,62,111,7024,PP
Transporte Público,20,1403900011359,1410100010768,131,111,7038,PP
Transporte Público,20,1403900011359,1410100010931,82,111,7051,PP
Transporte Público,20,1403900011359,1410100011003,82,111,7058,PP
Transporte Público,20,1403900011359,1412000010617,62,111,8014,PP
Transporte Público,20,1403900011359,1412000011193,49,111,8035,PP
Transporte Público,20,1403900011359,1412000011206,33,111,8036,PP
Transporte Público,20,1403900011359,1412000011441,304,111,8043,PP
Transporte Público,20,1403900011359,1412000012204,95,111,8073,PP
Transporte Público,20,1403900011359,1412000012929,77,111,8138,PP
Transporte Público,20,1403900011359,1412000013062,214,111,8151,PP
Transporte Público,20,1403900011359,1412000013236,154,111,8166,PP
Transporte Público,20,1403900011359,1412000013630,52,111,8194,PP
Transporte Público,20,1403900011359,1412000013787,27,111,8207,PP
Transporte Público,20,1403900011359,1412000013819,48,111,8210,PP
Transporte Público,20,1403900011359,1412000014357,56,111,8244,PP
Transporte Público,20,1403900011359,1412000014662,28,111,8273,PP
Transporte Público,20,1403900011359,1412000015552,21,111,8325,PP
Transporte Público,20,1403900011359,1412000016141,52,111,8356,PP
Transporte Público,20,1403900011359,1412000017120,31,111,8417,PP
Transporte Público,20,1403900011359,1412002065054,2,111,8462,PP
Transporte Público,20,1403900011359,1412007580566,59,111,8534,PP
Transporte Público,20,1403900011359,140390001254A,68,111,208,PP
Transporte Público,20,1403900011359,140510001004A,3,111,2001,PP
Transporte Público,20,1403900011359,140700014083A,36,111,3060,PP
Transporte Público,20,1403900011359,140700043090A,72,111,3107,PP
Transporte Público,20,1403900011359,140980001110A,101,111,6041,PP
Transporte Público,20,1403900011359,140980001270A,52,111,6156,PP
Transporte Público,20,1403900011359,140980001320A,108,111,6198,PP
Transporte Público,20,1403900011359,140980128288A,104,111,6235,PP
Transporte Público,20,1403900011359,141200001326A,62,111,8167,PP
Transporte Público,20,1403900011359,141200001340A,21,111,8177,PP
Transporte Público,20,1403900011359,141200001447A,27,111,8256,PP
Transporte Público,20,1403900011359,141200001739A,31,111,8437,PP
Transporte Público,20,1403900011363,1403900010806,140,112,61,PP
Transporte Público,20,1403900011363,1407000430806,9,112,3105,PP
Transporte Público,20,1403900011378,1403900010153,114,113,9,PP
Transporte Público,20,1403900011378,1403900010825,280,113,63,PP
Transporte Público,20,1403900011378,1403900010859,280,113,66,PP
Transporte Público,20,1403900011378,1403900011946,111,113,163,PP
Transporte Público,20,1403900011378,1403900013016,226,113,230,PP
Transporte Público,20,1403900011378,1403900013923,226,113,279,PP
Transporte Público,20,1403900011378,1403900014118,114,113,298,PP
Transporte Público,20,1403900011378,1409700010918,9,113,5009,PP
Transporte Público,20,1403900011378,1409700053503,30,113,5047,PP
Transporte Público,20,1403900011378,1409708221973,136,113,5269,PP
Transporte Público,20,1403900011378,1409708223749,136,113,5290,PP
Transporte Público,20,1403900011378,1409708374200,242,113,5332,PP
Transporte Público,20,1403900011378,1409708531884,136,113,5358,PP
Transporte Público,20,1403900011378,1409800010370,13,113,6014,PP
Transporte Público,20,1403900011378,1409800012201,101,113,6116,PP
Transporte Público,20,1403900011378,1409800012663,13,113,6154,PP
Transporte Público,20,1403900011378,1409800012733,52,113,6159,PP
Transporte Público,20,1403900011378,1409800012983,13,113,6180,PP
Transporte Público,20,1403900011378,1410100010147,20,113,7001,PP
Transporte Público,20,1403900011378,1410100010679,23,113,7031,PP
Transporte Público,20,1403900011378,1410100010700,131,113,7032,PP
Transporte Público,20,1403900011378,1410100011554,23,113,7100,PP
Transporte Público,20,1403900011378,1410100011573,13,113,7102,PP
Transporte Público,20,1403900011378,141010001065A,82,113,7030,PP
Transporte Público,20,1403900011382,1403900011382,63,114,114,PP
Transporte Público,20,1403900011397,1403900012639,136,115,217,PP
Transporte Público,20,1403900011397,1412000010369,111,115,8008,PP
Transporte Público,20,1403900011414,1403900011414,126,117,117,PP
Transporte Público,20,1403900011448,1405100020181,24,120,2015,PP
Transporte Público,20,1403900011467,1410100010151,10,122,7002,PP
Transporte Público,20,1403900011490,1409708531884,136,124,5358,PP
Transporte Público,20,1403900011537,1403900010736,606,126,55,PP
Transporte Público,20,1403900011537,1403900011170,63,126,96,PP
Transporte Público,20,1403900011537,1403900011325,202,126,108,PP
Transporte Público,20,1403900011537,1403900011537,131,126,126,PP
Transporte Público,20,1403900011537,1403900014480,131,126,329,PP
Transporte Público,20,1403900011537,1403900015065,289,126,383,PP
Transporte Público,20,1403900011537,1403900015154,131,126,392,PP
Transporte Público,20,1403900011537,1410100010202,205,126,7004,PP
Transporte Público,20,1403900011537,1410100010452,23,126,7013,PP
Transporte Público,20,1403900011537,1410100010768,205,126,7038,PP
Transporte Público,20,1403900011556,1403900015417,93,127,417,PP
Transporte Público,20,1403900011556,1409800012131,53,127,6111,PP
Transporte Público,20,1403900011556,1409800012358,163,127,6126,PP
Transporte Público,20,1403900011556,1409800012377,93,127,6128,PP
Transporte Público,20,1403900011556,1412000013132,152,127,8157,PP
Transporte Público,20,1403900011556,1412000014215,77,127,8230,PP
Transporte Público,20,1403900011575,1409700350138,54,129,5169,PP
Transporte Público,20,1403900011607,1412000015177,48,132,8299,PP
Transporte Público,20,1403900011607,141200001372A,48,132,8203,PP
Transporte Público,20,1403900011626,140980012,104,133,6216,PP
Transporte Público,20,1403900011626,1403900011452,140,133,121,PP
Transporte Público,20,1403900011626,1403900012022,246,133,171,PP
Transporte Público,20,1403900011626,1403900012569,27,133,210,PP
Transporte Público,20,1403900011626,1403900012696,119,133,221,PP
Transporte Público,20,1403900011626,1403900013707,27,133,260,PP
Transporte Público,20,1403900011626,1404400020115,4,133,1014,PP
Transporte Público,20,1403900011626,1404400540435,15,133,1036,PP
Transporte Público,20,1403900011626,1409700340388,11,133,5158,PP
Transporte Público,20,1403900011626,1409706663950,104,133,5246,PP
Transporte Público,20,1403900011626,1409708223486,136,133,5283,PP
Transporte Público,20,1403900011626,1409708441704,59,133,5347,PP
Transporte Público,20,1403900011626,1409800011383,13,133,6060,PP
Transporte Público,20,1403900011626,1409800012841,26,133,6170,PP
Transporte Público,20,1403900011626,1409800012930,13,133,6177,PP
Transporte Público,20,1403900011626,1410100010151,20,133,7002,PP
Transporte Público,20,1403900011626,1410100220113,82,133,7196,PP
Transporte Público,20,1403900011626,140510001004A,1,133,2001,PP
Transporte Público,20,1403900011626,140970822358A,272,133,5285,PP
Transporte Público,20,1403900011626,140980001007A,136,133,6004,PP
Transporte Público,20,1403900011630,1403900011927,111,134,161,PP
Transporte Público,20,1403900011630,1410100010202,234,134,7004,PP
Transporte Público,20,1403900011630,1412000012948,49,134,8140,PP
Transporte Público,20,1403900011645,1410100011592,23,135,7104,PP
Transporte Público,20,1403900011679,1403900011645,63,138,135,PP
Transporte Público,20,1403900011683,1403900011683,249,139,139,PP
Transporte Público,20,1403900011715,1409800010506,272,142,6017,PP
Transporte Público,20,1403900011715,1410100092586,62,142,7190,PP
Transporte Público,20,1403900011753,1403900012569,27,145,210,PP
Transporte Público,20,1403900011753,1407000131486,54,145,3043,PP
Transporte Público,20,1403900011753,1412000012613,100,145,8112,PP
Transporte Público,20,1403900011768,1403900011132,140,146,92,PP
Transporte Público,20,1403900011768,1409800010953,101,146,6029,PP
Transporte Público,20,1403900011791,1409800012733,52,148,6159,PP
Transporte Público,20,1403900011804,140972416,94,149,5387,PP
Transporte Público,20,1403900011804,1403900011096,114,149,88,PP
Transporte Público,20,1403900011804,1409708223058,136,149,5277,PP
Transporte Público,20,1403900011804,1409708432702,94,149,5340,PP
Transporte Público,20,1403900011804,1409708623414,106,149,5366,PP
Transporte Público,20,1403900011804,1412000012967,112,149,8142,PP
Transporte Público,20,1403900011804,1412000013594,11,149,8190,PP
Transporte Público,20,1403900011838,1410100010378,131,152,7007,PP
Transporte Público,20,1403900011842,1412000010246,100,153,8004,PP
Transporte Público,20,1403900011857,1403900012446,27,154,203,PP
Transporte Público,20,1403900011857,1403900012588,48,154,212,PP
Transporte Público,20,1403900011857,1403900013711,27,154,261,PP
Transporte Público,20,1403900011857,1409800010370,49,154,6014,PP
Transporte Público,20,1403900011861,1409700053518,11,155,5048,PP
Transporte Público,20,1403900011861,1409800011966,93,155,6101,PP
Transporte Público,20,1403900011861,1409800012663,13,155,6154,PP
Transporte Público,20,1403900011861,1409801282875,52,155,6234,PP
Transporte Público,20,1403900011861,1410100011272,10,155,7079,PP
Transporte Público,20,1403900011880,1409800013040,41,157,6184,PP
Transporte Público,20,1403900011880,1410100010471,23,157,7014,PP
Transporte Público,20,1403900011880,1410100011592,23,157,7104,PP
Transporte Público,20,1403900011908,1409708531884,136,159,5358,PP
Transporte Público,20,1403900011927,1409800013214,54,161,6199,PP
Transporte Público,20,1403900011950,1412000016847,18,164,8396,PP
Transporte Público,20,1403900011984,1403900015578,93,167,432,PP
Transporte Público,20,1403900011984,1409800011951,93,167,6100,PP
Transporte Público,20,1403900011999,1403900011217,140,168,100,PP
Transporte Público,20,1403900011999,1403900011382,63,168,114,PP
Transporte Público,20,1403900011999,1403900014476,131,168,328,PP
Transporte Público,20,1403900011999,1409700010918,9,168,5009,PP
Transporte Público,20,1403900011999,1410100010378,131,168,7007,PP
Transporte Público,20,1403900011999,1410100010611,62,168,7026,PP
Transporte Público,20,1403900011999,1410100010630,124,168,7028,PP
Transporte Público,20,1403900012018,1403900011683,140,170,139,PP
Transporte Público,20,1403900012056,1403900011452,140,174,121,PP
Transporte Público,20,1403900012130,141011963,144,178,7230,PP
Transporte Público,20,1403900012130,1403900015296,140,178,405,PP
Transporte Público,20,1403900012130,1403900015474,125,178,422,PP
Transporte Público,20,1403900012130,1410100010537,10,178,7020,PP
Transporte Público,20,1403900012130,1410100010823,82,178,7043,PP
Transporte Público,20,1403900012130,1412000011579,100,178,8046,PP
Transporte Público,20,1403900012145,1403900012709,68,179,222,PP
Transporte Público,20,1403900012145,1409708352736,31,179,5323,PP
Transporte Público,20,1403900012145,1412000011206,11,179,8036,PP
Transporte Público,20,1403900012145,140390001553A,93,179,428,PP
Transporte Público,20,1403900012164,1403900011537,327,181,126,PP
Transporte Público,20,1403900012164,1403900015597,128,181,434,PP
Transporte Público,20,1403900012179,1403900014781,128,182,355,PP
Transporte Público,20,1403900012179,1403900015525,125,182,427,PP
Transporte Público,20,1403900012179,1409800011909,186,182,6097,PP
Transporte Público,20,1403900012183,1403900011927,63,183,161,PP
Transporte Público,20,1403900012183,1409700353772,54,183,5179,PP
Transporte Público,20,1403900012183,1409708823984,136,183,5377,PP
Transporte Público,20,1403900012183,1409800013214,54,183,6199,PP
Transporte Público,20,1403900012183,140390001489A,63,183,366,PP
Transporte Público,20,1403900012183,140970831205A,96,183,5302,PP
Transporte Público,20,1403900012183,140980001320A,54,183,6198,PP
Transporte Público,20,1403900012291,1410100092213,62,191,7179,PP
Transporte Público,20,1403900012304,1403900012304,136,192,192,PP
Transporte Público,20,1403900012304,1410100011018,136,192,7059,PP
Transporte Público,20,1403900012319,1403900015671,131,193,442,PP
Transporte Público,20,1403900012319,1407000210736,9,193,3082,PP
Transporte Público,20,1403900012319,140700014083A,36,193,3060,PP
Transporte Público,20,1403900012376,1407000140276,14,197,3046,PP
Transporte Público,20,1403900012408,140510001004A,1,200,2001,PP
Transporte Público,20,1403900012427,1403900013514,125,201,244,PP
Transporte Público,20,1403900012427,1403900014048,125,201,291,PP
Transporte Público,20,1403900012427,1403900015489,27,201,423,PP
Transporte Público,20,1403900012427,1409708312045,136,201,5301,PP
Transporte Público,20,1403900012427,1410100012054,82,201,7131,PP
Transporte Público,20,1403900012427,140390001546A,125,201,421,PP
Transporte Público,20,1403900012431,1403900012431,27,202,202,PP
Transporte Público,20,1403900012501,1403900012709,68,204,222,PP
Transporte Público,20,1403900012501,1403900014052,119,204,292,PP
Transporte Público,20,1403900012520,1403900012802,125,206,227,PP
Transporte Público,20,1403900012520,1403900015474,125,206,422,PP
Transporte Público,20,1403900012554,1403900011185,63,209,97,PP
Transporte Público,20,1403900012554,1403900011823,114,209,151,PP
Transporte Público,20,1403900012554,1403900012554,125,209,209,PP
Transporte Público,20,1403900012554,1409800010370,13,209,6014,PP
Transporte Público,20,1403900012554,1409801282875,52,209,6234,PP
Transporte Público,20,1403900012554,1410100011323,82,209,7084,PP
Transporte Público,20,1403900012554,140980001135A,125,209,6057,PP
Transporte Público,20,1403900012569,1403900012569,48,210,210,PP
Transporte Público,20,1403900012569,1403900013726,27,210,262,PP
Transporte Público,20,1403900012569,1409700012100,31,210,5022,PP
Transporte Público,20,1403900012569,1410100011003,82,210,7058,PP
Transporte Público,20,1403900012569,1412000012401,54,210,8093,PP
Transporte Público,20,1403900012569,140700014044A,72,210,3049,PP
Transporte Público,20,1403900012588,1403900012376,68,212,197,PP
Transporte Público,20,1403900012588,1403900012569,27,212,210,PP
Transporte Público,20,1403900012588,1409800012131,52,212,6111,PP
Transporte Público,20,1403900012588,1410100011323,82,212,7084,PP
Transporte Público,20,1403900012592,1403900012592,75,213,213,PP
Transporte Público,20,1403900012592,1403900014033,27,213,290,PP
Transporte Público,20,1403900012605,1407000140558,13,214,3055,PP
Transporte Público,20,1403900012605,1409800012625,101,214,6150,PP
Transporte Público,20,1403900012624,1409800011237,54,216,6050,PP
Transporte Público,20,1403900012639,1403900012639,136,217,217,PP
Transporte Público,20,1403900012639,1409800011167,250,217,6043,PP
Transporte Público,20,1403900012662,1407000430295,36,218,3096,PP
Transporte Público,20,1403900012662,1409800010968,101,218,6030,PP
Transporte Público,20,1403900012662,1409800011063,101,218,6037,PP
Transporte Público,20,1403900012662,1409800011576,26,218,6072,PP
Transporte Público,20,1403900012662,1409800012822,101,218,6168,PP
Transporte Público,20,1403900012662,1410100010999,82,218,7057,PP
Transporte Público,20,1403900012662,1410100011573,13,218,7102,PP
Transporte Público,20,1403900012662,1410100012016,262,218,7127,PP
Transporte Público,20,1403900012713,1403900012681,68,223,220,PP
Transporte Público,20,1403900012713,1403900013961,68,223,283,PP
Transporte Público,20,1403900012713,1409800011646,91,223,6076,PP
Transporte Público,20,1403900012713,1409800011684,91,223,6080,PP
Transporte Público,20,1403900012713,1409800011716,52,223,6082,PP
Transporte Público,20,1403900012713,1409800012485,125,223,6137,PP
Transporte Público,20,1403900012713,1409800012714,52,223,6157,PP
Transporte Público,20,1403900012713,1409801282875,104,223,6234,PP
Transporte Público,20,1403900012713,140390001546A,227,223,421,PP
Transporte Público,20,1403900012728,1412000012115,48,224,8069,PP
Transporte Público,20,1403900012728,1412000012454,21,224,8098,PP
Transporte Público,20,1403900012728,1412000013113,48,224,8155,PP
Transporte Público,20,1403900012728,141010009211A,62,224,7169,PP
Transporte Público,20,1403900012802,140970602,59,227,5242,PP
Transporte Público,20,1403900013088,1409700250369,51,232,5088,PP
Transporte Público,20,1403900013088,1409700250477,28,232,5091,PP
Transporte Público,20,1403900013143,1412000010227,100,233,8002,PP
Transporte Público,20,1403900013143,1412000012863,11,233,8133,PP
Transporte Público,20,1403900013143,1412000012948,49,233,8140,PP
Transporte Público,20,1403900013143,1412000012967,56,233,8142,PP
Transporte Público,20,1403900013177,1403900014654,93,234,346,PP
Transporte Público,20,1403900013177,1410100010147,20,234,7001,PP
Transporte Público,20,1403900013177,1410100010151,20,234,7002,PP
Transporte Público,20,1403900013209,1403900013209,140,235,235,PP
Transporte Público,20,1403900013321,1409800012983,14,237,6180,PP
Transporte Público,20,1403900013336,1403900014654,93,238,346,PP
Transporte Público,20,1403900013340,1403900013340,68,239,239,PP
Transporte Público,20,1403900013374,140980001135A,125,240,6057,PP
Transporte Público,20,1403900013406,1409800012432,125,241,6132,PP
Transporte Público,20,1403900013529,1403900013980,111,245,285,PP
Transporte Público,20,1403900013529,1409800011468,52,245,6066,PP
Transporte Público,20,1403900013548,140390001368A,27,247,258,PP
Transporte Público,20,1403900013586,1412000012825,54,250,8130,PP
Transporte Público,20,1403900013590,1403900013590,128,251,251,PP
Transporte Público,20,1403900013618,1403900013618,128,253,253,PP
Transporte Público,20,1403900013641,1403900013730,27,255,263,PP
Transporte Público,20,1403900013641,1403900014048,125,255,291,PP
Transporte Público,20,1403900013641,1403900015099,131,255,386,PP
Transporte Público,20,1403900013641,1403900015120,131,255,389,PP
Transporte Público,20,1403900013641,1403900015224,131,255,399,PP
Transporte Público,20,1403900013641,1409800011044,101,255,6035,PP
Transporte Público,20,1403900013641,1409800011097,101,255,6040,PP
Transporte Público,20,1403900013641,1409800011379,101,255,6059,PP
Transporte Público,20,1403900013641,1409800011434,52,255,6063,PP
Transporte Público,20,1403900013641,1409800012803,101,255,6166,PP
Transporte Público,20,1403900013641,1410100010611,62,255,7026,PP
Transporte Público,20,1403900013641,1410100010679,23,255,7031,PP
Transporte Público,20,1403900013641,1410100011446,136,255,7094,PP
Transporte Público,20,1403900013641,1410100011592,23,255,7104,PP
Transporte Público,20,1403900013641,1412000011850,100,255,8059,PP
Transporte Público,20,1403900013641,140390001553A,93,255,428,PP
Transporte Público,20,1403900013641,140510001004A,1,255,2001,PP
Transporte Público,20,1403900013656,1403900010736,114,256,55,PP
Transporte Público,20,1403900013656,1403900013834,63,256,271,PP
Transporte Público,20,1403900013656,1409800010671,454,256,6021,PP
Transporte Público,20,1403900013660,141011963,10,257,7230,PP
Transporte Público,20,1403900013711,1403900014048,125,261,291,PP
Transporte Público,20,1403900013726,1410100011003,82,262,7058,PP
Transporte Público,20,1403900013745,141200123,33,264,8455,PP
Transporte Público,20,1403900013745,1403900014014,125,264,288,PP
Transporte Público,20,1403900013745,1409800012714,52,264,6157,PP
Transporte Público,20,1403900013764,1410100011268,10,265,7078,PP
Transporte Público,20,1403900013783,1403900013016,226,266,230,PP
Transporte Público,20,1403900013783,1403900013088,226,266,232,PP
Transporte Público,20,1403900013783,1403900013552,125,266,248,PP
Transporte Público,20,1403900013783,1403900014387,226,266,320,PP
Transporte Público,20,1403900013783,1403900015559,93,266,430,PP
Transporte Público,20,1403900013798,1403900015328,226,267,408,PP
Transporte Público,20,1403900013800,1403900010505,128,268,35,PP
Transporte Público,20,1403900013800,1403900014300,131,268,316,PP
Transporte Público,20,1403900013815,1403900013798,128,269,267,PP
Transporte Público,20,1403900013815,1410100011272,10,269,7079,PP
Transporte Público,20,1403900013815,1410100011997,124,269,7125,PP
Transporte Público,20,1403900013853,1403900010736,228,273,55,PP
Transporte Público,20,1403900013872,1410100010471,23,275,7014,PP
Transporte Público,20,1403900013872,1410100010679,23,275,7031,PP
Transporte Público,20,1403900013891,1403900015597,128,276,434,PP
Transporte Público,20,1403900013919,1409708221530,242,278,5252,PP
Transporte Público,20,1403900013919,1409708223749,242,278,5290,PP
Transporte Público,20,1403900013919,1409708823984,136,278,5377,PP
Transporte Público,20,1403900013923,1403900013482,128,279,242,PP
Transporte Público,20,1403900013923,1403900013798,128,279,267,PP
Transporte Público,20,1403900013938,1410100010541,234,280,7021,PP
Transporte Público,20,1403900013976,1403900015578,93,284,432,PP
Transporte Público,20,1403900013976,1409708222469,136,284,5274,PP
Transporte Público,20,1403900013976,1410100010147,10,284,7001,PP
Transporte Público,20,1403900013995,1409800010506,272,286,6017,PP
Transporte Público,20,1403900013995,1409800012625,101,286,6150,PP
Transporte Público,20,1403900013995,1409800012930,13,286,6177,PP
Transporte Público,20,1403900013995,1410100010147,10,286,7001,PP
Transporte Público,20,1403900014014,1403900013745,125,288,264,PP
Transporte Público,20,1403900014014,1403900014014,125,288,288,PP
Transporte Público,20,1403900014033,1403900010473,128,290,33,PP
Transporte Público,20,1403900014033,1403900010524,226,290,37,PP
Transporte Público,20,1403900014033,1409708223077,136,290,5279,PP
Transporte Público,20,1403900014033,1409800011345,136,290,6056,PP
Transporte Público,20,1403900014033,1409800011468,52,290,6066,PP
Transporte Público,20,1403900014033,1409800012983,13,290,6180,PP
Transporte Público,20,1403900014033,140390001286A,226,290,228,PP
Transporte Público,20,1403900014033,140390001546A,125,290,421,PP
Transporte Público,20,1403900014071,1412000010814,62,294,8022,PP
Transporte Público,20,1403900014071,1412000012806,27,294,8128,PP
Transporte Público,20,1403900014071,1412000013081,77,294,8153,PP
Transporte Público,20,1403900014071,1412000014304,96,294,8239,PP
Transporte Público,20,1403900014103,1403900011645,111,297,135,PP
Transporte Público,20,1403900014226,1410100010522,62,308,7019,PP
Transporte Público,20,1403900014283,1410100010768,131,314,7038,PP
Transporte Público,20,1403900014300,1403900011645,131,316,135,PP
Transporte Público,20,1403900014300,1403900014300,131,316,316,PP
Transporte Público,20,1403900014391,1403900013891,128,321,276,PP
Transporte Público,20,1403900014461,1403900013321,68,327,237,PP
Transporte Público,20,1403900014476,1403900015277,140,328,403,PP
Transporte Público,20,1403900014476,1410100010202,131,328,7004,PP
Transporte Público,20,1403900014480,1409708221530,131,329,5252,PP
Transporte Público,20,1403900014495,1403900014781,128,330,355,PP
Transporte Público,20,1403900014512,1403900014527,262,332,333,PP
Transporte Público,20,1403900014531,1410100011268,10,334,7078,PP
Transporte Público,20,1403900014546,1403900010933,43,335,73,PP
Transporte Público,20,1403900014546,1403900011185,63,335,97,PP
Transporte Público,20,1403900014546,1403900011217,140,335,100,PP
Transporte Público,20,1403900014546,1403900012588,27,335,212,PP
Transporte Público,20,1403900014546,1403900013656,202,335,256,PP
Transporte Público,20,1403900014546,1403900013800,249,335,268,PP
Transporte Público,20,1403900014546,1403900015008,249,335,377,PP
Transporte Público,20,1403900014546,1403900015347,54,335,410,PP
Transporte Público,20,1403900014546,1403900015671,262,335,442,PP
Transporte Público,20,1403900014546,1405100010054,33,335,2002,PP
Transporte Público,20,1403900014546,1409704240570,21,335,5229,PP
Transporte Público,20,1403900014546,1409800012150,13,335,6112,PP
Transporte Público,20,1403900014546,1410100010857,82,335,7045,PP
Transporte Público,20,1403900014546,1410100010895,82,335,7048,PP
Transporte Público,20,1403900014546,1410100010999,164,335,7057,PP
Transporte Público,20,1403900014546,1410100011094,124,335,7066,PP
Transporte Público,20,1403900014546,1410100342641,144,335,7217,PP
Transporte Público,20,1403900014546,1410101892656,144,335,7221,PP
Transporte Público,20,1403900014546,1412000010369,137,335,8008,PP
Transporte Público,20,1403900014546,1412000012435,137,335,8096,PP
Transporte Público,20,1403900014546,1412000012914,49,335,8137,PP
Transporte Público,20,1403900014546,1412000013575,33,335,8189,PP
Transporte Público,20,1403900014546,1412000016512,31,335,8368,PP
Transporte Público,20,1403900014546,1412000016921,31,335,8404,PP
Transporte Público,20,1403900014550,1409800012983,13,336,6180,PP
Transporte Público,20,1403900014565,1403900012592,27,337,213,PP
Transporte Público,20,1403900014565,1409800011928,48,337,6099,PP
Transporte Público,20,1403900014565,1412000012312,28,337,8084,PP
Transporte Público,20,1403900014601,1403900015436,93,341,419,PP
Transporte Público,20,1403900014669,1412000012990,152,347,8145,PP
Transporte Público,20,1403900014673,1407000211109,36,348,3090,PP
Transporte Público,20,1403900014673,1409708714060,54,348,5372,PP
Transporte Público,20,1403900014673,140390001553A,93,348,428,PP
Transporte Público,20,1403900014724,1403900012022,136,351,171,PP
Transporte Público,20,1403900014724,1409800012254,101,351,6121,PP
Transporte Público,20,1403900014743,1409800011646,52,352,6076,PP
Transporte Público,20,1403900014743,1412000015444,26,352,8316,PP
Transporte Público,20,1403900014743,1412000620176,75,352,8446,PP
Transporte Público,20,1403900014832,1403900011170,63,360,96,PP
Transporte Público,20,1403900014832,1403900013942,128,360,281,PP
Transporte Público,20,1403900014832,1410100011268,10,360,7078,PP
Transporte Público,20,1403900014832,1410100091802,124,360,7159,PP
Transporte Público,20,1403900014870,1403900014870,114,364,364,PP
Transporte Público,20,1403900014936,1403900010435,63,370,29,PP
Transporte Público,20,1403900014936,1403900010986,202,370,78,PP
Transporte Público,20,1403900014936,1403900013016,226,370,230,PP
Transporte Público,20,1403900014936,1403900013942,354,370,281,PP
Transporte Público,20,1403900014936,1410100010147,10,370,7001,PP
Transporte Público,20,1403900014936,1412000012793,123,370,8127,PP
Transporte Público,20,1403900014936,1412000013043,77,370,8149,PP
Transporte Público,20,1403900014936,1412000013113,48,370,8155,PP
Transporte Público,20,1403900015008,1403900014245,140,377,310,PP
Transporte Público,20,1403900015027,1409800010262,102,379,6009,PP
Transporte Público,20,1403900015031,1410100091802,62,380,7159,PP
Transporte Público,20,1403900015050,1410100010749,262,382,7036,PP
Transporte Público,20,1403900015065,1403900013834,252,383,271,PP
Transporte Público,20,1403900015065,1403900015065,131,383,383,PP
Transporte Público,20,1403900015188,1403900015188,131,395,395,PP
Transporte Público,20,1403900015243,1403900015243,140,400,400,PP
Transporte Público,20,1403900015277,1403900015277,140,403,403,PP
Transporte Público,20,1403900015328,1403900010238,128,408,13,PP
Transporte Público,20,1403900015347,1403900015347,27,410,410,PP
Transporte Público,20,1403900015366,1403900012728,125,412,224,PP
Transporte Público,20,1403900015366,1403900013340,136,412,239,PP
Transporte Público,20,1403900015366,1403900013730,27,412,263,PP
Transporte Público,20,1403900015366,1409700320053,59,412,5135,PP
Transporte Público,20,1403900015366,1409708223749,136,412,5290,PP
Transporte Público,20,1403900015366,1409800012292,93,412,6124,PP
Transporte Público,20,1403900015366,1409800012377,93,412,6128,PP
Transporte Público,20,1403900015366,1409800012589,93,412,6147,PP
Transporte Público,20,1403900015366,1410100010147,46,412,7001,PP
Transporte Público,20,1403900015366,1410100010151,10,412,7002,PP
Transporte Público,20,1403900015366,1412000014662,28,412,8273,PP
Transporte Público,20,1403900015366,1412000014889,95,412,8286,PP
Transporte Público,20,1403900015366,1412000016550,95,412,8372,PP
Transporte Público,20,1403900015366,140970822358A,136,412,5285,PP
Transporte Público,20,1403900015402,140700014044A,36,416,3049,PP
Transporte Público,20,1403900015440,1403900015578,93,420,432,PP
Transporte Público,20,1403900015474,1403900015474,125,422,422,PP
Transporte Público,20,1403900015506,1403900015506,93,425,425,PP
Transporte Público,20,1403900015563,1409800011237,54,431,6050,PP
Transporte Público,20,1403900015614,1403900014048,125,436,291,PP
Transporte Público,20,1403900015633,140390001090A,140,438,71,PP
Transporte Público,20,1403900015652,1403900012126,68,440,177,PP
Transporte Público,20,1403900015652,1409700350138,54,440,5169,PP
Transporte Público,20,1403900015652,1409708714060,96,440,5372,PP
Transporte Público,20,1403900015652,140970831205A,54,440,5302,PP
Transporte Público,20,1403900015667,1410100010823,164,441,7043,PP
Transporte Público,20,1403900015671,1403900012319,131,442,193,PP
Transporte Público,20,1404400010098,1404400540420,15,1004,1035,PP
Transporte Público,20,1404400010098,1410100010310,82,1004,7005,PP
Transporte Público,20,1404400540401,1404400020346,4,1033,1022,PP
Transporte Público,20,1405100010054,140510001004A,1,2002,2001,PP
Transporte Público,20,1405100010069,140510001004A,2,2003,2001,PP
Transporte Público,20,1405100020181,1410100011573,13,2015,7102,PP
Transporte Público,20,1405100020196,1409800010879,24,2016,6028,PP
Transporte Público,20,1405100020209,140701467,13,2017,3133,PP
Transporte Público,20,1407000010030,140510001004A,1,3001,2001,PP
Transporte Público,20,1407000010045,140440011,15,3002,1031,PP
Transporte Público,20,1407000010045,1407001211518,26,3002,3127,PP
Transporte Público,20,1407000010045,1409800012377,93,3002,6128,PP
Transporte Público,20,1407000010045,140510001004A,6,3002,2001,PP
Transporte Público,20,1407000010045,140700111133A,33,3002,3121,PP
Transporte Público,20,1407000010100,140510001004A,1,3004,2001,PP
Transporte Público,20,1407000010115,1409800012362,93,3005,6127,PP
Transporte Público,20,1407000010115,1410100011323,82,3005,7084,PP
Transporte Público,20,1407000010399,140510001004A,1,3010,2001,PP
Transporte Público,20,1407000130083,1407000140558,13,3028,3055,PP
Transporte Público,20,1407000130083,1409800012837,23,3028,6169,PP
Transporte Público,20,1407000130238,1407000130435,36,3029,3036,PP
Transporte Público,20,1407000130350,1407000130327,36,3031,3030,PP
Transporte Público,20,1407000130350,140980001320A,108,3031,6198,PP
Transporte Público,20,1407000130401,1407000130365,36,3033,3032,PP
Transporte Público,20,1407000130401,1407000131448,108,3033,3040,PP
Transporte Público,20,1407000130401,1407000140219,36,3033,3044,PP
Transporte Público,20,1407000130401,1407000140223,36,3033,3045,PP
Transporte Público,20,1407000130401,1407000140488,36,3033,3053,PP
Transporte Público,20,1407000130401,1407000140810,36,3033,3058,PP
Transporte Público,20,1407000130401,1407000430295,36,3033,3096,PP
Transporte Público,20,1407000130401,1409800011608,101,3033,6074,PP
Transporte Público,20,1407000130401,1409800012663,13,3033,6154,PP
Transporte Público,20,1407000130401,1409800012752,13,3033,6161,PP
Transporte Público,20,1407000130401,1410100011427,82,3033,7092,PP
Transporte Público,20,1407000130401,140700043090A,36,3033,3107,PP
Transporte Público,20,1407000130416,1403900012319,63,3034,193,PP
Transporte Público,20,1407000130416,140700020126A,33,3034,3078,PP
Transporte Público,20,1407000131429,1407000211005,9,3038,3087,PP
Transporte Público,20,1407000131471,1407000130327,36,3042,3030,PP
Transporte Público,20,1407000131486,1403900011359,54,3043,111,PP
Transporte Público,20,1407000140276,1407000430651,9,3046,3103,PP
Transporte Público,20,1407000140276,1407001111325,33,3046,3120,PP
Transporte Público,20,1407000140276,1409800011576,13,3046,6072,PP
Transporte Público,20,1407000140276,140510001004A,1,3046,2001,PP
Transporte Público,20,1407000140346,1407000140346,36,3048,3048,PP
Transporte Público,20,1407000140488,1403900012319,36,3053,193,PP
Transporte Público,20,1407000140825,1412000010547,72,3059,8012,PP
Transporte Público,20,1407000200079,140510001004A,1,3065,2001,PP
Transporte Público,20,1407000200191,1404400100223,32,3066,1027,PP
Transporte Público,20,1407000200191,1409701152596,33,3066,5217,PP
Transporte Público,20,1407000200191,140510001004A,1,3066,2001,PP
Transporte Público,20,1407000200204,1409701150890,33,3067,5212,PP
Transporte Público,20,1407000200204,140510001004A,2,3067,2001,PP
Transporte Público,20,1407000200242,1407000431147,9,3068,3115,PP
Transporte Público,20,1407000200257,1407000130327,36,3069,3030,PP
Transporte Público,20,1407000200257,1409700092859,32,3069,5055,PP
Transporte Público,20,1407000200257,140440002012A,4,3069,1015,PP
Transporte Público,20,1407000200789,1407000140825,33,3072,3059,PP
Transporte Público,20,1407000200789,1407000211005,9,3072,3087,PP
Transporte Público,20,1407000201255,1404400540401,15,3077,1033,PP
Transporte Público,20,1407000210755,1407000210755,18,3084,3084,PP
Transporte Público,20,1407000210967,140700014083A,9,3086,3060,PP
Transporte Público,20,1407000211109,1407000211109,36,3090,3090,PP
Transporte Público,20,1407000211113,140980001053A,36,3091,6019,PP
Transporte Público,20,1407000430295,1403900010736,114,3096,55,PP
Transporte Público,20,1407000430295,1403900012319,36,3096,193,PP
Transporte Público,20,1407000430308,1407000430308,36,3097,3097,PP
Transporte Público,20,1407000430806,1407000430806,9,3105,3105,PP
Transporte Público,20,1407000430897,1410100011569,13,3106,7101,PP
Transporte Público,20,1407000431039,140700014083A,9,3112,3060,PP
Transporte Público,20,1407000431147,140700014083A,9,3115,3060,PP
Transporte Público,20,1407001111359,1405100010139,1,3123,2010,PP
Transporte Público,20,1407001111359,140510001004A,1,3123,2001,PP
Transporte Público,20,1407001111363,1409701150890,34,3124,5212,PP
Transporte Público,20,1407001111378,1407000010702,33,3125,3015,PP
Transporte Público,20,1407001111378,140510001004A,1,3125,2001,PP
Transporte Público,20,1407001111378,140700021076A,9,3125,3085,PP
Transporte Público,20,1409700010195,1407000011503,33,5001,3026,PP
Transporte Público,20,1409700010195,14097059A,54,5001,5241,PP
Transporte Público,20,1409700010212,1409700010922,9,5003,5010,PP
Transporte Público,20,1409700010212,1409700341352,11,5003,5161,PP
Transporte Público,20,1409700010212,140970001212A,31,5003,5024,PP
Transporte Público,20,1409700010918,1403900014584,68,5009,339,PP
Transporte Público,20,1409700010918,1409700012115,31,5009,5023,PP
Transporte Público,20,1409700010918,1409700150710,6,5009,5066,PP
Transporte Público,20,1409700010918,1409700250477,28,5009,5091,PP
Transporte Público,20,1409700010918,1409708441691,59,5009,5346,PP
Transporte Público,20,1409700010918,1409801282875,52,5009,6234,PP
Transporte Público,20,1409700010918,1412000010373,137,5009,8009,PP
Transporte Público,20,1409700010918,1412000014234,137,5009,8232,PP
Transporte Público,20,1409700010922,1409708223700,136,5010,5287,PP
Transporte Público,20,1409700010922,1409708331865,136,5010,5312,PP
Transporte Público,20,1409700010922,140970001212A,32,5010,5024,PP
Transporte Público,20,1409700010941,1409708432651,53,5012,5335,PP
Transporte Público,20,1409700050335,14097059A,11,5035,5241,PP
Transporte Público,20,1409700050655,1409700053166,11,5038,5045,PP
Transporte Público,20,1409700053503,14097059A,19,5047,5241,PP
Transporte Público,20,1409700053518,1409704240443,11,5048,5228,PP
Transporte Público,20,1409700092810,1407000140844,36,5051,3061,PP
Transporte Público,20,1409700092810,1409707771780,32,5051,5247,PP
Transporte Público,20,1409700201013,140980012,21,5079,6216,PP
Transporte Público,20,1409700201013,1409700250477,28,5079,5091,PP
Transporte Público,20,1409700201013,1409700340250,22,5079,5156,PP
Transporte Público,20,1409700201013,1409700340373,11,5079,5157,PP
Transporte Público,20,1409700201013,1409704241761,42,5079,5232,PP
Transporte Público,20,1409700201013,1409708441691,59,5079,5346,PP
Transporte Público,20,1409700201013,1409800012042,21,5079,6105,PP
Transporte Público,20,1409700201013,1409800012574,93,5079,6146,PP
Transporte Público,20,1409700201013,1412000012295,28,5079,8082,PP
Transporte Público,20,1409700201013,1412000012488,16,5079,8101,PP
Transporte Público,20,1409700201013,140970884397A,59,5079,5380,PP
Transporte Público,20,1409700233202,1409800011260,54,5085,6053,PP
Transporte Público,20,1409700250354,1409700250763,28,5087,5094,PP
Transporte Público,20,1409700250354,1409700320053,84,5087,5135,PP
Transporte Público,20,1409700250354,1409705603467,59,5087,5239,PP
Transporte Público,20,1409700250354,1409708843965,59,5087,5379,PP
Transporte Público,20,1409700250354,1409800141129,59,5087,6219,PP
Transporte Público,20,1409700250369,1407000131429,54,5088,3038,PP
Transporte Público,20,1409700250462,1409800142019,59,5090,6220,PP
Transporte Público,20,1409700250763,1409700013113,9,5094,5031,PP
Transporte Público,20,1409700250763,1409700250354,28,5094,5087,PP
Transporte Público,20,1409700250763,1409700340373,11,5094,5157,PP
Transporte Público,20,1409700250763,1409700340388,12,5094,5158,PP
Transporte Público,20,1409700250763,1409709033908,52,5094,5381,PP
Transporte Público,20,1409700250763,1409800012733,52,5094,6159,PP
Transporte Público,20,1409700250797,1409700012331,62,5097,5026,PP
Transporte Público,20,1409700250797,1409700432613,11,5097,5204,PP
Transporte Público,20,1409700250797,1409704241761,21,5097,5232,PP
Transporte Público,20,1409700250797,1409704393880,31,5097,5234,PP
Transporte Público,20,1409700253005,1409700250477,57,5124,5091,PP
Transporte Público,20,1409700312774,140970104,6,5132,5209,PP
Transporte Público,20,1409700320053,1409700320829,59,5135,5143,PP
Transporte Público,20,1409700320053,1409700321189,59,5135,5149,PP
Transporte Público,20,1409700320053,1409705603467,59,5135,5239,PP
Transporte Público,20,1409700320053,1409708432666,53,5135,5336,PP
Transporte Público,20,1409700320053,1409800010370,13,5135,6014,PP
Transporte Público,20,1409700320284,1409700012098,31,5139,5021,PP
Transporte Público,20,1409700320284,1409800141114,59,5139,6218,PP
Transporte Público,20,1409700340250,1409700250763,11,5156,5094,PP
Transporte Público,20,1409700340250,1409708441691,59,5156,5346,PP
Transporte Público,20,1409700340250,1409800140027,59,5156,6217,PP
Transporte Público,20,1409700340250,140970884397A,59,5156,5380,PP
Transporte Público,20,1409700350138,1407000130416,36,5169,3034,PP
Transporte Público,20,1409700350138,1407000131486,54,5169,3043,PP
Transporte Público,20,1409700350138,1409700350138,54,5169,5169,PP
Transporte Público,20,1409700350138,1409700353772,54,5169,5179,PP
Transporte Público,20,1409700350231,1407000131448,108,5170,3040,PP
Transporte Público,20,1409700350551,1409700350551,54,5172,5172,PP
Transporte Público,20,1409700353734,1409700353734,54,5178,5178,PP
Transporte Público,20,1409700353772,1403900011359,54,5179,111,PP
Transporte Público,20,1409700381795,1409708221530,136,5181,5252,PP
Transporte Público,20,1409700381795,1409708374200,136,5181,5332,PP
Transporte Público,20,1409700411259,14097059A,54,5192,5241,PP
Transporte Público,20,1409700411263,1407000210736,18,5193,3082,PP
Transporte Público,20,1409700931028,1409700252543,28,5208,5120,PP
Transporte Público,20,1409700931028,1409708311653,54,5208,5297,PP
Transporte Público,20,1409701150890,1407000200079,33,5212,3065,PP
Transporte Público,20,1409701151992,1403900010030,33,5215,2,PP
Transporte Público,20,1409701153363,1407000200789,33,5219,3072,PP
Transporte Público,20,1409701801244,140980012,59,5226,6216,PP
Transporte Público,20,1409701801244,1403900014847,128,5226,361,PP
Transporte Público,20,1409701801244,1409800011576,23,5226,6072,PP
Transporte Público,20,1409701801244,1412000011526,21,5226,8045,PP
Transporte Público,20,1409704240443,1409700252543,28,5228,5120,PP
Transporte Público,20,1409704240443,1409708223700,136,5228,5287,PP
Transporte Público,20,1409704240443,1409800012752,13,5228,6161,PP
Transporte Público,20,1409704240443,1412000013556,152,5228,8187,PP
Transporte Público,20,1409704240443,140970424098A,21,5228,5231,PP
Transporte Público,20,1409704241761,140980012,59,5232,6216,PP
Transporte Público,20,1409704241761,1409700250369,28,5232,5088,PP
Transporte Público,20,1409704241761,1409800012589,93,5232,6147,PP
Transporte Público,20,1409704241761,1409800141114,59,5232,6218,PP
Transporte Público,20,1409706133931,1412000012280,77,5244,8081,PP
Transporte Público,20,1409706133931,1412000013062,137,5244,8151,PP
Transporte Público,20,1409706133931,1412000013236,411,5244,8166,PP
Transporte Público,20,1409708221530,1403900013552,125,5252,248,PP
Transporte Público,20,1409708221530,1409700010941,9,5252,5012,PP
Transporte Público,20,1409708221530,1409700320053,59,5252,5135,PP
Transporte Público,20,1409708221530,1409704241761,21,5252,5232,PP
Transporte Público,20,1409708221530,1409708221583,136,5252,5257,PP
Transporte Público,20,1409708221530,1409708221935,136,5252,5265,PP
Transporte Público,20,1409708221530,1409708222469,136,5252,5274,PP
Transporte Público,20,1409708221530,1409708362793,53,5252,5328,PP
Transporte Público,20,1409708221530,1409708614075,136,5252,5361,PP
Transporte Público,20,1409708221530,1409708714056,54,5252,5371,PP
Transporte Público,20,1409708221530,1409800010794,125,5252,6025,PP
Transporte Público,20,1409708221530,1409800012663,13,5252,6154,PP
Transporte Público,20,1409708221530,1412000011850,100,5252,8059,PP
Transporte Público,20,1409708221530,140390001279A,125,5252,226,PP
Transporte Público,20,1409708221530,140970001212A,31,5252,5024,PP
Transporte Público,20,1409708221598,1410100011592,23,5258,7104,PP
Transporte Público,20,1409708221916,1409708623414,136,5263,5366,PP
Transporte Público,20,1409708221935,1409700050335,11,5265,5035,PP
Transporte Público,20,1409708221969,1409708223058,137,5268,5277,PP
Transporte Público,20,1409708223077,1410100010147,10,5279,7001,PP
Transporte Público,20,1409708223700,1409708223700,136,5287,5287,PP
Transporte Público,20,1409708311653,1409708714060,54,5297,5372,PP
Transporte Público,20,1409708311653,140980001085A,52,5297,6027,PP
Transporte Público,20,1409708312030,1409700381827,136,5300,5184,PP
Transporte Público,20,1409708312030,1409708221530,136,5300,5252,PP
Transporte Público,20,1409708312045,1409708221583,136,5301,5257,PP
Transporte Público,20,1409708312187,1407000131429,54,5303,3038,PP
Transporte Público,20,1409708432666,1403900015436,186,5336,419,PP
Transporte Público,20,1409708441687,1409700252543,28,5345,5120,PP
Transporte Público,20,1409708441687,1409708441704,59,5345,5347,PP
Transporte Público,20,1409708441687,140970884397A,59,5345,5380,PP
Transporte Público,20,1409708623414,1409708331865,272,5366,5312,PP
Transporte Público,20,1409708634111,1409800011398,13,5367,6061,PP
Transporte Público,20,1409708634111,140980128288A,52,5367,6235,PP
Transporte Público,20,1409708714056,1403900011359,96,5371,111,PP
Transporte Público,20,1409708743999,1403900015436,93,5373,419,PP
Transporte Público,20,1409708744018,1407000130350,54,5374,3031,PP
Transporte Público,20,1409708744018,1407000131452,54,5374,3041,PP
Transporte Público,20,1409708744018,1409700350138,162,5374,5169,PP
Transporte Público,20,1409708744018,1409800011646,52,5374,6076,PP
Transporte Público,20,1409708744018,14097059A,54,5374,5241,PP
Transporte Público,20,1409708744022,1410100011592,23,5375,7104,PP
Transporte Público,20,1409708823984,1409708332933,136,5377,5316,PP
Transporte Público,20,1409800010031,1407000131486,54,6001,3043,PP
Transporte Público,20,1409800010031,1407000430806,9,6001,3105,PP
Transporte Público,20,1409800010031,1409800011383,13,6001,6060,PP
Transporte Público,20,1409800010031,1410100010378,131,6001,7007,PP
Transporte Público,20,1409800010031,1410100011075,136,6001,7064,PP
Transporte Público,20,1409800010031,1412000012312,56,6001,8084,PP
Transporte Público,20,1409800010031,140980001135A,125,6001,6057,PP
Transporte Público,20,1409800010046,1410100010630,62,6002,7028,PP
Transporte Público,20,1409800010084,140980243,9,6005,6237,PP
Transporte Público,20,1409800010101,1410100010452,23,6006,7013,PP
Transporte Público,20,1409800010101,1410100012054,82,6006,7131,PP
Transporte Público,20,1409800010120,1403900013707,27,6008,260,PP
Transporte Público,20,1409800010262,1409800011063,101,6009,6037,PP
Transporte Público,20,1409800010296,1407000211113,36,6011,3091,PP
Transporte Público,20,1409800010347,141011963,82,6012,7230,PP
Transporte Público,20,1409800010347,1403900014902,43,6012,367,PP
Transporte Público,20,1409800010347,1410100012016,131,6012,7127,PP
Transporte Público,20,1409800010347,1412000010227,100,6012,8002,PP
Transporte Público,20,1409800010370,1409800012663,13,6014,6154,PP
Transporte Público,20,1409800010385,1409708222168,136,6015,5271,PP
Transporte Público,20,1409800010506,141240090,12,6017,9047,PP
Transporte Público,20,1409800010506,1407000130327,36,6017,3030,PP
Transporte Público,20,1409800010506,1407000140469,36,6017,3051,PP
Transporte Público,20,1409800010506,1409800010506,136,6017,6017,PP
Transporte Público,20,1409800010506,141010001108A,212,6017,7065,PP
Transporte Público,20,1409800010525,1409700250299,104,6018,5086,PP
Transporte Público,20,1409800010525,1409700320180,104,6018,5136,PP
Transporte Público,20,1409800010525,1409800010385,125,6018,6015,PP
Transporte Público,20,1409800010525,1409800010671,125,6018,6021,PP
Transporte Público,20,1409800010525,1409800011468,52,6018,6066,PP
Transporte Público,20,1409800010525,1409800012150,13,6018,6112,PP
Transporte Público,20,1409800010525,140970032027A,59,6018,5138,PP
Transporte Público,20,1409800010525,140980001053A,48,6018,6019,PP
Transporte Público,20,1409800010525,140980001320A,54,6018,6198,PP
Transporte Público,20,1409800010597,1410100010433,101,6020,7011,PP
Transporte Público,20,1409800010597,1410100011569,13,6020,7101,PP
Transporte Público,20,1409800010671,1409800010671,125,6021,6021,PP
Transporte Público,20,1409800010690,140980243,18,6022,6237,PP
Transporte Público,20,1409800010718,1409800011576,13,6023,6072,PP
Transporte Público,20,1409800010879,1403900012268,136,6028,188,PP
Transporte Público,20,1409800010879,1403900013980,111,6028,285,PP
Transporte Público,20,1409800010879,1403900014048,125,6028,291,PP
Transporte Público,20,1409800010879,1403900015417,93,6028,417,PP
Transporte Público,20,1409800010879,1405100020181,12,6028,2015,PP
Transporte Público,20,1409800010879,1409800010370,13,6028,6014,PP
Transporte Público,20,1409800010879,1409800011063,101,6028,6037,PP
Transporte Público,20,1409800010879,1409800011097,101,6028,6040,PP
Transporte Público,20,1409800010879,1409800012150,23,6028,6112,PP
Transporte Público,20,1409800010879,1409800012841,23,6028,6170,PP
Transporte Público,20,1409800010879,1410100010679,46,6028,7031,PP
Transporte Público,20,1409800010879,1410100010895,82,6028,7048,PP
Transporte Público,20,1409800010879,1410100010931,82,6028,7051,PP
Transporte Público,20,1409800010879,1410100011268,10,6028,7078,PP
Transporte Público,20,1409800010879,1410100012054,82,6028,7131,PP
Transporte Público,20,1409800010879,1410100091465,62,6028,7151,PP
Transporte Público,20,1409800010879,1410100341978,82,6028,7214,PP
Transporte Público,20,1409800010879,1412000016391,28,6028,8363,PP
Transporte Público,20,1409800010879,141010001065A,82,6028,7030,PP
Transporte Público,20,1409800010879,141010001147A,131,6028,7095,PP
Transporte Público,20,1409800010879,141200001116A,49,6028,8033,PP
Transporte Público,20,1409800010968,140980243,9,6030,6237,PP
Transporte Público,20,1409800010987,1409800010987,93,6032,6032,PP
Transporte Público,20,1409800011063,1409800010953,101,6037,6029,PP
Transporte Público,20,1409800011152,1409800012377,187,6042,6128,PP
Transporte Público,20,1409800011171,1403900014476,131,6044,328,PP
Transporte Público,20,1409800011222,140980001135A,125,6049,6057,PP
Transporte Público,20,1409800011237,1407000131486,54,6050,3043,PP
Transporte Público,20,1409800011237,1409800011237,54,6050,6050,PP
Transporte Público,20,1409800011237,140980001320A,54,6050,6198,PP
Transporte Público,20,1409800011241,1409800012752,13,6051,6161,PP
Transporte Público,20,1409800011256,140970602,52,6052,5242,PP
Transporte Público,20,1409800011256,1409801282875,52,6052,6234,PP
Transporte Público,20,1409800011260,1409700050335,11,6053,5035,PP
Transporte Público,20,1409800011260,1409708221530,131,6053,5252,PP
Transporte Público,20,1409800011260,1409800011951,163,6053,6100,PP
Transporte Público,20,1409800011260,1410100010452,23,6053,7013,PP
Transporte Público,20,1409800011345,1403900015436,186,6056,419,PP
Transporte Público,20,1409800011345,1407000430295,36,6056,3096,PP
Transporte Público,20,1409800011345,1409708223043,136,6056,5276,PP
Transporte Público,20,1409800011345,1410100010679,23,6056,7031,PP
Transporte Público,20,1409800011345,1412000011210,49,6056,8037,PP
Transporte Público,20,1409800011345,140700014044A,36,6056,3049,PP
Transporte Público,20,1409800011364,1407000430897,36,6058,3106,PP
Transporte Público,20,1409800011364,1409800012803,101,6058,6166,PP
Transporte Público,20,1409800011364,1410100010471,23,6058,7014,PP
Transporte Público,20,1409800011383,1409800011576,13,6060,6072,PP
Transporte Público,20,1409800011383,1410100010946,13,6060,7052,PP
Transporte Público,20,1409800011383,1412000010814,62,6060,8022,PP
Transporte Público,20,1409800011398,1410100010679,23,6061,7031,PP
Transporte Público,20,1409800011468,1409800011468,52,6066,6066,PP
Transporte Público,20,1409800011468,140980001085A,52,6066,6027,PP
Transporte Público,20,1409800011519,1409800012273,101,6069,6123,PP
Transporte Público,20,1409800011519,1410100011003,82,6069,7058,PP
Transporte Público,20,1409800011538,1403900014480,393,6070,329,PP
Transporte Público,20,1409800011542,1409800011519,136,6071,6069,PP
Transporte Público,20,1409800011595,1407000140276,13,6073,3046,PP
Transporte Público,20,1409800011595,1409708223077,136,6073,5279,PP
Transporte Público,20,1409800011608,1409800011608,101,6074,6074,PP
Transporte Público,20,1409800011608,1409800011877,13,6074,6096,PP
Transporte Público,20,1409800011608,1409800012150,13,6074,6112,PP
Transporte Público,20,1409800011631,1409800013214,54,6075,6199,PP
Transporte Público,20,1409800011684,1403900012501,306,6080,204,PP
Transporte Público,20,1409800011684,1409700320829,59,6080,5143,PP
Transporte Público,20,1409800011684,1409800143229,59,6080,6230,PP
Transporte Público,20,1409800011699,1409709033908,52,6081,5381,PP
Transporte Público,20,1409800011699,140980128288A,52,6081,6235,PP
Transporte Público,20,1409800011716,1409700350138,54,6082,5169,PP
Transporte Público,20,1409800011716,1409800011237,108,6082,6050,PP
Transporte Público,20,1409800011716,1409800011631,52,6082,6075,PP
Transporte Público,20,1409800011716,1409800011716,52,6082,6082,PP
Transporte Público,20,1409800011735,1409800011576,13,6084,6072,PP
Transporte Público,20,1409800011877,1403900011359,13,6096,111,PP
Transporte Público,20,1409800011909,1403900011378,93,6097,113,PP
Transporte Público,20,1409800011913,1412000012312,49,6098,8084,PP
Transporte Público,20,1409800011913,1412000014677,29,6098,8274,PP
Transporte Público,20,1409800011913,1412000015336,49,6098,8311,PP
Transporte Público,20,1409800011928,140972416,136,6099,5387,PP
Transporte Público,20,1409800011928,140980012,72,6099,6216,PP
Transporte Público,20,1409800011928,1403900015559,256,6099,430,PP
Transporte Público,20,1409800011928,1407000130327,63,6099,3030,PP
Transporte Público,20,1409800011928,1407000130365,63,6099,3032,PP
Transporte Público,20,1409800011928,1407000201397,118,6099,3080,PP
Transporte Público,20,1409800011928,1407000430308,36,6099,3097,PP
Transporte Público,20,1409800011928,1407000431147,9,6099,3115,PP
Transporte Público,20,1409800011928,1409700092863,114,6099,5056,PP
Transporte Público,20,1409800011928,1409700250354,28,6099,5087,PP
Transporte Público,20,1409800011928,1409700250462,28,6099,5090,PP
Transporte Público,20,1409800011928,1409700463861,53,6099,5206,PP
Transporte Público,20,1409800011928,1409704241761,42,6099,5232,PP
Transporte Público,20,1409800011928,1409707771780,57,6099,5247,PP
Transporte Público,20,1409800011928,1409708221530,136,6099,5252,PP
Transporte Público,20,1409800011928,1409708223077,136,6099,5279,PP
Transporte Público,20,1409800011928,1409708223486,136,6099,5283,PP
Transporte Público,20,1409800011928,1409708311653,108,6099,5297,PP
Transporte Público,20,1409800011928,1409708332933,136,6099,5316,PP
Transporte Público,20,1409800011928,1409708441691,118,6099,5346,PP
Transporte Público,20,1409800011928,1409708634111,32,6099,5367,PP
Transporte Público,20,1409800011928,1409709033908,91,6099,5381,PP
Transporte Público,20,1409800011928,1409709033912,91,6099,5382,PP
Transporte Público,20,1409800011928,1409800011716,52,6099,6082,PP
Transporte Público,20,1409800011928,1409800011966,93,6099,6101,PP
Transporte Público,20,1409800011928,1409800012112,13,6099,6110,PP
Transporte Público,20,1409800011928,1409800012150,87,6099,6112,PP
Transporte Público,20,1409800011928,1409800012663,13,6099,6154,PP
Transporte Público,20,1409800011928,1409800012841,23,6099,6170,PP
Transporte Público,20,1409800011928,1409800013182,102,6099,6196,PP
Transporte Público,20,1409800011928,1412000011460,152,6099,8044,PP
Transporte Público,20,1409800011928,1412000012401,55,6099,8093,PP
Transporte Público,20,1409800011928,1412000012628,100,6099,8113,PP
Transporte Público,20,1409800011928,1412000015209,26,6099,8302,PP
Transporte Público,20,1409800011928,1412000015552,21,6099,8325,PP
Transporte Público,20,1409800011928,14097059A,54,6099,5241,PP
Transporte Público,20,1409800011928,140970862340A,53,6099,5365,PP
Transporte Público,20,1409800011928,140980001256A,93,6099,6145,PP
Transporte Público,20,1409800011951,1409800010370,13,6100,6014,PP
Transporte Público,20,1409800011966,1403900015436,93,6101,419,PP
Transporte Público,20,1409800012042,1409708714060,54,6105,5372,PP
Transporte Público,20,1409800012131,1409708333753,136,6111,5321,PP
Transporte Público,20,1409800012131,1409800012112,13,6111,6110,PP
Transporte Público,20,1409800012131,1409801282875,52,6111,6234,PP
Transporte Público,20,1409800012150,1409800012042,21,6112,6105,PP
Transporte Público,20,1409800012216,1409800013394,23,6117,6214,PP
Transporte Público,20,1409800012216,1410100010679,23,6117,7031,PP
Transporte Público,20,1409800012220,1409800011576,13,6118,6072,PP
Transporte Público,20,1409800012292,1409800012659,93,6124,6153,PP
Transporte Público,20,1409800012377,1403900014052,119,6128,292,PP
Transporte Público,20,1409800012377,1409800013290,13,6128,6204,PP
Transporte Público,20,1409800012381,1407000130416,36,6129,3034,PP
Transporte Público,20,1409800012381,1409700250369,28,6129,5088,PP
Transporte Público,20,1409800012381,1409700340250,11,6129,5156,PP
Transporte Público,20,1409800012381,1409704241761,21,6129,5232,PP
Transporte Público,20,1409800012381,1409708312045,136,6129,5301,PP
Transporte Público,20,1409800012381,1409708531884,136,6129,5358,PP
Transporte Público,20,1409800012381,1409800012131,52,6129,6111,PP
Transporte Público,20,1409800012381,1412000012295,28,6129,8082,PP
Transporte Público,20,1409800012381,1412000012327,28,6129,8085,PP
Transporte Público,20,1409800012381,1412000014412,56,6129,8250,PP
Transporte Público,20,1409800012413,1403900012200,63,6130,184,PP
Transporte Público,20,1409800012413,1409800010671,125,6130,6021,PP
Transporte Público,20,1409800012428,140980243,9,6131,6237,PP
Transporte Público,20,1409800012428,1407000130401,13,6131,3033,PP
Transporte Público,20,1409800012428,1407000140223,36,6131,3045,PP
Transporte Público,20,1409800012428,1407000211005,9,6131,3087,PP
Transporte Público,20,1409800012428,1409708531884,136,6131,5358,PP
Transporte Público,20,1409800012428,1409800011383,13,6131,6060,PP
Transporte Público,20,1409800012428,1410100010537,10,6131,7020,PP
Transporte Público,20,1409800012432,1407000131429,54,6132,3038,PP
Transporte Público,20,1409800012432,1409700350138,54,6132,5169,PP
Transporte Público,20,1409800012451,1403900013711,48,6134,261,PP
Transporte Público,20,1409800012451,1403900014048,125,6134,291,PP
Transporte Público,20,1409800012451,1403900015525,250,6134,427,PP
Transporte Público,20,1409800012451,1409708222168,136,6134,5271,PP
Transporte Público,20,1409800012451,1409800011434,52,6134,6063,PP
Transporte Público,20,1409800012451,1409800011631,52,6134,6075,PP
Transporte Público,20,1409800012451,1409800012131,52,6134,6111,PP
Transporte Público,20,1409800012451,1412000011526,21,6134,8045,PP
Transporte Público,20,1409800012451,1412000015478,100,6134,8319,PP
Transporte Público,20,1409800012451,140980001053A,54,6134,6019,PP
Transporte Público,20,1409800012451,140980001085A,52,6134,6027,PP
Transporte Público,20,1409800012451,140980128288A,104,6134,6235,PP
Transporte Público,20,1409800012466,1403900011185,63,6135,97,PP
Transporte Público,20,1409800012485,1409800012150,26,6137,6112,PP
Transporte Público,20,1409800012574,1403900015652,93,6146,440,PP
Transporte Público,20,1409800012610,1403900013694,27,6149,259,PP
Transporte Público,20,1409800012663,1409800012841,13,6154,6170,PP
Transporte Público,20,1409800012697,1409800012733,52,6155,6159,PP
Transporte Público,20,1409800012714,1409708221600,136,6157,5259,PP
Transporte Público,20,1409800012714,140980001320A,54,6157,6198,PP
Transporte Público,20,1409800012729,1409800012733,52,6158,6159,PP
Transporte Público,20,1409800012733,1409800012752,52,6159,6161,PP
Transporte Público,20,1409800012752,1409800011928,23,6161,6099,PP
Transporte Público,20,1409800012752,1409800012733,52,6161,6159,PP
Transporte Público,20,1409800012767,1407000210967,9,6162,3086,PP
Transporte Público,20,1409800012771,1409800012004,23,6163,6104,PP
Transporte Público,20,1409800012786,1410100011592,23,6164,7104,PP
Transporte Público,20,1409800012790,1409800011383,13,6165,6060,PP
Transporte Público,20,1409800012837,1409800011928,23,6169,6099,PP
Transporte Público,20,1409800012841,1409800010879,59,6170,6028,PP
Transporte Público,20,1409800012856,1409800010370,13,6171,6014,PP
Transporte Público,20,1409800012860,1409800011966,186,6172,6101,PP
Transporte Público,20,1409800012983,1409800012983,26,6180,6180,PP
Transporte Público,20,1409800013110,1407000131452,54,6191,3041,PP
Transporte Público,20,1409800141114,1409700250369,28,6218,5088,PP
Transporte Público,20,1409800141129,140980012,13,6219,6216,PP
Transporte Público,20,1409800141129,1409700010528,31,6219,5005,PP
Transporte Público,20,1409800143159,140980012,21,6228,6216,PP
Transporte Público,20,1409800143159,1409700321189,59,6228,5149,PP
Transporte Público,20,1409800143159,1409705603467,118,6228,5239,PP
Transporte Público,20,1410100010147,1410100010147,20,7001,7001,PP
Transporte Público,20,1410100010147,1410100011268,10,7001,7078,PP
Transporte Público,20,1410100010147,1410100011997,62,7001,7125,PP
Transporte Público,20,1410100010310,1403900011594,82,7005,131,PP
Transporte Público,20,1410100010310,1409800010953,303,7005,6029,PP
Transporte Público,20,1410100010310,1410100011268,10,7005,7078,PP
Transporte Público,20,1410100010382,1410100011268,10,7008,7078,PP
Transporte Público,20,1410100010382,1410100011272,10,7008,7079,PP
Transporte Público,20,1410100010397,1410100010147,10,7009,7001,PP
Transporte Público,20,1410100010397,1410100011268,10,7009,7078,PP
Transporte Público,20,1410100010397,1410100092209,62,7009,7178,PP
Transporte Público,20,1410100010433,1403900014194,140,7011,305,PP
Transporte Público,20,1410100010433,1410100010433,101,7011,7011,PP
Transporte Público,20,1410100010433,1410100010679,23,7011,7031,PP
Transporte Público,20,1410100010452,1409800012004,23,7013,6104,PP
Transporte Público,20,1410100010452,1410100010452,23,7013,7013,PP
Transporte Público,20,1410100010452,1410100010946,23,7013,7052,PP
Transporte Público,20,1410100010490,1410100010537,10,7016,7020,PP
Transporte Público,20,1410100010518,1410100010151,10,7018,7002,PP
Transporte Público,20,1410100010537,140980001256A,93,7020,6145,PP
Transporte Público,20,1410100010611,1403900014298,62,7026,315,PP
Transporte Público,20,1410100010626,1410100312317,13,7027,7211,PP
Transporte Público,20,1410100010645,1409800012589,93,7029,6147,PP
Transporte Público,20,1410100010645,1410100010819,131,7029,7042,PP
Transporte Público,20,1410100010645,1410100011268,10,7029,7078,PP
Transporte Público,20,1410100010645,1410100011357,136,7029,7086,PP
Transporte Público,20,1410100010679,1410100011130,23,7031,7069,PP
Transporte Público,20,1410100010753,1410100010537,10,7037,7020,PP
Transporte Público,20,1410100010772,1410100010378,131,7039,7007,PP
Transporte Público,20,1410100010791,1410100011427,82,7041,7092,PP
Transporte Público,20,1410100010823,1410100010151,10,7043,7002,PP
Transporte Público,20,1410100010895,1410100010537,10,7048,7020,PP
Transporte Público,20,1410100010895,1410100011018,136,7048,7059,PP
Transporte Público,20,1410100010912,1407000210736,9,7049,3082,PP
Transporte Público,20,1410100010912,1409800012254,101,7049,6121,PP
Transporte Público,20,1410100010912,1410100010679,23,7049,7031,PP
Transporte Público,20,1410100010912,1410100010749,131,7049,7036,PP
Transporte Público,20,1410100010912,1410100011003,82,7049,7058,PP
Transporte Público,20,1410100010912,1410100011094,62,7049,7066,PP
Transporte Público,20,1410100010912,1410100012073,131,7049,7133,PP
Transporte Público,20,1410100010927,1403900010632,114,7050,45,PP
Transporte Público,20,1410100010927,1403900015065,131,7050,383,PP
Transporte Público,20,1410100010927,1410100010147,10,7050,7001,PP
Transporte Público,20,1410100010927,1410100010861,82,7050,7046,PP
Transporte Público,20,1410100010927,1410100011982,62,7050,7124,PP
Transporte Público,20,1410100010927,1412000017031,31,7050,8408,PP
Transporte Público,20,1410100010931,1410100011130,23,7051,7069,PP
Transporte Público,20,1410100010931,1412000011795,100,7051,8055,PP
Transporte Público,20,1410100010946,141011959,82,7052,7229,PP
Transporte Público,20,1410100010946,1409800010953,101,7052,6029,PP
Transporte Público,20,1410100010946,1410100010452,23,7052,7013,PP
Transporte Público,20,1410100010946,1410100010679,23,7052,7031,PP
Transporte Público,20,1410100010946,1410100010950,82,7052,7053,PP
Transporte Público,20,1410100010946,1410100011126,46,7052,7068,PP
Transporte Público,20,1410100010946,1410100011592,46,7052,7104,PP
Transporte Público,20,1410100010946,1410100092393,62,7052,7185,PP
Transporte Público,20,1410100010946,1412000011121,100,7052,8031,PP
Transporte Público,20,1410100010950,1410100011164,83,7053,7072,PP
Transporte Público,20,1410100011037,1410100010912,82,7061,7049,PP
Transporte Público,20,1410100011056,1410100010912,82,7063,7049,PP
Transporte Público,20,1410100011094,1410100010378,131,7066,7007,PP
Transporte Público,20,1410100011094,1410100010950,82,7066,7053,PP
Transporte Público,20,1410100011126,1405100020213,12,7068,2018,PP
Transporte Público,20,1410100011126,1410100010147,10,7068,7001,PP
Transporte Público,20,1410100011164,1410100011164,82,7072,7072,PP
Transporte Público,20,1410100011268,1403900010863,10,7078,67,PP
Transporte Público,20,1410100011268,1410100011268,30,7078,7078,PP
Transporte Público,20,1410100011272,141200001098A,10,7079,8027,PP
Transporte Público,20,1410100011338,1403900011965,63,7085,165,PP
Transporte Público,20,1410100011338,1410100010768,131,7085,7038,PP
Transporte Público,20,1410100011338,1410100010950,82,7085,7053,PP
Transporte Público,20,1410100011338,1410100011164,82,7085,7072,PP
Transporte Público,20,1410100011338,1410100011573,13,7085,7102,PP
Transporte Público,20,1410100011338,1410100341978,82,7085,7214,PP
Transporte Público,20,1410100011357,1410100011268,10,7086,7078,PP
Transporte Público,20,1410100011361,1409800012822,202,7087,6168,PP
Transporte Público,20,1410100011361,1410100220024,82,7087,7193,PP
Transporte Público,20,1410100011516,1409700353734,54,7099,5178,PP
Transporte Público,20,1410100011554,1409800012004,23,7100,6104,PP
Transporte Público,20,1410100011554,1410100011516,13,7100,7099,PP
Transporte Público,20,1410100011554,1410100011592,23,7100,7104,PP
Transporte Público,20,1410100011569,140980243,9,7101,6237,PP
Transporte Público,20,1410100011573,1410100272336,13,7102,7207,PP
Transporte Público,20,1410100011588,1410100011592,23,7103,7104,PP
Transporte Público,20,1410100011592,1410100011554,13,7104,7100,PP
Transporte Público,20,1410100011592,1410100011639,101,7104,7108,PP
Transporte Público,20,1410100011605,1409800010597,101,7105,6020,PP
Transporte Público,20,1410100011639,1409800010597,101,7108,6020,PP
Transporte Público,20,1410100011997,1409800013394,46,7125,6214,PP
Transporte Público,20,1410100011997,1410100011268,10,7125,7078,PP
Transporte Público,20,1410100011997,1410100011997,124,7125,7125,PP
Transporte Público,20,1410100011997,1410100092213,62,7125,7179,PP
Transporte Público,20,1410100012001,1410100010310,82,7126,7005,PP
Transporte Público,20,1410100012020,1409800011063,101,7128,6037,PP
Transporte Público,20,1410100012020,1409800012273,101,7128,6123,PP
Transporte Público,20,1410100012020,141010001065A,82,7128,7030,PP
Transporte Público,20,1410100012020,141010001147A,131,7128,7095,PP
Transporte Público,20,1410100012054,1410100010679,23,7131,7031,PP
Transporte Público,20,1410100012603,1410100012603,82,7149,7149,PP
Transporte Público,20,1410100091450,1407000130327,72,7150,3030,PP
Transporte Público,20,1410100091465,1409700053147,11,7151,5043,PP
Transporte Público,20,1410100091465,1410100010471,23,7151,7014,PP
Transporte Público,20,1410100091465,1410100010537,10,7151,7020,PP
Transporte Público,20,1410100091465,1410100091465,62,7151,7151,PP
Transporte Público,20,1410100091520,1410100092181,62,7152,7176,PP
Transporte Público,20,1410100092410,1410100092213,62,7187,7179,PP
Transporte Público,20,1410100220024,1410100342641,82,7193,7217,PP
Transporte Público,20,1410100260683,1407001211518,13,7197,3127,PP
Transporte Público,20,1410100260698,1410100011446,136,7198,7094,PP
Transporte Público,20,1410100260698,1410100011588,13,7198,7103,PP
Transporte Público,20,1410100272355,1410100011126,23,7209,7068,PP
Transporte Público,20,1410100312317,1403900013976,13,7211,284,PP
Transporte Público,20,1410100312317,140980001053A,14,7211,6019,PP
Transporte Público,20,1412000010212,1409800012150,13,8001,6112,PP
Transporte Público,20,1412000010212,1409800012663,23,8001,6154,PP
Transporte Público,20,1412000010212,1409800013290,23,8001,6204,PP
Transporte Público,20,1412000010212,1412000010212,14,8001,8001,PP
Transporte Público,20,1412000010212,1412000013378,124,8001,8174,PP
Transporte Público,20,1412000010231,1409800010987,163,8003,6032,PP
Transporte Público,20,1412000010231,1412000012295,49,8003,8082,PP
Transporte Público,20,1412000010231,1412000012327,28,8003,8085,PP
Transporte Público,20,1412000010231,1412000014516,256,8003,8260,PP
Transporte Público,20,1412000010231,1412000016391,49,8003,8363,PP
Transporte Público,20,1412000010265,1412002316264,76,8005,8496,PP
Transporte Público,20,1412000010354,1403900015671,132,8007,442,PP
Transporte Público,20,1412000010405,140980243,24,8011,6237,PP
Transporte Público,20,1412000010405,1403900010280,43,8011,16,PP
Transporte Público,20,1412000010405,1403900011626,136,8011,133,PP
Transporte Público,20,1412000010405,1403900012431,27,8011,202,PP
Transporte Público,20,1412000010405,1407000431147,9,8011,3115,PP
Transporte Público,20,1412000010405,1412000010617,62,8011,8014,PP
Transporte Público,20,1412000010405,1412000011795,278,8011,8055,PP
Transporte Público,20,1412000010405,1412000012628,100,8011,8113,PP
Transporte Público,20,1412000010405,1412000012863,38,8011,8133,PP
Transporte Público,20,1412000010405,1412000013575,11,8011,8189,PP
Transporte Público,20,1412000010405,1412000013611,28,8011,8192,PP
Transporte Público,20,1412000010405,1412000015478,100,8011,8319,PP
Transporte Público,20,1412000010405,1412002065054,2,8011,8462,PP
Transporte Público,20,1412000010405,1412002316669,150,8011,8501,PP
Transporte Público,20,1412000010405,141200001326A,62,8011,8167,PP
Transporte Público,20,1412000010602,1409800013322,178,8013,6207,PP
Transporte Público,20,1412000010602,1412000012505,26,8013,8103,PP
Transporte Público,20,1412000010602,1412000013151,26,8013,8159,PP
Transporte Público,20,1412000010602,140980001110A,202,8013,6041,PP
Transporte Público,20,1412000010617,1412000011193,98,8014,8035,PP
Transporte Público,20,1412000010617,1412000015266,200,8014,8305,PP
Transporte Público,20,1412000010636,1409708432632,94,8015,5333,PP
Transporte Público,20,1412000010636,1409708432651,53,8015,5335,PP
Transporte Público,20,1412000010636,1409708432670,94,8015,5337,PP
Transporte Público,20,1412000010636,1409708432717,53,8015,5341,PP
Transporte Público,20,1412000010636,140970862290A,188,8015,5362,PP
Transporte Público,20,1412000010640,1410100010310,82,8016,7005,PP
Transporte Público,20,1412000010640,1412000012308,28,8016,8083,PP
Transporte Público,20,1412000010640,1412000014677,28,8016,8274,PP
Transporte Público,20,1412000010640,141200001707A,26,8016,8412,PP
Transporte Público,20,1412000010655,1409708441704,59,8017,5347,PP
Transporte Público,20,1412000010706,1403900015525,125,8020,427,PP
Transporte Público,20,1412000010706,1409800012983,13,8020,6180,PP
Transporte Público,20,1412000010706,1412000012454,21,8020,8098,PP
Transporte Público,20,1412000010706,1412000012488,16,8020,8101,PP
Transporte Público,20,1412000010706,1412000013575,11,8020,8189,PP
Transporte Público,20,1412000010706,1412000014516,93,8020,8260,PP
Transporte Público,20,1412000010710,1409704240570,21,8021,5229,PP
Transporte Público,20,1412000010937,1409708222168,136,8025,5271,PP
Transporte Público,20,1412000010937,1412000011634,154,8025,8047,PP
Transporte Público,20,1412000010937,1412000015158,27,8025,8297,PP
Transporte Público,20,1412000010975,1412000014075,53,8026,8220,PP
Transporte Público,20,1412000010994,1412000014658,28,8028,8272,PP
Transporte Público,20,1412000010994,1412000016508,31,8028,8367,PP
Transporte Público,20,1412000010994,1412001395980,7,8028,8457,PP
Transporte Público,20,1412000010994,141010001115A,62,8028,7071,PP
Transporte Público,20,1412000011009,1403900013618,128,8029,253,PP
Transporte Público,20,1412000011009,1409800011260,52,8029,6053,PP
Transporte Público,20,1412000011009,1410100011323,82,8029,7084,PP
Transporte Público,20,1412000011009,1410100312317,13,8029,7211,PP
Transporte Público,20,1412000011009,1410101902374,23,8029,7224,PP
Transporte Público,20,1412000011009,1412000012914,49,8029,8137,PP
Transporte Público,20,1412000011009,1412000013397,100,8029,8176,PP
Transporte Público,20,1412000011009,1412000014094,53,8029,8222,PP
Transporte Público,20,1412000011009,1412000015177,27,8029,8299,PP
Transporte Público,20,1412000011009,1412002314145,14,8029,8475,PP
Transporte Público,20,1412000011009,1412007580744,33,8029,8536,PP
Transporte Público,20,1412000011009,141200001319A,100,8029,8163,PP
Transporte Público,20,1412000011032,1412000011032,77,8030,8030,PP
Transporte Público,20,1412000011032,1412000012280,77,8030,8081,PP
Transporte Público,20,1412000011032,1412000012670,100,8030,8118,PP
Transporte Público,20,1412000011032,1412000012793,27,8030,8127,PP
Transporte Público,20,1412000011032,1412000015533,54,8030,8323,PP
Transporte Público,20,1412000011121,1403900010473,128,8031,33,PP
Transporte Público,20,1412000011121,1403900013016,226,8031,230,PP
Transporte Público,20,1412000011121,1403900014847,128,8031,361,PP
Transporte Público,20,1412000011121,1412000014304,54,8031,8239,PP
Transporte Público,20,1412000011121,1412000014978,54,8031,8292,PP
Transporte Público,20,1412000011189,1403900014245,140,8034,310,PP
Transporte Público,20,1412000011189,1409800010347,101,8034,6012,PP
Transporte Público,20,1412000011189,1412000013217,152,8034,8165,PP
Transporte Público,20,1412000011189,1412000013414,21,8034,8178,PP
Transporte Público,20,1412000011193,1407000131452,150,8035,3041,PP
Transporte Público,20,1412000011193,1412000011206,11,8035,8036,PP
Transporte Público,20,1412000011193,140970831205A,96,8035,5302,PP
Transporte Público,20,1412000011206,1410100010147,10,8036,7001,PP
Transporte Público,20,1412000011206,1410100010452,23,8036,7013,PP
Transporte Público,20,1412000011206,1412000011206,22,8036,8036,PP
Transporte Público,20,1412000011225,1403900010524,128,8038,37,PP
Transporte Público,20,1412000011225,1403900011217,140,8038,100,PP
Transporte Público,20,1412000011225,1409800012555,93,8038,6144,PP
Transporte Público,20,1412000011225,1412000010231,100,8038,8003,PP
Transporte Público,20,1412000011225,1412000011206,22,8038,8036,PP
Transporte Público,20,1412000011225,1412000012897,152,8038,8135,PP
Transporte Público,20,1412000011225,1412000013575,11,8038,8189,PP
Transporte Público,20,1412000011225,1412000014643,28,8038,8271,PP
Transporte Público,20,1412000011278,1403900015099,131,8039,386,PP
Transporte Público,20,1412000011278,1409800011576,13,8039,6072,PP
Transporte Público,20,1412000011278,1412000011193,7,8039,8035,PP
Transporte Público,20,1412000011278,1412000016832,62,8039,8395,PP
Transporte Público,20,1412000011297,1409700250477,28,8041,5091,PP
Transporte Público,20,1412000011634,1412000012793,27,8047,8127,PP
Transporte Público,20,1412000011634,141200206504A,2,8047,8461,PP
Transporte Público,20,1412000011687,1412000016103,28,8050,8353,PP
Transporte Público,20,1412000011723,1410100091802,62,8052,7159,PP
Transporte Público,20,1412000011723,1412000016300,26,8052,8360,PP
Transporte Público,20,1412000011742,1412000012308,28,8053,8083,PP
Transporte Público,20,1412000011757,1412000014662,28,8054,8273,PP
Transporte Público,20,1412000011920,1412000011206,11,8065,8036,PP
Transporte Público,20,1412000012238,1412000010354,77,8076,8007,PP
Transporte Público,20,1412000012238,1412000014304,54,8076,8239,PP
Transporte Público,20,1412000012242,1412000010227,100,8077,8002,PP
Transporte Público,20,1412000012242,1412000011526,38,8077,8045,PP
Transporte Público,20,1412000012242,1412000015552,38,8077,8325,PP
Transporte Público,20,1412000012280,1410100010950,82,8081,7053,PP
Transporte Público,20,1412000012280,1412000015317,54,8081,8310,PP
Transporte Público,20,1412000012308,1412000012308,28,8083,8083,PP
Transporte Público,20,1412000012327,1412000012327,28,8085,8085,PP
Transporte Público,20,1412000012401,1412000012401,54,8093,8093,PP
Transporte Público,20,1412000012420,1412000011210,49,8095,8037,PP
Transporte Público,20,1412000012492,1412000010602,26,8102,8013,PP
Transporte Público,20,1412000012505,1409705603467,59,8103,5239,PP
Transporte Público,20,1412000012505,1409708441691,59,8103,5346,PP
Transporte Público,20,1412000012505,1412000012327,28,8103,8085,PP
Transporte Público,20,1412000012505,1412000013611,28,8103,8192,PP
Transporte Público,20,1412000012539,1409800142019,59,8106,6220,PP
Transporte Público,20,1412000012596,1409700053147,11,8110,5043,PP
Transporte Público,20,1412000012609,1412000012346,77,8111,8087,PP
Transporte Público,20,1412000012609,1412000013378,62,8111,8174,PP
Transporte Público,20,1412000012609,1412000016832,62,8111,8395,PP
Transporte Público,20,1412000012609,1412000017012,53,8111,8406,PP
Transporte Público,20,1412000012609,1412000017050,53,8111,8410,PP
Transporte Público,20,1412000012609,1412000620180,75,8111,8447,PP
Transporte Público,20,1412000012609,140390001418A,140,8111,304,PP
Transporte Público,20,1412000012613,1412000013611,56,8112,8192,PP
Transporte Público,20,1412000012670,1412000015482,100,8118,8320,PP
Transporte Público,20,1412000012702,1412000620176,75,8121,8446,PP
Transporte Público,20,1412000012774,1412000012793,27,8125,8127,PP
Transporte Público,20,1412000012825,1412000013787,27,8130,8207,PP
Transporte Público,20,1412000012825,1412000015162,27,8130,8298,PP
Transporte Público,20,1412000012863,1403900012592,27,8133,213,PP
Transporte Público,20,1412000012863,1409700381827,242,8133,5184,PP
Transporte Público,20,1412000012863,1409708223749,136,8133,5290,PP
Transporte Público,20,1412000012863,1409708312045,136,8133,5301,PP
Transporte Público,20,1412000012863,1412000011206,11,8133,8036,PP
Transporte Público,20,1412000012863,1412000012666,178,8133,8117,PP
Transporte Público,20,1412000012863,1412000014520,28,8133,8261,PP
Transporte Público,20,1412000012914,1403900010929,43,8137,72,PP
Transporte Público,20,1412000012914,1403900012696,68,8137,221,PP
Transporte Público,20,1412000012914,1412000013005,112,8137,8146,PP
Transporte Público,20,1412000012914,1412000014408,56,8137,8249,PP
Transporte Público,20,1412000012929,1412000014249,100,8138,8233,PP
Transporte Público,20,1412000012986,1412000013611,28,8144,8192,PP
Transporte Público,20,1412000012990,1409800011716,52,8145,6082,PP
Transporte Público,20,1412000012990,1412000012312,28,8145,8084,PP
Transporte Público,20,1412000013058,1403900011185,63,8150,97,PP
Transporte Público,20,1412000013058,1412000010918,77,8150,8024,PP
Transporte Público,20,1412000013058,1412000015533,54,8150,8323,PP
Transporte Público,20,1412000013077,1412000013293,137,8152,8170,PP
Transporte Público,20,1412000013128,1403900012681,68,8156,220,PP
Transporte Público,20,1412000013147,1412000016438,26,8158,8365,PP
Transporte Público,20,1412000013166,1409800011928,136,8160,6099,PP
Transporte Público,20,1412000013166,1409800012199,125,8160,6115,PP
Transporte Público,20,1412000013185,1412000012670,100,8162,8118,PP
Transporte Público,20,1412000013202,1412000013378,62,8164,8174,PP
Transporte Público,20,1412000013217,1403900010295,43,8165,17,PP
Transporte Público,20,1412000013217,1412000014662,28,8165,8273,PP
Transporte Público,20,1412000013236,1412000013293,137,8166,8170,PP
Transporte Público,20,1412000013274,1409800012377,186,8168,6128,PP
Transporte Público,20,1412000013293,1403900012376,68,8170,197,PP
Transporte Público,20,1412000013293,1404400100238,15,8170,1028,PP
Transporte Público,20,1412000013293,1410100010147,10,8170,7001,PP
Transporte Público,20,1412000013293,1410100010452,41,8170,7013,PP
Transporte Público,20,1412000013293,1410100011272,10,8170,7079,PP
Transporte Público,20,1412000013293,1412000010890,77,8170,8023,PP
Transporte Público,20,1412000013293,1412000011526,21,8170,8045,PP
Transporte Público,20,1412000013293,1412000013575,42,8170,8189,PP
Transporte Público,20,1412000013293,1412000014304,54,8170,8239,PP
Transporte Público,20,1412000013293,1412000015177,27,8170,8299,PP
Transporte Público,20,1412000013293,1412000016832,62,8170,8395,PP
Transporte Público,20,1412000013293,141200001486A,48,8170,8284,PP
Transporte Público,20,1412000013397,1410100011997,124,8176,7125,PP
Transporte Público,20,1412000013397,1412000015285,62,8176,8307,PP
Transporte Público,20,1412000013397,1412002065054,2,8176,8462,PP
Transporte Público,20,1412000013397,141200001290A,49,8176,8136,PP
Transporte Público,20,1412000013414,1409700010922,9,8178,5010,PP
Transporte Público,20,1412000013575,1412000015209,26,8189,8302,PP
Transporte Público,20,1412000013594,1412000012990,152,8190,8145,PP
Transporte Público,20,1412000013664,1409800010525,125,8197,6018,PP
Transporte Público,20,1412000014198,1403900014809,114,8228,357,PP
Transporte Público,20,1412000014198,1409800011078,101,8228,6038,PP
Transporte Público,20,1412000014198,1410100010147,10,8228,7001,PP
Transporte Público,20,1412000014198,1410100010537,28,8228,7020,PP
Transporte Público,20,1412000014198,1412000013039,96,8228,8148,PP
Transporte Público,20,1412000014198,141200001116A,98,8228,8033,PP
Transporte Público,20,1412000014198,141200001365A,54,8228,8196,PP
Transporte Público,20,1412000014215,141011963,18,8230,7230,PP
Transporte Público,20,1412000014215,1410100010151,10,8230,7002,PP
Transporte Público,20,1412000014215,1410100011268,10,8230,7078,PP
Transporte Público,20,1412000014215,1412000012793,27,8230,8127,PP
Transporte Público,20,1412000014215,1412000014304,77,8230,8239,PP
Transporte Público,20,1412000014234,1412000014304,54,8232,8239,PP
Transporte Público,20,1412000014291,1412000012280,77,8238,8081,PP
Transporte Público,20,1412000014291,141200206504A,3,8238,8461,PP
Transporte Público,20,1412000014319,141200001422A,77,8240,8231,PP
Transporte Público,20,1412000014376,1412000015374,106,8246,8315,PP
Transporte Público,20,1412000014380,1412000012488,16,8247,8101,PP
Transporte Público,20,1412000014380,1412000014465,52,8247,8255,PP
Transporte Público,20,1412000014408,141200001194A,152,8249,8067,PP
Transporte Público,20,1412000014427,1409700353772,108,8251,5179,PP
Transporte Público,20,1412000014427,1409708221973,136,8251,5269,PP
Transporte Público,20,1412000014427,1409800013214,96,8251,6199,PP
Transporte Público,20,1412000014427,1412000016391,84,8251,8363,PP
Transporte Público,20,1412000014431,1407000210755,9,8252,3084,PP
Transporte Público,20,1412000014431,1412000011441,152,8252,8043,PP
Transporte Público,20,1412000014465,1412000014516,93,8255,8260,PP
Transporte Público,20,1412000014484,1412000010602,26,8257,8013,PP
Transporte Público,20,1412000014484,1412000011526,42,8257,8045,PP
Transporte Público,20,1412000014484,1412000012308,28,8257,8083,PP
Transporte Público,20,1412000014484,1412000013147,152,8257,8158,PP
Transporte Público,20,1412000014484,1412000015209,26,8257,8302,PP
Transporte Público,20,1412000014516,1412000014215,93,8260,8230,PP
Transporte Público,20,1412000014520,1412000014662,28,8261,8273,PP
Transporte Público,20,1412000014535,1412000012312,28,8262,8084,PP
Transporte Público,20,1412000014573,1410100010202,131,8266,7004,PP
Transporte Público,20,1412000014573,1412000012295,28,8266,8082,PP
Transporte Público,20,1412000014573,1412000012308,84,8266,8083,PP
Transporte Público,20,1412000014605,1409704241761,21,8269,5232,PP
Transporte Público,20,1412000014605,1412000012312,28,8269,8084,PP
Transporte Público,20,1412000014605,1412000014643,28,8269,8271,PP
Transporte Público,20,1412000014836,1403900010882,140,8281,69,PP
Transporte Público,20,1412000014836,1409708223077,136,8281,5279,PP
Transporte Público,20,1412000014836,1409708223486,136,8281,5283,PP
Transporte Público,20,1412000014836,1412000011210,49,8281,8037,PP
Transporte Público,20,1412000015266,1412000011206,11,8305,8036,PP
Transporte Público,20,1412000015266,1412000012312,28,8305,8084,PP
Transporte Público,20,1412000015266,1412000012420,56,8305,8095,PP
Transporte Público,20,1412000015266,1412000013166,136,8305,8160,PP
Transporte Público,20,1412000015266,1412000013575,11,8305,8189,PP
Transporte Público,20,1412000015266,1412000013630,26,8305,8194,PP
Transporte Público,20,1412000015340,1412000014677,28,8312,8274,PP
Transporte Público,20,1412000015340,1412000016300,26,8312,8360,PP
Transporte Público,20,1412000015374,1412000010246,100,8315,8004,PP
Transporte Público,20,1412000015482,1403900010825,141,8320,63,PP
Transporte Público,20,1412000015497,1403900012446,27,8321,203,PP
Transporte Público,20,1412000015497,140700043090A,36,8321,3107,PP
Transporte Público,20,1412000015552,1409708843965,118,8325,5379,PP
Transporte Público,20,1412000015552,1412000015552,21,8325,8325,PP
Transporte Público,20,1412000015798,1412000011634,77,8335,8047,PP
Transporte Público,20,1412000015815,1412000012990,152,8337,8145,PP
Transporte Público,20,1412000015815,1412000016300,26,8337,8360,PP
Transporte Público,20,1412000016300,1412000014643,28,8360,8271,PP
Transporte Público,20,1412000016300,1412000014658,56,8360,8272,PP
Transporte Público,20,1412000016300,1412000015340,52,8360,8312,PP
Transporte Público,20,1412000016300,1412000017366,26,8360,8434,PP
Transporte Público,20,1412000016423,140973679,31,8364,5390,PP
Transporte Público,20,1412000016423,1403900012569,27,8364,210,PP
Transporte Público,20,1412000016423,1403900014048,125,8364,291,PP
Transporte Público,20,1412000016438,1403900014866,26,8365,363,PP
Transporte Público,20,1412000016512,1412000017120,18,8368,8417,PP
Transporte Público,20,1412000016512,141200001326A,62,8368,8167,PP
Transporte Público,20,1412000016546,1412002312026,75,8371,8465,PP
Transporte Público,20,1412000016550,1409800012381,95,8372,6129,PP
Transporte Público,20,1412000016550,1412000011795,100,8372,8055,PP
Transporte Público,20,1412000016550,1412000012647,100,8372,8115,PP
Transporte Público,20,1412000016599,1412001395995,7,8376,8458,PP
Transporte Público,20,1412000016599,141200758080A,33,8376,8539,PP
Transporte Público,20,1412000016635,1412002314145,14,8380,8475,PP
Transporte Público,20,1412000016739,1412002434713,7,8385,8517,PP
Transporte Público,20,1412000016743,1412000013378,62,8386,8174,PP
Transporte Público,20,1412000016758,1409704393895,31,8387,5235,PP
Transporte Público,20,1412000016758,1412000010212,62,8387,8001,PP
Transporte Público,20,1412000016758,1412000010617,62,8387,8014,PP
Transporte Público,20,1412000016828,1412000012844,54,8394,8132,PP
Transporte Público,20,1412000016828,140390001005A,43,8394,3,PP
Transporte Público,20,1412000016847,1412002315726,18,8396,8485,PP
Transporte Público,20,1412000017046,1412000016902,62,8409,8402,PP
Transporte Público,20,1412000017205,1412000010617,62,8423,8014,PP
Transporte Público,20,1412002065054,141200206504A,2,8462,8461,PP
Transporte Público,20,1412002312026,1412001395980,7,8465,8457,PP
Transporte Público,20,1412002313838,1412002314179,14,8470,8478,PP
Transporte Público,20,1412002314179,1412000012628,100,8478,8113,PP
Transporte Público,20,1412002314179,1412000013556,152,8478,8187,PP
Transporte Público,20,1412002315887,141200068,75,8489,8451,PP
Transporte Público,20,1412002315887,1412000011206,11,8489,8036,PP
Transporte Público,20,1412002315887,1412001395995,7,8489,8458,PP
Transporte Público,20,1412002315887,141200001326A,62,8489,8167,PP
Transporte Público,20,1412002316673,141200034,33,8502,8442,PP
Transporte Público,20,1412002434709,141205567,7,8516,8546,PP
Transporte Público,20,1412002434713,1409700340250,11,8517,5156,PP
Transporte Público,20,1412002434713,1412001395980,7,8517,8457,PP
Transporte Público,20,1412007580848,1412007580829,33,8542,8540,PP
Transporte Público,20,1412007630852,1412000011009,7,8543,8029,PP
Transporte Público,20,1412400010175,141240033,2,9005,9043,PP
Transporte Público,20,1412400010175,141240090,2,9005,9047,PP
Transporte Público,20,1412400010175,1405100020196,12,9005,2016,PP
Transporte Público,20,1412400010175,1405100020213,12,9005,2018,PP
Transporte Público,20,1412400010175,1410101902374,13,9005,7224,PP
Transporte Público,20,1412400010175,1412400010175,54,9005,9005,PP
Transporte Público,20,1412400010480,1412401760160,4,9030,9051,PP
Transporte Público,20,1412400010495,1410100010452,23,9031,7013,PP
Transporte Público,20,1412400010508,1405100020213,12,9032,2018,PP
Transporte Público,20,140390001005A,1409704241761,21,3,5232,PP
Transporte Público,20,140390001083A,1403900010276,128,64,15,PP
Transporte Público,20,140390001083A,1403900010736,228,64,55,PP
Transporte Público,20,140390001083A,1403900015277,140,64,403,PP
Transporte Público,20,140390001083A,1410100010147,10,64,7001,PP
Transporte Público,20,140390001083A,1412000013594,11,64,8190,PP
Transporte Público,20,140390001101A,1403900014048,125,81,291,PP
Transporte Público,20,140390001101A,1407000140859,36,81,3062,PP
Transporte Público,20,140390001101A,1409800011576,39,81,6072,PP
Transporte Público,20,140390001101A,1412000012774,54,81,8125,PP
Transporte Público,20,140390001119A,1403900010204,256,98,11,PP
Transporte Público,20,140390001119A,1403900010454,256,98,31,PP
Transporte Público,20,140390001119A,1403900010505,128,98,35,PP
Transporte Público,20,140390001119A,1403900010825,140,98,63,PP
Transporte Público,20,140390001119A,1403900013590,128,98,251,PP
Transporte Público,20,140390001119A,1403900013798,226,98,267,PP
Transporte Público,20,140390001119A,1410101932694,62,98,7226,PP
Transporte Público,20,140390001119A,140390001119A,111,98,98,PP
Transporte Público,20,140390001140A,141010001115A,62,116,7071,PP
Transporte Público,20,140390001158A,1403900012056,246,130,174,PP
Transporte Público,20,140390001165A,1409700092810,32,136,5051,PP
Transporte Público,20,140390001350A,1403900014616,125,243,342,PP
Transporte Público,20,140390001368A,1403900011823,114,258,151,PP
Transporte Público,20,140390001368A,1407000130365,36,258,3032,PP
Transporte Público,20,140390001368A,1409708333753,136,258,5321,PP
Transporte Público,20,140390001368A,140700043090A,36,258,3107,PP
Transporte Público,20,140390001400A,1412000010369,137,287,8008,PP
Transporte Público,20,140390001457A,1403900012696,136,338,221,PP
Transporte Público,20,140390001457A,1403900014067,68,338,293,PP
Transporte Público,20,140390001464A,1403900015559,93,345,430,PP
Transporte Público,20,140390001464A,1409704241761,42,345,5232,PP
Transporte Público,20,140390001464A,1409800011966,186,345,6101,PP
Transporte Público,20,140390001464A,1410101902374,13,345,7224,PP
Transporte Público,20,140390001464A,1412000011460,152,345,8044,PP
Transporte Público,20,140390001464A,1412000011526,21,345,8045,PP
Transporte Público,20,140390001496A,1403900010755,63,373,57,PP
Transporte Público,20,140390001507A,1403900013177,140,384,234,PP
Transporte Público,20,140390001507A,1403900014245,140,384,310,PP
Transporte Público,20,140390001553A,1412002315887,93,428,8489,PP
Transporte Público,20,140440002012A,140440026,15,1015,1032,PP
Transporte Público,20,140510001004A,141240090,2,2001,9047,PP
Transporte Público,20,140510001004A,1405100020213,12,2001,2018,PP
Transporte Público,20,140700014083A,1404400540416,15,3060,1034,PP
Transporte Público,20,140700014083A,1407000430308,36,3060,3097,PP
Transporte Público,20,140700014083A,1407000430651,9,3060,3103,PP
Transporte Público,20,140700014083A,14097059A,54,3060,5241,PP
Transporte Público,20,140700020126A,1407000201221,33,3078,3075,PP
Transporte Público,20,140700021076A,1409800011769,101,3085,6085,PP
Transporte Público,20,140700021101A,140980243,28,3088,6237,PP
Transporte Público,20,140700021101A,1407000210736,9,3088,3082,PP
Transporte Público,20,140700021101A,1407000210967,27,3088,3086,PP
Transporte Público,20,140700021101A,1407000431024,9,3088,3111,PP
Transporte Público,20,140700021101A,1407000431039,10,3088,3112,PP
Transporte Público,20,140700021101A,1407000431147,9,3088,3115,PP
Transporte Público,20,140700021101A,1410100011997,62,3088,7125,PP
Transporte Público,20,140700021101A,1412000015552,21,3088,8325,PP
Transporte Público,20,140700021101A,140700043090A,72,3088,3107,PP
Transporte Público,20,14070140A,1407000140219,36,3131,3044,PP
Transporte Público,20,14070140A,1407000200789,33,3131,3072,PP
Transporte Público,20,14070140A,1407000210736,18,3131,3082,PP
Transporte Público,20,14070140A,1407000210755,9,3131,3084,PP
Transporte Público,20,14070140A,1407000210967,9,3131,3086,PP
Transporte Público,20,14070140A,1407000430897,36,3131,3106,PP
Transporte Público,20,14070140A,14097059A,32,3131,5241,PP
Transporte Público,20,140970001212A,140970005034A,11,5024,5036,PP
Transporte Público,20,140970005034A,1409700053518,22,5036,5048,PP
Transporte Público,20,140970025080A,140980012,59,5098,6216,PP
Transporte Público,20,140970025080A,1409800142127,59,5098,6223,PP
Transporte Público,20,140970180123A,1409800010370,13,5225,6014,PP
Transporte Público,20,14097059A,1407000130327,72,5241,3030,PP
Transporte Público,20,14097059A,1407000140276,13,5241,3046,PP
Transporte Público,20,14097059A,1407000140844,36,5241,3061,PP
Transporte Público,20,14097059A,1407000210736,9,5241,3082,PP
Transporte Público,20,14097059A,1407000430897,36,5241,3106,PP
Transporte Público,20,14097059A,1409700053503,11,5241,5047,PP
Transporte Público,20,14097059A,1409704393880,31,5241,5234,PP
Transporte Público,20,14097059A,1409800011383,13,5241,6060,PP
Transporte Público,20,14097059A,1409800011716,52,5241,6082,PP
Transporte Público,20,14097059A,1412000014658,28,5241,8272,PP
Transporte Público,20,14097059A,140510001004A,1,5241,2001,PP
Transporte Público,20,14097059A,140700014083A,36,5241,3060,PP
Transporte Público,20,14097059A,140700021101A,54,5241,3088,PP
Transporte Público,20,140970822194A,140980001320A,54,5266,6198,PP
Transporte Público,20,140980001007A,1407000210736,9,6004,3082,PP
Transporte Público,20,140980001007A,1409800011379,202,6004,6059,PP
Transporte Público,20,140980001007A,1409800011824,13,6004,6091,PP
Transporte Público,20,140980001007A,1410100011323,82,6004,7084,PP
Transporte Público,20,140980001007A,1410100011592,23,6004,7104,PP
Transporte Público,20,140980001007A,1410100092586,62,6004,7190,PP
Transporte Público,20,140980001007A,1410101892656,82,6004,7221,PP
Transporte Público,20,140980001007A,1412000013236,137,6004,8166,PP
Transporte Público,20,140980001007A,1412000014234,137,6004,8232,PP
Transporte Público,20,140980001007A,140510001004A,1,6004,2001,PP
Transporte Público,20,140980001007A,140980001110A,303,6004,6041,PP
Transporte Público,20,140980001053A,1409708634145,32,6019,5369,PP
Transporte Público,20,140980001053A,1409800011769,101,6019,6085,PP
Transporte Público,20,140980001053A,1409800012930,13,6019,6177,PP
Transporte Público,20,140980001053A,1410100010931,82,6019,7051,PP
Transporte Público,20,140980001053A,1410100092393,62,6019,7185,PP
Transporte Público,20,140980001135A,1412000016599,454,6057,8376,PP
Transporte Público,20,140980001142A,1407000210736,9,6062,3082,PP
Transporte Público,20,140980001167A,1409800012714,52,6079,6157,PP
Transporte Público,20,140980001217A,1405100020196,12,6114,2016,PP
Transporte Público,20,140980001320A,1409700350138,54,6198,5169,PP
Transporte Público,20,140980001320A,1409800013267,52,6198,6201,PP
Transporte Público,20,141010001019A,1410100010310,82,7003,7005,PP
Transporte Público,20,141010001040A,1410100010537,10,7010,7020,PP
Transporte Público,20,141010001065A,141010001065A,82,7030,7030,PP
Transporte Público,20,141010001097A,1409800012822,101,7055,6168,PP
Transporte Público,20,141010001097A,1410100010950,164,7055,7053,PP
Transporte Público,20,141010001097A,1410100011003,82,7055,7058,PP
Transporte Público,20,141010001097A,1410100011126,23,7055,7068,PP
Transporte Público,20,141010001097A,1410100011554,13,7055,7100,PP
Transporte Público,20,141010001097A,1410100011592,23,7055,7104,PP
Transporte Público,20,141010026186A,1410100011268,10,7205,7078,PP
Transporte Público,20,141200001027A,1412000013397,200,8006,8176,PP
Transporte Público,20,141200001066A,140440011,15,8018,1031,PP
Transporte Público,20,141200001066A,1403900013340,68,8018,239,PP
Transporte Público,20,141200001066A,1403900014616,250,8018,342,PP
Transporte Público,20,141200001066A,1407000131429,54,8018,3038,PP
Transporte Público,20,141200001066A,1407000140469,36,8018,3051,PP
Transporte Público,20,141200001066A,1409700250462,28,8018,5090,PP
Transporte Público,20,141200001066A,1409700320180,59,8018,5136,PP
Transporte Público,20,141200001066A,1409708441704,59,8018,5347,PP
Transporte Público,20,141200001066A,1409800140027,59,8018,6217,PP
Transporte Público,20,141200001066A,1410100010594,62,8018,7024,PP
Transporte Público,20,141200001066A,1410100011323,82,8018,7084,PP
Transporte Público,20,141200001066A,1410100012054,82,8018,7131,PP
Transporte Público,20,141200001066A,1410100091802,62,8018,7159,PP
Transporte Público,20,141200001066A,1412000011526,21,8018,8045,PP
Transporte Público,20,141200001066A,1412000013556,152,8018,8187,PP
Transporte Público,20,141200001066A,1412000014431,152,8018,8252,PP
Transporte Público,20,141200001066A,1412000015459,152,8018,8317,PP
Transporte Público,20,141200001066A,1412000016141,26,8018,8356,PP
Transporte Público,20,141200001066A,140390001254A,68,8018,208,PP
Transporte Público,20,141200001066A,140390001368A,27,8018,258,PP
Transporte Público,20,141200001066A,140980001256A,93,8018,6145,PP
Transporte Público,20,141200001098A,1403900010929,43,8027,72,PP
Transporte Público,20,141200001098A,1403900011113,114,8027,90,PP
Transporte Público,20,141200001098A,1403900011382,126,8027,114,PP
Transporte Público,20,141200001098A,1403900011823,114,8027,151,PP
Transporte Público,20,141200001098A,1403900013209,140,8027,235,PP
Transporte Público,20,141200001098A,1403900014476,131,8027,328,PP
Transporte Público,20,141200001098A,1403900015099,234,8027,386,PP
Transporte Público,20,141200001098A,1403900015188,262,8027,395,PP
Transporte Público,20,141200001098A,1407000200191,59,8027,3066,PP
Transporte Público,20,141200001098A,1410100010202,131,8027,7004,PP
Transporte Público,20,141200001098A,1410100010700,234,8027,7032,PP
Transporte Público,20,141200001098A,1412000010369,77,8027,8008,PP
Transporte Público,20,141200001098A,1412000011193,49,8027,8035,PP
Transporte Público,20,141200001098A,1412000011653,77,8027,8049,PP
Transporte Público,20,141200001098A,1412000011899,95,8027,8063,PP
Transporte Público,20,141200001098A,1412000012488,29,8027,8101,PP
Transporte Público,20,141200001098A,1412000012774,54,8027,8125,PP
Transporte Público,20,141200001098A,1412000013043,77,8027,8149,PP
Transporte Público,20,141200001098A,1412000013791,27,8027,8208,PP
Transporte Público,20,141200001098A,1412000013876,54,8027,8213,PP
Transporte Público,20,141200001098A,1412000014889,174,8027,8286,PP
Transporte Público,20,141200001098A,1412000016071,53,8027,8350,PP
Transporte Público,20,141200001098A,1412000016175,53,8027,8357,PP
Transporte Público,20,141200001098A,1412000016508,18,8027,8367,PP
Transporte Público,20,141200001098A,1412000017116,53,8027,8416,PP
Transporte Público,20,141200001098A,1412000017135,75,8027,8418,PP
Transporte Público,20,141200001098A,141200001116A,49,8027,8033,PP
Transporte Público,20,141200001098A,141200001422A,154,8027,8231,PP
Transporte Público,20,141200001237A,1412000010602,26,8090,8013,PP
Transporte Público,20,141200001283A,1412000015533,54,8131,8323,PP
Transporte Público,20,141200001319A,1403900015436,186,8163,419,PP
Transporte Público,20,141200001319A,1412000011579,100,8163,8046,PP
Transporte Público,20,141200001340A,1412000012488,16,8177,8101,PP
Transporte Público,20,141200001372A,1412000015162,27,8203,8298,PP
Transporte Público,20,141200001422A,1403900010435,63,8231,29,PP
Transporte Público,20,141200001422A,1412000010994,77,8231,8028,PP
Transporte Público,20,141200001422A,1412000011121,100,8231,8031,PP
Transporte Público,20,141200001447A,1403900012713,27,8256,223,PP
Transporte Público,20,141200001454A,1412000012308,28,8263,8083,PP
Transporte Público,20,141200001454A,1412000014535,304,8263,8262,PP
Transporte Público,20,141200001664A,1412000014060,53,8381,8219,PP
Transporte Público,20,141200001707A,1412000013151,26,8412,8159,PP
Transporte Público,20,141200231205A,141200758080A,33,8467,8539,PP
Transporte Público,20,99999000A,1407000430651,9,10002,3103,PP
Transporte Público,20,99999000A,140700014044A,36,10002,3049,PP
